"../../../Engine/Plugins/Animation/ACLPlugin/Content/ACLAnimCurveCompressionSettings.uasset" 0
"../../../Engine/Plugins/Animation/ACLPlugin/Content/ACLAnimCurveCompressionSettings.uexp" 1
"../../../Engine/Plugins/Animation/ACLPlugin/Content/ACLAnimBoneCompressionSettings.uasset" 2
"../../../Engine/Plugins/Animation/ACLPlugin/Content/ACLAnimBoneCompressionSettings.uexp" 3
"../../../Engine/Plugins/2D/Paper2D/Content/PlaceholderTextures/DummySpriteTexture.ubulk" 4
"../../../Engine/Plugins/2D/Paper2D/Content/PlaceholderTextures/DummySpriteTexture.uasset" 5
"../../../Engine/Plugins/2D/Paper2D/Content/PlaceholderTextures/DummySpriteTexture.uexp" 6
"../../../Engine/Plugins/2D/Paper2D/Content/DummySprite.uasset" 7
"../../../Engine/Plugins/2D/Paper2D/Content/DummySprite.uexp" 8
"../../../Engine/Plugins/2D/Paper2D/Content/DefaultPaperTerrainMaterial.uasset" 9
"../../../Engine/Plugins/2D/Paper2D/Content/DefaultPaperTerrainMaterial.uexp" 10
"../../../Engine/Plugins/Interchange/Runtime/Content/Pipelines/DefaultTexturePipeline.uasset" 11
"../../../Engine/Plugins/Interchange/Runtime/Content/Pipelines/DefaultTexturePipeline.uexp" 12
"../../../Engine/Plugins/Interchange/Runtime/Content/Pipelines/DefaultSceneLevelPipeline.uasset" 13
"../../../Engine/Plugins/Interchange/Runtime/Content/Pipelines/DefaultSceneLevelPipeline.uexp" 14
"../../../Engine/Plugins/Interchange/Runtime/Content/Pipelines/DefaultSceneAssetsPipeline.uasset" 15
"../../../Engine/Plugins/Interchange/Runtime/Content/Pipelines/DefaultSceneAssetsPipeline.uexp" 16
"../../../Engine/Plugins/Interchange/Runtime/Content/Pipelines/DefaultMaterialXPipeline.uasset" 17
"../../../Engine/Plugins/Interchange/Runtime/Content/Pipelines/DefaultMaterialXPipeline.uexp" 18
"../../../Engine/Plugins/Interchange/Runtime/Content/Pipelines/DefaultMaterialPipeline.uasset" 19
"../../../Engine/Plugins/Interchange/Runtime/Content/Pipelines/DefaultMaterialPipeline.uexp" 20
"../../../Engine/Plugins/Interchange/Runtime/Content/Pipelines/DefaultGLTFSceneAssetsPipeline.uasset" 21
"../../../Engine/Plugins/Interchange/Runtime/Content/Pipelines/DefaultGLTFSceneAssetsPipeline.uexp" 22
"../../../Engine/Plugins/Interchange/Runtime/Content/Pipelines/DefaultGLTFPipeline.uasset" 23
"../../../Engine/Plugins/Interchange/Runtime/Content/Pipelines/DefaultGLTFPipeline.uexp" 24
"../../../Engine/Plugins/Interchange/Runtime/Content/Pipelines/DefaultGLTFAssetsPipeline.uasset" 25
"../../../Engine/Plugins/Interchange/Runtime/Content/Pipelines/DefaultGLTFAssetsPipeline.uexp" 26
"../../../Engine/Plugins/Interchange/Runtime/Content/Pipelines/DefaultAssetsPipeline.uasset" 27
"../../../Engine/Plugins/Interchange/Runtime/Content/Pipelines/DefaultAssetsPipeline.uexp" 28
"../../../Engine/Plugins/Animation/ControlRig/Content/Controls/DefaultGizmoLibraryNormalized.uasset" 29
"../../../Engine/Plugins/Animation/ControlRig/Content/Controls/DefaultGizmoLibraryNormalized.uexp" 30
"../../../Engine/Content/EngineSounds/Master.uasset" 31
"../../../Engine/Content/EngineSounds/Master.uexp" 32
"../../../Engine/Content/EngineMaterials/DefaultDestructiblePhysicalMaterial.uasset" 33
"../../../Engine/Content/EngineMaterials/DefaultDestructiblePhysicalMaterial.uexp" 34
"../../../Engine/Content/EngineFonts/Faces/DroidSansFallback.uexp" 35
"../../../Engine/Content/EngineFonts/Faces/DroidSansFallback.uasset" 36
"../../../Engine/Content/EngineFonts/Faces/DroidSansFallback.ufont" 37
"../../../Engine/Content/EngineFonts/Faces/RobotoBold.uexp" 38
"../../../Engine/Content/EngineFonts/Faces/RobotoBold.uasset" 39
"../../../Engine/Content/EngineFonts/Faces/RobotoBold.ufont" 40
"../../../Engine/Content/EngineFonts/Faces/RobotoBoldItalic.uexp" 41
"../../../Engine/Content/EngineFonts/Faces/RobotoBoldItalic.uasset" 42
"../../../Engine/Content/EngineFonts/Faces/RobotoBoldItalic.ufont" 43
"../../../Engine/Content/EngineFonts/Faces/RobotoItalic.uexp" 44
"../../../Engine/Content/EngineFonts/Faces/RobotoItalic.uasset" 45
"../../../Engine/Content/EngineFonts/Faces/RobotoItalic.ufont" 46
"../../../Engine/Content/EngineFonts/Faces/RobotoLight.uexp" 47
"../../../Engine/Content/EngineFonts/Faces/RobotoLight.uasset" 48
"../../../Engine/Content/EngineFonts/Faces/RobotoLight.ufont" 49
"../../../Engine/Content/EngineFonts/Faces/RobotoRegular.uexp" 50
"../../../Engine/Content/EngineFonts/Faces/RobotoRegular.uasset" 51
"../../../Engine/Content/EngineFonts/Faces/RobotoRegular.ufont" 52
"../../../Engine/Content/EngineFonts/Roboto.uasset" 53
"../../../Engine/Content/EngineFonts/Roboto.uexp" 54
"../../../Engine/Content/EngineFonts/Faces/DroidSansMono.uexp" 55
"../../../Engine/Content/EngineFonts/Faces/DroidSansMono.uasset" 56
"../../../Engine/Content/EngineFonts/Faces/DroidSansMono.ufont" 57
"../../../Engine/Content/EngineFonts/DroidSansMono.uasset" 58
"../../../Engine/Content/EngineFonts/DroidSansMono.uexp" 59
"../../../Engine/Content/Animation/DefaultVariableFrameStrippingSettings.uasset" 60
"../../../Engine/Content/Animation/DefaultVariableFrameStrippingSettings.uexp" 61
"../../../Engine/Content/Animation/DefaultRecorderBoneCompression.uasset" 62
"../../../Engine/Content/Animation/DefaultRecorderBoneCompression.uexp" 63
"../../../Engine/Content/EngineResources/GradientTexture0.uasset" 64
"../../../Engine/Content/EngineResources/GradientTexture0.uexp" 65
"../../../Engine/Content/EngineResources/Black.uasset" 66
"../../../Engine/Content/EngineResources/Black.uexp" 67
"../../../Engine/Content/EditorResources/S_Actor.ubulk" 68
"../../../Engine/Content/EditorResources/S_Actor.uasset" 69
"../../../Engine/Content/EditorResources/S_Actor.uexp" 70
"../../../Engine/Content/EditorResources/S_Trigger.ubulk" 71
"../../../Engine/Content/EditorResources/S_Trigger.uasset" 72
"../../../Engine/Content/EditorResources/S_Trigger.uexp" 73
"../../../Engine/Content/EditorResources/S_BoxReflectionCapture.uasset" 74
"../../../Engine/Content/EditorResources/S_BoxReflectionCapture.uexp" 75
"../../../Engine/Content/EngineResources/DefaultTexture.ubulk" 76
"../../../Engine/Content/EngineResources/DefaultTexture.uasset" 77
"../../../Engine/Content/EngineResources/DefaultTexture.uexp" 78
"../../../Engine/Content/EditorResources/S_TriggerBox.uasset" 79
"../../../Engine/Content/EditorResources/S_TriggerBox.uexp" 80
"../../../Engine/Content/EditorResources/S_TriggerCapsule.uasset" 81
"../../../Engine/Content/EditorResources/S_TriggerCapsule.uexp" 82
"../../../Engine/Content/EditorResources/S_TriggerSphere.uasset" 83
"../../../Engine/Content/EditorResources/S_TriggerSphere.uexp" 84
"../../../Engine/Content/EngineMeshes/Sphere.ubulk" 85
"../../../Engine/Content/EngineMeshes/Sphere.uasset" 86
"../../../Engine/Content/EngineMeshes/Sphere.uexp" 87
"../../../Engine/Content/EngineResources/DefaultTextureCube.uasset" 88
"../../../Engine/Content/EngineResources/DefaultTextureCube.uexp" 89
"../../../Engine/Plugins/2D/Paper2D/Content/DefaultSpriteMaterial.uasset" 90
"../../../Engine/Plugins/2D/Paper2D/Content/DefaultSpriteMaterial.uexp" 91
"../../../Engine/Plugins/2D/Paper2D/Content/OpaqueUnlitSpriteMaterial.uasset" 92
"../../../Engine/Plugins/2D/Paper2D/Content/OpaqueUnlitSpriteMaterial.uexp" 93
"../../../Engine/Plugins/2D/Paper2D/Content/MaskedUnlitSpriteMaterial.uasset" 94
"../../../Engine/Plugins/2D/Paper2D/Content/MaskedUnlitSpriteMaterial.uexp" 95
"../../../Engine/Plugins/NNE/NNEDenoiser/Content/NNE_oidn2-3-0_rt_hdr_calb_cnrm_large__dyn__fp16_opset11_ForwardAlpha.uasset" 96
"../../../Engine/Plugins/NNE/NNEDenoiser/Content/NNE_oidn2-3-0_rt_hdr_calb_cnrm_large__dyn__fp16_opset11_ForwardAlpha.uexp" 97
"../../../Engine/Plugins/NNE/NNEDenoiser/Content/NNE_oidn2-3-0_rt_hdr_calb_cnrm_large__dyn__fp16_opset11_DenoiseAlpha.uasset" 98
"../../../Engine/Plugins/NNE/NNEDenoiser/Content/NNE_oidn2-3-0_rt_hdr_calb_cnrm_large__dyn__fp16_opset11_DenoiseAlpha.uexp" 99
"../../../Engine/Plugins/NNE/NNEDenoiser/Content/NNE_oidn2-3-0_rt_hdr_alb_nrm__dyn__fp16_opset11_ForwardAlpha.uasset" 100
"../../../Engine/Plugins/NNE/NNEDenoiser/Content/NNE_oidn2-3-0_rt_hdr_alb_nrm__dyn__fp16_opset11_ForwardAlpha.uexp" 101
"../../../Engine/Plugins/NNE/NNEDenoiser/Content/NNE_oidn2-3-0_rt_hdr_alb_nrm__dyn__fp16_opset11_DenoiseAlpha.uasset" 102
"../../../Engine/Plugins/NNE/NNEDenoiser/Content/NNE_oidn2-3-0_rt_hdr_alb_nrm__dyn__fp16_opset11_DenoiseAlpha.uexp" 103
"../../../Engine/Plugins/NNE/NNEDenoiser/Content/NNE_oidn2-3-0_rt_hdr_alb_nrm_small__dyn__fp16_opset11_ForwardAlpha.uasset" 104
"../../../Engine/Plugins/NNE/NNEDenoiser/Content/NNE_oidn2-3-0_rt_hdr_alb_nrm_small__dyn__fp16_opset11_ForwardAlpha.uexp" 105
"../../../Engine/Plugins/NNE/NNEDenoiser/Content/NNE_oidn2-3-0_rt_hdr_alb_nrm_small__dyn__fp16_opset11_DenoiseAlpha.uasset" 106
"../../../Engine/Plugins/NNE/NNEDenoiser/Content/NNE_oidn2-3-0_rt_hdr_alb_nrm_small__dyn__fp16_opset11_DenoiseAlpha.uexp" 107
"../../../Engine/Plugins/NNE/NNEDenoiser/Content/NNEDTOM_Output_Default.uasset" 108
"../../../Engine/Plugins/NNE/NNEDenoiser/Content/NNEDTOM_Output_Default.uexp" 109
"../../../Engine/Plugins/NNE/NNEDenoiser/Content/NNEDTOM_Output_Alpha.uasset" 110
"../../../Engine/Plugins/NNE/NNEDenoiser/Content/NNEDTOM_Output_Alpha.uexp" 111
"../../../Engine/Plugins/NNE/NNEDenoiser/Content/NNEDTIM_ColorAlbedoNormal_Default.uasset" 112
"../../../Engine/Plugins/NNE/NNEDenoiser/Content/NNEDTIM_ColorAlbedoNormal_Default.uexp" 113
"../../../Engine/Plugins/NNE/NNEDenoiser/Content/NNEDTIM_ColorAlbedoNormal_Alpha.uasset" 114
"../../../Engine/Plugins/NNE/NNEDenoiser/Content/NNEDTIM_ColorAlbedoNormal_Alpha.uexp" 115
"../../../Engine/Plugins/NNE/NNEDenoiser/Content/NNEDOM_Output_Default.uasset" 116
"../../../Engine/Plugins/NNE/NNEDenoiser/Content/NNEDOM_Output_Default.uexp" 117
"../../../Engine/Plugins/NNE/NNEDenoiser/Content/NNEDOM_Output_Alpha.uasset" 118
"../../../Engine/Plugins/NNE/NNEDenoiser/Content/NNEDOM_Output_Alpha.uexp" 119
"../../../Engine/Plugins/NNE/NNEDenoiser/Content/NNEDIM_HighQuality_Default.uasset" 120
"../../../Engine/Plugins/NNE/NNEDenoiser/Content/NNEDIM_HighQuality_Default.uexp" 121
"../../../Engine/Plugins/NNE/NNEDenoiser/Content/NNEDIM_HighQuality_Alpha.uasset" 122
"../../../Engine/Plugins/NNE/NNEDenoiser/Content/NNEDIM_HighQuality_Alpha.uexp" 123
"../../../Engine/Plugins/NNE/NNEDenoiser/Content/NNEDIM_ColorAlbedoNormal_Default.uasset" 124
"../../../Engine/Plugins/NNE/NNEDenoiser/Content/NNEDIM_ColorAlbedoNormal_Default.uexp" 125
"../../../Engine/Plugins/NNE/NNEDenoiser/Content/NNEDIM_ColorAlbedoNormal_Alpha.uasset" 126
"../../../Engine/Plugins/NNE/NNEDenoiser/Content/NNEDIM_ColorAlbedoNormal_Alpha.uexp" 127
"../../../Engine/Content/EngineMaterials/T_Default_Material_Grid_M.ubulk" 128
"../../../Engine/Content/EngineMaterials/T_Default_Material_Grid_M.uasset" 129
"../../../Engine/Content/EngineMaterials/T_Default_Material_Grid_M.uexp" 130
"../../../Engine/Content/Functions/Engine_MaterialFunctions01/Opacity/CameraDepthFade.uasset" 131
"../../../Engine/Content/Functions/Engine_MaterialFunctions01/Opacity/CameraDepthFade.uexp" 132
"../../../Engine/Content/EngineMaterials/T_Default_Material_Grid_N.ubulk" 133
"../../../Engine/Content/EngineMaterials/T_Default_Material_Grid_N.uasset" 134
"../../../Engine/Content/EngineMaterials/T_Default_Material_Grid_N.uexp" 135
"../../../Engine/Content/EngineMaterials/WorldGridMaterial.uasset" 136
"../../../Engine/Content/EngineMaterials/WorldGridMaterial.uexp" 137
"../../../Engine/Plugins/Media/MediaPlate/Content/SM_MediaPlateScreen.ubulk" 138
"../../../Engine/Plugins/Media/MediaPlate/Content/SM_MediaPlateScreen.uasset" 139
"../../../Engine/Plugins/Media/MediaPlate/Content/SM_MediaPlateScreen.uexp" 140
"../../../Engine/Content/Functions/Engine_MaterialFunctions02/WorldPositionOffset/CameraOffset.uasset" 141
"../../../Engine/Content/Functions/Engine_MaterialFunctions02/WorldPositionOffset/CameraOffset.uexp" 142
"../../../Engine/Plugins/Animation/ControlRig/Content/M_Manip.uasset" 143
"../../../Engine/Plugins/Animation/ControlRig/Content/M_Manip.uexp" 144
"C:/Users/marco/Documents/Unreal Projects/Propulsive_Momentum/Content/LevelPrototyping/Materials/M_FlatCol.uasset" 145
"C:/Users/marco/Documents/Unreal Projects/Propulsive_Momentum/Content/LevelPrototyping/Materials/M_FlatCol.uexp" 146
"C:/Users/marco/Documents/Unreal Projects/Propulsive_Momentum/Content/LevelPrototyping/Materials/MI_DefaultColorway.uasset" 147
"C:/Users/marco/Documents/Unreal Projects/Propulsive_Momentum/Content/LevelPrototyping/Materials/MI_DefaultColorway.uexp" 148
"C:/Users/marco/Documents/Unreal Projects/Propulsive_Momentum/Content/ThirdPerson/MI_ThirdPersonColWay.uasset" 149
"C:/Users/marco/Documents/Unreal Projects/Propulsive_Momentum/Content/ThirdPerson/MI_ThirdPersonColWay.uexp" 150
"../../../Engine/Plugins/VirtualProduction/CameraCalibrationCore/Content/Materials/M_DefaultOddSquare.uasset" 151
"../../../Engine/Plugins/VirtualProduction/CameraCalibrationCore/Content/Materials/M_DefaultOddSquare.uexp" 152
"../../../Engine/Plugins/VirtualProduction/CameraCalibrationCore/Content/Materials/M_DefaultEvenSquare.uasset" 153
"../../../Engine/Plugins/VirtualProduction/CameraCalibrationCore/Content/Materials/M_DefaultEvenSquare.uexp" 154
"../../../Engine/Plugins/Runtime/HairStrands/Content/Materials/HairMeshesDefaultMaterial.uasset" 155
"../../../Engine/Plugins/Runtime/HairStrands/Content/Materials/HairMeshesDefaultMaterial.uexp" 156
"../../../Engine/Plugins/Runtime/HairStrands/Content/Materials/HairDefaultMaterial.uasset" 157
"../../../Engine/Plugins/Runtime/HairStrands/Content/Materials/HairDefaultMaterial.uexp" 158
"../../../Engine/Content/Functions/Engine_MaterialFunctions02/Utility/MakeFloat2.uasset" 159
"../../../Engine/Content/Functions/Engine_MaterialFunctions02/Utility/MakeFloat2.uexp" 160
"../../../Engine/Content/Functions/Engine_MaterialFunctions02/Utility/MakeFloat3.uasset" 161
"../../../Engine/Content/Functions/Engine_MaterialFunctions02/Utility/MakeFloat3.uexp" 162
"../../../Engine/Content/EngineMaterials/HairDebugColor.uasset" 163
"../../../Engine/Content/EngineMaterials/HairDebugColor.uexp" 164
"../../../Engine/Content/EngineMaterials/HairColorMap.uasset" 165
"../../../Engine/Content/EngineMaterials/HairColorMap.uexp" 166
"../../../Engine/Plugins/Runtime/HairStrands/Content/Materials/HairGroupColors.uasset" 167
"../../../Engine/Plugins/Runtime/HairStrands/Content/Materials/HairGroupColors.uexp" 168
"../../../Engine/Plugins/Runtime/HairStrands/Content/Materials/HairDebugMaterial.uasset" 169
"../../../Engine/Plugins/Runtime/HairStrands/Content/Materials/HairDebugMaterial.uexp" 170
"../../../Engine/Plugins/Runtime/HairStrands/Content/Materials/HairCardsDefaultMaterial.uasset" 171
"../../../Engine/Plugins/Runtime/HairStrands/Content/Materials/HairCardsDefaultMaterial.uexp" 172
"../../../Engine/Plugins/Runtime/AudioWidgets/Content/Resources/ScrubHandleDown_Clamped.uasset" 173
"../../../Engine/Plugins/Runtime/AudioWidgets/Content/Resources/ScrubHandleDown_Clamped.uexp" 174
"../../../Engine/Plugins/Interchange/Assets/Content/Functions/MX_UsdPreviewSurface.uasset" 175
"../../../Engine/Plugins/Interchange/Assets/Content/Functions/MX_UsdPreviewSurface.uexp" 176
"../../../Engine/Plugins/Interchange/Assets/Content/Functions/MX_UniformEDF.uasset" 177
"../../../Engine/Plugins/Interchange/Assets/Content/Functions/MX_UniformEDF.uexp" 178
"../../../Engine/Plugins/Interchange/Assets/Content/Functions/MX_TranslucentBSDF.uasset" 179
"../../../Engine/Plugins/Interchange/Assets/Content/Functions/MX_TranslucentBSDF.uexp" 180
"../../../Engine/Plugins/Interchange/Assets/Content/Functions/MX_ThinFilmBSDF.uasset" 181
"../../../Engine/Plugins/Interchange/Assets/Content/Functions/MX_ThinFilmBSDF.uexp" 182
"../../../Engine/Plugins/Interchange/Assets/Content/Functions/MX_SurfaceUnlit.uasset" 183
"../../../Engine/Plugins/Interchange/Assets/Content/Functions/MX_SurfaceUnlit.uexp" 184
"../../../Engine/Plugins/Interchange/Assets/Content/Functions/MX_Surface.uasset" 185
"../../../Engine/Plugins/Interchange/Assets/Content/Functions/MX_Surface.uexp" 186
"../../../Engine/Plugins/Interchange/Assets/Content/Functions/MX_SubsurfaceBSDF.uasset" 187
"../../../Engine/Plugins/Interchange/Assets/Content/Functions/MX_SubsurfaceBSDF.uexp" 188
"../../../Engine/Plugins/Interchange/Assets/Content/Functions/MX_SheenBSDF.uasset" 189
"../../../Engine/Plugins/Interchange/Assets/Content/Functions/MX_SheenBSDF.uexp" 190
"../../../Engine/Plugins/Interchange/Assets/Content/Functions/MX_OrenNayarBSDF.uasset" 191
"../../../Engine/Plugins/Interchange/Assets/Content/Functions/MX_OrenNayarBSDF.uexp" 192
"../../../Engine/Plugins/Interchange/Assets/Content/Functions/MF_IridescenceNoLUT.uasset" 193
"../../../Engine/Plugins/Interchange/Assets/Content/Functions/MF_IridescenceNoLUT.uexp" 194
"../../../Engine/Plugins/Interchange/Assets/Content/Functions/MX_StandardSurface.uasset" 195
"../../../Engine/Plugins/Interchange/Assets/Content/Functions/MX_StandardSurface.uexp" 196
"../../../Engine/Plugins/Interchange/Assets/Content/Functions/MX_TransmissionSurface.uasset" 197
"../../../Engine/Plugins/Interchange/Assets/Content/Functions/MX_TransmissionSurface.uexp" 198
"../../../Engine/Plugins/Interchange/Assets/Content/Functions/MX_OpenPBR_Translucent.uasset" 199
"../../../Engine/Plugins/Interchange/Assets/Content/Functions/MX_OpenPBR_Translucent.uexp" 200
"../../../Engine/Plugins/Interchange/Assets/Content/Functions/MX_OpenPBR_Opaque.uasset" 201
"../../../Engine/Plugins/Interchange/Assets/Content/Functions/MX_OpenPBR_Opaque.uexp" 202
"../../../Engine/Plugins/Interchange/Assets/Content/Functions/MX_MeasuredEDF.uasset" 203
"../../../Engine/Plugins/Interchange/Assets/Content/Functions/MX_MeasuredEDF.uexp" 204
"../../../Engine/Plugins/Interchange/Assets/Content/Functions/MX_GeneralizedSchlickBSDF.uasset" 205
"../../../Engine/Plugins/Interchange/Assets/Content/Functions/MX_GeneralizedSchlickBSDF.uexp" 206
"../../../Engine/Plugins/Interchange/Assets/Content/Functions/MX_Displacement.uasset" 207
"../../../Engine/Plugins/Interchange/Assets/Content/Functions/MX_Displacement.uexp" 208
"../../../Engine/Plugins/Interchange/Assets/Content/Functions/MX_DielectricBSDF.uasset" 209
"../../../Engine/Plugins/Interchange/Assets/Content/Functions/MX_DielectricBSDF.uexp" 210
"../../../Engine/Plugins/Interchange/Assets/Content/Functions/MX_ConicalEDF.uasset" 211
"../../../Engine/Plugins/Interchange/Assets/Content/Functions/MX_ConicalEDF.uexp" 212
"../../../Engine/Plugins/Interchange/Assets/Content/Functions/MX_ConductorBSDF.uasset" 213
"../../../Engine/Plugins/Interchange/Assets/Content/Functions/MX_ConductorBSDF.uexp" 214
"../../../Engine/Plugins/Interchange/Assets/Content/Functions/MX_BurleyDiffuseBSDF.uasset" 215
"../../../Engine/Plugins/Interchange/Assets/Content/Functions/MX_BurleyDiffuseBSDF.uexp" 216
"../../../Engine/Plugins/Interchange/Assets/Content/Functions/MX_AnisotropicVDF.uasset" 217
"../../../Engine/Plugins/Interchange/Assets/Content/Functions/MX_AnisotropicVDF.uexp" 218
"../../../Engine/Plugins/Interchange/Assets/Content/Functions/MX_AbsorptionVDF.uasset" 219
"../../../Engine/Plugins/Interchange/Assets/Content/Functions/MX_AbsorptionVDF.uexp" 220
"../../../Engine/Content/Functions/Engine_MaterialFunctions02/Utility/VectorLength.uasset" 221
"../../../Engine/Content/Functions/Engine_MaterialFunctions02/Utility/VectorLength.uexp" 222
"../../../Engine/Content/Functions/Engine_MaterialFunctions02/WorldPositionOffset/ObjectScale.uasset" 223
"../../../Engine/Content/Functions/Engine_MaterialFunctions02/WorldPositionOffset/ObjectScale.uexp" 224
"../../../Engine/Content/Functions/Engine_MaterialFunctions02/Utility/BreakOutFloat3Components.uasset" 225
"../../../Engine/Content/Functions/Engine_MaterialFunctions02/Utility/BreakOutFloat3Components.uexp" 226
"../../../Engine/Content/Functions/Engine_MaterialFunctions02/SafeNormalize.uasset" 227
"../../../Engine/Content/Functions/Engine_MaterialFunctions02/SafeNormalize.uexp" 228
"../../../Engine/Plugins/Editor/SpeedTreeImporter/Content/SpeedTree9/UnpackInteger3.uasset" 229
"../../../Engine/Plugins/Editor/SpeedTreeImporter/Content/SpeedTree9/UnpackInteger3.uexp" 230
"../../../Engine/Plugins/Editor/SpeedTreeImporter/Content/SpeedTree9/UnpackDirection.uasset" 231
"../../../Engine/Plugins/Editor/SpeedTreeImporter/Content/SpeedTree9/UnpackDirection.uexp" 232
"../../../Engine/Plugins/Editor/SpeedTreeImporter/Content/SpeedTree9/game_wind_noise.ubulk" 233
"../../../Engine/Plugins/Editor/SpeedTreeImporter/Content/SpeedTree9/game_wind_noise.uasset" 234
"../../../Engine/Plugins/Editor/SpeedTreeImporter/Content/SpeedTree9/game_wind_noise.uexp" 235
"../../../Engine/Plugins/Editor/SpeedTreeImporter/Content/SpeedTree9/SpeedTreeWindMotion.uasset" 236
"../../../Engine/Plugins/Editor/SpeedTreeImporter/Content/SpeedTree9/SpeedTreeWindMotion.uexp" 237
"../../../Engine/Plugins/Editor/SpeedTreeImporter/Content/SpeedTree9/SpeedTreeBranchMotion.uasset" 238
"../../../Engine/Plugins/Editor/SpeedTreeImporter/Content/SpeedTree9/SpeedTreeBranchMotion.uexp" 239
"../../../Engine/Content/Functions/Engine_MaterialFunctions02/ObjectLocalBounds.uasset" 240
"../../../Engine/Content/Functions/Engine_MaterialFunctions02/ObjectLocalBounds.uexp" 241
"../../../Engine/Content/Functions/Engine_MaterialFunctions02/UVs/BoundingBoxBased_0-1_UVW.uasset" 242
"../../../Engine/Content/Functions/Engine_MaterialFunctions02/UVs/BoundingBoxBased_0-1_UVW.uexp" 243
"../../../Engine/Plugins/Editor/SpeedTreeImporter/Content/SpeedTree9/SpeedTreeWind.uasset" 244
"../../../Engine/Plugins/Editor/SpeedTreeImporter/Content/SpeedTree9/SpeedTreeWind.uexp" 245
"../../../Engine/Plugins/Editor/SpeedTreeImporter/Content/SpeedTree9/SpeedTreeCameraFacing.uasset" 246
"../../../Engine/Plugins/Editor/SpeedTreeImporter/Content/SpeedTree9/SpeedTreeCameraFacing.uexp" 247
"../../../Engine/Plugins/Editor/SpeedTreeImporter/Content/SpeedTree9/EmptyNormal.uasset" 248
"../../../Engine/Plugins/Editor/SpeedTreeImporter/Content/SpeedTree9/EmptyNormal.uexp" 249
"../../../Engine/Plugins/Editor/SpeedTreeImporter/Content/SpeedTree9/Empty.uasset" 250
"../../../Engine/Plugins/Editor/SpeedTreeImporter/Content/SpeedTree9/Empty.uexp" 251
"../../../Engine/Plugins/Editor/SpeedTreeImporter/Content/SpeedTree9/SpeedTreeMaster.uasset" 252
"../../../Engine/Plugins/Editor/SpeedTreeImporter/Content/SpeedTree9/SpeedTreeMaster.uexp" 253
"../../../Engine/Plugins/Editor/SpeedTreeImporter/Content/SpeedTree9/SpeedTreeBillboard.uasset" 254
"../../../Engine/Plugins/Editor/SpeedTreeImporter/Content/SpeedTree9/SpeedTreeBillboard.uexp" 255
"../../../Engine/Plugins/Editor/SpeedTreeImporter/Content/SpeedTree9/SpeedTreeBillboardMaster.uasset" 256
"../../../Engine/Plugins/Editor/SpeedTreeImporter/Content/SpeedTree9/SpeedTreeBillboardMaster.uexp" 257
"../../../Engine/Plugins/Animation/ControlRig/Content/Controls/ControlRig_Wedge_solid.ubulk" 258
"../../../Engine/Plugins/Animation/ControlRig/Content/Controls/ControlRig_Wedge_solid.uasset" 259
"../../../Engine/Plugins/Animation/ControlRig/Content/Controls/ControlRig_Wedge_solid.uexp" 260
"../../../Engine/Plugins/Animation/ControlRig/Content/Controls/ControlRig_Wedge_3mm.ubulk" 261
"../../../Engine/Plugins/Animation/ControlRig/Content/Controls/ControlRig_Wedge_3mm.uasset" 262
"../../../Engine/Plugins/Animation/ControlRig/Content/Controls/ControlRig_Wedge_3mm.uexp" 263
"../../../Engine/Plugins/Animation/ControlRig/Content/Controls/ControlRig_Wedge_1mm.ubulk" 264
"../../../Engine/Plugins/Animation/ControlRig/Content/Controls/ControlRig_Wedge_1mm.uasset" 265
"../../../Engine/Plugins/Animation/ControlRig/Content/Controls/ControlRig_Wedge_1mm.uexp" 266
"../../../Engine/Plugins/Animation/ControlRig/Content/Controls/ControlRig_Triangle_solid.ubulk" 267
"../../../Engine/Plugins/Animation/ControlRig/Content/Controls/ControlRig_Triangle_solid.uasset" 268
"../../../Engine/Plugins/Animation/ControlRig/Content/Controls/ControlRig_Triangle_solid.uexp" 269
"../../../Engine/Plugins/Animation/ControlRig/Content/Controls/ControlRig_Triangle_3mm.ubulk" 270
"../../../Engine/Plugins/Animation/ControlRig/Content/Controls/ControlRig_Triangle_3mm.uasset" 271
"../../../Engine/Plugins/Animation/ControlRig/Content/Controls/ControlRig_Triangle_3mm.uexp" 272
"../../../Engine/Plugins/Animation/ControlRig/Content/Controls/ControlRig_Triangle_1mm.ubulk" 273
"../../../Engine/Plugins/Animation/ControlRig/Content/Controls/ControlRig_Triangle_1mm.uasset" 274
"../../../Engine/Plugins/Animation/ControlRig/Content/Controls/ControlRig_Triangle_1mm.uexp" 275
"../../../Engine/Plugins/Animation/ControlRig/Content/Controls/ControlRig_Star4_solid.ubulk" 276
"../../../Engine/Plugins/Animation/ControlRig/Content/Controls/ControlRig_Star4_solid.uasset" 277
"../../../Engine/Plugins/Animation/ControlRig/Content/Controls/ControlRig_Star4_solid.uexp" 278
"../../../Engine/Plugins/Animation/ControlRig/Content/Controls/ControlRig_Star4_3mm.ubulk" 279
"../../../Engine/Plugins/Animation/ControlRig/Content/Controls/ControlRig_Star4_3mm.uasset" 280
"../../../Engine/Plugins/Animation/ControlRig/Content/Controls/ControlRig_Star4_3mm.uexp" 281
"../../../Engine/Plugins/Animation/ControlRig/Content/Controls/ControlRig_Star4_1mm.ubulk" 282
"../../../Engine/Plugins/Animation/ControlRig/Content/Controls/ControlRig_Star4_1mm.uasset" 283
"../../../Engine/Plugins/Animation/ControlRig/Content/Controls/ControlRig_Star4_1mm.uexp" 284
"../../../Engine/Plugins/Animation/ControlRig/Content/Controls/ControlRig_Square_solid.ubulk" 285
"../../../Engine/Plugins/Animation/ControlRig/Content/Controls/ControlRig_Square_solid.uasset" 286
"../../../Engine/Plugins/Animation/ControlRig/Content/Controls/ControlRig_Square_solid.uexp" 287
"../../../Engine/Plugins/Animation/ControlRig/Content/Controls/ControlRig_Square_3mm.ubulk" 288
"../../../Engine/Plugins/Animation/ControlRig/Content/Controls/ControlRig_Square_3mm.uasset" 289
"../../../Engine/Plugins/Animation/ControlRig/Content/Controls/ControlRig_Square_3mm.uexp" 290
"../../../Engine/Plugins/Animation/ControlRig/Content/Controls/ControlRig_Square_1mm.ubulk" 291
"../../../Engine/Plugins/Animation/ControlRig/Content/Controls/ControlRig_Square_1mm.uasset" 292
"../../../Engine/Plugins/Animation/ControlRig/Content/Controls/ControlRig_Square_1mm.uexp" 293
"../../../Engine/Plugins/Animation/ControlRig/Content/Controls/ControlRig_Sphere_solid.ubulk" 294
"../../../Engine/Plugins/Animation/ControlRig/Content/Controls/ControlRig_Sphere_solid.uasset" 295
"../../../Engine/Plugins/Animation/ControlRig/Content/Controls/ControlRig_Sphere_solid.uexp" 296
"../../../Engine/Plugins/Animation/ControlRig/Content/Controls/ControlRig_Sphere_3mm.ubulk" 297
"../../../Engine/Plugins/Animation/ControlRig/Content/Controls/ControlRig_Sphere_3mm.uasset" 298
"../../../Engine/Plugins/Animation/ControlRig/Content/Controls/ControlRig_Sphere_3mm.uexp" 299
"../../../Engine/Plugins/Animation/ControlRig/Content/Controls/ControlRig_Sphere_1mm.ubulk" 300
"../../../Engine/Plugins/Animation/ControlRig/Content/Controls/ControlRig_Sphere_1mm.uasset" 301
"../../../Engine/Plugins/Animation/ControlRig/Content/Controls/ControlRig_Sphere_1mm.uexp" 302
"../../../Engine/Plugins/Animation/ControlRig/Content/Controls/ControlRig_RoundedTriangle_solid.ubulk" 303
"../../../Engine/Plugins/Animation/ControlRig/Content/Controls/ControlRig_RoundedTriangle_solid.uasset" 304
"../../../Engine/Plugins/Animation/ControlRig/Content/Controls/ControlRig_RoundedTriangle_solid.uexp" 305
"../../../Engine/Plugins/Animation/ControlRig/Content/Controls/ControlRig_RoundedTriangle_3mm.ubulk" 306
"../../../Engine/Plugins/Animation/ControlRig/Content/Controls/ControlRig_RoundedTriangle_3mm.uasset" 307
"../../../Engine/Plugins/Animation/ControlRig/Content/Controls/ControlRig_RoundedTriangle_3mm.uexp" 308
"../../../Engine/Plugins/Animation/ControlRig/Content/Controls/ControlRig_RoundedTriangle_1mm.ubulk" 309
"../../../Engine/Plugins/Animation/ControlRig/Content/Controls/ControlRig_RoundedTriangle_1mm.uasset" 310
"../../../Engine/Plugins/Animation/ControlRig/Content/Controls/ControlRig_RoundedTriangle_1mm.uexp" 311
"../../../Engine/Plugins/Animation/ControlRig/Content/Controls/ControlRig_RoundedSquare_solid.ubulk" 312
"../../../Engine/Plugins/Animation/ControlRig/Content/Controls/ControlRig_RoundedSquare_solid.uasset" 313
"../../../Engine/Plugins/Animation/ControlRig/Content/Controls/ControlRig_RoundedSquare_solid.uexp" 314
"../../../Engine/Plugins/Animation/ControlRig/Content/Controls/ControlRig_RoundedSquare_3mm.ubulk" 315
"../../../Engine/Plugins/Animation/ControlRig/Content/Controls/ControlRig_RoundedSquare_3mm.uasset" 316
"../../../Engine/Plugins/Animation/ControlRig/Content/Controls/ControlRig_RoundedSquare_3mm.uexp" 317
"../../../Engine/Plugins/Animation/ControlRig/Content/Controls/ControlRig_RoundedSquare_1mm.ubulk" 318
"../../../Engine/Plugins/Animation/ControlRig/Content/Controls/ControlRig_RoundedSquare_1mm.uasset" 319
"../../../Engine/Plugins/Animation/ControlRig/Content/Controls/ControlRig_RoundedSquare_1mm.uexp" 320
"../../../Engine/Plugins/Animation/ControlRig/Content/Controls/ControlRig_QuarterCircle_solid.ubulk" 321
"../../../Engine/Plugins/Animation/ControlRig/Content/Controls/ControlRig_QuarterCircle_solid.uasset" 322
"../../../Engine/Plugins/Animation/ControlRig/Content/Controls/ControlRig_QuarterCircle_solid.uexp" 323
"../../../Engine/Plugins/Animation/ControlRig/Content/Controls/ControlRig_QuarterCircle_3mm.ubulk" 324
"../../../Engine/Plugins/Animation/ControlRig/Content/Controls/ControlRig_QuarterCircle_3mm.uasset" 325
"../../../Engine/Plugins/Animation/ControlRig/Content/Controls/ControlRig_QuarterCircle_3mm.uexp" 326
"../../../Engine/Plugins/Animation/ControlRig/Content/Controls/ControlRig_QuarterCircle_1mm.ubulk" 327
"../../../Engine/Plugins/Animation/ControlRig/Content/Controls/ControlRig_QuarterCircle_1mm.uasset" 328
"../../../Engine/Plugins/Animation/ControlRig/Content/Controls/ControlRig_QuarterCircle_1mm.uexp" 329
"../../../Engine/Plugins/Animation/ControlRig/Content/Controls/ControlRig_Pyramid_solid.ubulk" 330
"../../../Engine/Plugins/Animation/ControlRig/Content/Controls/ControlRig_Pyramid_solid.uasset" 331
"../../../Engine/Plugins/Animation/ControlRig/Content/Controls/ControlRig_Pyramid_solid.uexp" 332
"../../../Engine/Plugins/Animation/ControlRig/Content/Controls/ControlRig_Pyramid_3mm.ubulk" 333
"../../../Engine/Plugins/Animation/ControlRig/Content/Controls/ControlRig_Pyramid_3mm.uasset" 334
"../../../Engine/Plugins/Animation/ControlRig/Content/Controls/ControlRig_Pyramid_3mm.uexp" 335
"../../../Engine/Plugins/Animation/ControlRig/Content/Controls/ControlRig_Pyramid_1mm.ubulk" 336
"../../../Engine/Plugins/Animation/ControlRig/Content/Controls/ControlRig_Pyramid_1mm.uasset" 337
"../../../Engine/Plugins/Animation/ControlRig/Content/Controls/ControlRig_Pyramid_1mm.uexp" 338
"../../../Engine/Plugins/Animation/ControlRig/Content/Controls/ControlRig_Octagon_solid.ubulk" 339
"../../../Engine/Plugins/Animation/ControlRig/Content/Controls/ControlRig_Octagon_solid.uasset" 340
"../../../Engine/Plugins/Animation/ControlRig/Content/Controls/ControlRig_Octagon_solid.uexp" 341
"../../../Engine/Plugins/Animation/ControlRig/Content/Controls/ControlRig_Octagon_3mm.ubulk" 342
"../../../Engine/Plugins/Animation/ControlRig/Content/Controls/ControlRig_Octagon_3mm.uasset" 343
"../../../Engine/Plugins/Animation/ControlRig/Content/Controls/ControlRig_Octagon_3mm.uexp" 344
"../../../Engine/Plugins/Animation/ControlRig/Content/Controls/ControlRig_Octagon_1mm.ubulk" 345
"../../../Engine/Plugins/Animation/ControlRig/Content/Controls/ControlRig_Octagon_1mm.uasset" 346
"../../../Engine/Plugins/Animation/ControlRig/Content/Controls/ControlRig_Octagon_1mm.uexp" 347
"../../../Engine/Plugins/Animation/ControlRig/Content/Controls/ControlRig_Hexagon_solid.ubulk" 348
"../../../Engine/Plugins/Animation/ControlRig/Content/Controls/ControlRig_Hexagon_solid.uasset" 349
"../../../Engine/Plugins/Animation/ControlRig/Content/Controls/ControlRig_Hexagon_solid.uexp" 350
"../../../Engine/Plugins/Animation/ControlRig/Content/Controls/ControlRig_Hexagon_3mm.ubulk" 351
"../../../Engine/Plugins/Animation/ControlRig/Content/Controls/ControlRig_Hexagon_3mm.uasset" 352
"../../../Engine/Plugins/Animation/ControlRig/Content/Controls/ControlRig_Hexagon_3mm.uexp" 353
"../../../Engine/Plugins/Animation/ControlRig/Content/Controls/ControlRig_Hexagon_1mm.ubulk" 354
"../../../Engine/Plugins/Animation/ControlRig/Content/Controls/ControlRig_Hexagon_1mm.uasset" 355
"../../../Engine/Plugins/Animation/ControlRig/Content/Controls/ControlRig_Hexagon_1mm.uexp" 356
"../../../Engine/Plugins/Animation/ControlRig/Content/Controls/ControlRig_HalfCircle_solid.ubulk" 357
"../../../Engine/Plugins/Animation/ControlRig/Content/Controls/ControlRig_HalfCircle_solid.uasset" 358
"../../../Engine/Plugins/Animation/ControlRig/Content/Controls/ControlRig_HalfCircle_solid.uexp" 359
"../../../Engine/Plugins/Animation/ControlRig/Content/Controls/ControlRig_HalfCircle_3mm.ubulk" 360
"../../../Engine/Plugins/Animation/ControlRig/Content/Controls/ControlRig_HalfCircle_3mm.uasset" 361
"../../../Engine/Plugins/Animation/ControlRig/Content/Controls/ControlRig_HalfCircle_3mm.uexp" 362
"../../../Engine/Plugins/Animation/ControlRig/Content/Controls/ControlRig_HalfCircle_1mm.ubulk" 363
"../../../Engine/Plugins/Animation/ControlRig/Content/Controls/ControlRig_HalfCircle_1mm.uasset" 364
"../../../Engine/Plugins/Animation/ControlRig/Content/Controls/ControlRig_HalfCircle_1mm.uexp" 365
"../../../Engine/Plugins/Animation/ControlRig/Content/Controls/ControlRig_Diamond_solid.ubulk" 366
"../../../Engine/Plugins/Animation/ControlRig/Content/Controls/ControlRig_Diamond_solid.uasset" 367
"../../../Engine/Plugins/Animation/ControlRig/Content/Controls/ControlRig_Diamond_solid.uexp" 368
"../../../Engine/Plugins/Animation/ControlRig/Content/Controls/ControlRig_Diamond_3mm.ubulk" 369
"../../../Engine/Plugins/Animation/ControlRig/Content/Controls/ControlRig_Diamond_3mm.uasset" 370
"../../../Engine/Plugins/Animation/ControlRig/Content/Controls/ControlRig_Diamond_3mm.uexp" 371
"../../../Engine/Plugins/Animation/ControlRig/Content/Controls/ControlRig_Diamond_1mm.ubulk" 372
"../../../Engine/Plugins/Animation/ControlRig/Content/Controls/ControlRig_Diamond_1mm.uasset" 373
"../../../Engine/Plugins/Animation/ControlRig/Content/Controls/ControlRig_Diamond_1mm.uexp" 374
"../../../Engine/Plugins/Animation/ControlRig/Content/Controls/ControlRig_Circle_solid.ubulk" 375
"../../../Engine/Plugins/Animation/ControlRig/Content/Controls/ControlRig_Circle_solid.uasset" 376
"../../../Engine/Plugins/Animation/ControlRig/Content/Controls/ControlRig_Circle_solid.uexp" 377
"../../../Engine/Plugins/Animation/ControlRig/Content/Controls/ControlRig_Circle_3mm.ubulk" 378
"../../../Engine/Plugins/Animation/ControlRig/Content/Controls/ControlRig_Circle_3mm.uasset" 379
"../../../Engine/Plugins/Animation/ControlRig/Content/Controls/ControlRig_Circle_3mm.uexp" 380
"../../../Engine/Plugins/Animation/ControlRig/Content/Controls/ControlRig_Circle_1mm.ubulk" 381
"../../../Engine/Plugins/Animation/ControlRig/Content/Controls/ControlRig_Circle_1mm.uasset" 382
"../../../Engine/Plugins/Animation/ControlRig/Content/Controls/ControlRig_Circle_1mm.uexp" 383
"../../../Engine/Plugins/Animation/ControlRig/Content/Controls/ControlRig_Box_solid.ubulk" 384
"../../../Engine/Plugins/Animation/ControlRig/Content/Controls/ControlRig_Box_solid.uasset" 385
"../../../Engine/Plugins/Animation/ControlRig/Content/Controls/ControlRig_Box_solid.uexp" 386
"../../../Engine/Plugins/Animation/ControlRig/Content/Controls/ControlRig_Box_3mm.ubulk" 387
"../../../Engine/Plugins/Animation/ControlRig/Content/Controls/ControlRig_Box_3mm.uasset" 388
"../../../Engine/Plugins/Animation/ControlRig/Content/Controls/ControlRig_Box_3mm.uexp" 389
"../../../Engine/Plugins/Animation/ControlRig/Content/Controls/ControlRig_Box_1mm.ubulk" 390
"../../../Engine/Plugins/Animation/ControlRig/Content/Controls/ControlRig_Box_1mm.uasset" 391
"../../../Engine/Plugins/Animation/ControlRig/Content/Controls/ControlRig_Box_1mm.uexp" 392
"../../../Engine/Plugins/Animation/ControlRig/Content/Controls/ControlRig_Arrow_solid.ubulk" 393
"../../../Engine/Plugins/Animation/ControlRig/Content/Controls/ControlRig_Arrow_solid.uasset" 394
"../../../Engine/Plugins/Animation/ControlRig/Content/Controls/ControlRig_Arrow_solid.uexp" 395
"../../../Engine/Plugins/Animation/ControlRig/Content/Controls/ControlRig_Arrow_3mm.ubulk" 396
"../../../Engine/Plugins/Animation/ControlRig/Content/Controls/ControlRig_Arrow_3mm.uasset" 397
"../../../Engine/Plugins/Animation/ControlRig/Content/Controls/ControlRig_Arrow_3mm.uexp" 398
"../../../Engine/Plugins/Animation/ControlRig/Content/Controls/ControlRig_Arrow_1mm.ubulk" 399
"../../../Engine/Plugins/Animation/ControlRig/Content/Controls/ControlRig_Arrow_1mm.uasset" 400
"../../../Engine/Plugins/Animation/ControlRig/Content/Controls/ControlRig_Arrow_1mm.uexp" 401
"../../../Engine/Plugins/Animation/ControlRig/Content/Controls/ControlRig_Arrow4_solid.ubulk" 402
"../../../Engine/Plugins/Animation/ControlRig/Content/Controls/ControlRig_Arrow4_solid.uasset" 403
"../../../Engine/Plugins/Animation/ControlRig/Content/Controls/ControlRig_Arrow4_solid.uexp" 404
"../../../Engine/Plugins/Animation/ControlRig/Content/Controls/ControlRig_Arrow4_3mm.ubulk" 405
"../../../Engine/Plugins/Animation/ControlRig/Content/Controls/ControlRig_Arrow4_3mm.uasset" 406
"../../../Engine/Plugins/Animation/ControlRig/Content/Controls/ControlRig_Arrow4_3mm.uexp" 407
"../../../Engine/Plugins/Animation/ControlRig/Content/Controls/ControlRig_Arrow4_1mm.ubulk" 408
"../../../Engine/Plugins/Animation/ControlRig/Content/Controls/ControlRig_Arrow4_1mm.uasset" 409
"../../../Engine/Plugins/Animation/ControlRig/Content/Controls/ControlRig_Arrow4_1mm.uexp" 410
"../../../Engine/Plugins/Animation/ControlRig/Content/Controls/ControlRig_Arrow2_solid.ubulk" 411
"../../../Engine/Plugins/Animation/ControlRig/Content/Controls/ControlRig_Arrow2_solid.uasset" 412
"../../../Engine/Plugins/Animation/ControlRig/Content/Controls/ControlRig_Arrow2_solid.uexp" 413
"../../../Engine/Plugins/Animation/ControlRig/Content/Controls/ControlRig_Arrow2_3mm.ubulk" 414
"../../../Engine/Plugins/Animation/ControlRig/Content/Controls/ControlRig_Arrow2_3mm.uasset" 415
"../../../Engine/Plugins/Animation/ControlRig/Content/Controls/ControlRig_Arrow2_3mm.uexp" 416
"../../../Engine/Plugins/Animation/ControlRig/Content/Controls/ControlRig_Arrow2_1mm.ubulk" 417
"../../../Engine/Plugins/Animation/ControlRig/Content/Controls/ControlRig_Arrow2_1mm.uasset" 418
"../../../Engine/Plugins/Animation/ControlRig/Content/Controls/ControlRig_Arrow2_1mm.uexp" 419
"../../../Engine/Plugins/Animation/ControlRig/Content/Controls/ControlRigXRayMaterial.uasset" 420
"../../../Engine/Plugins/Animation/ControlRig/Content/Controls/ControlRigXRayMaterial.uexp" 421
"../../../Engine/Plugins/Animation/ControlRig/Content/Controls/ControlRigGizmoMaterial.uasset" 422
"../../../Engine/Plugins/Animation/ControlRig/Content/Controls/ControlRigGizmoMaterial.uexp" 423
"../../../Engine/Content/EngineMaterials/DefaultMaterial.uasset" 424
"../../../Engine/Content/EngineMaterials/DefaultMaterial.uexp" 425
"../../../Engine/Content/MapTemplates/SM_Template_Map_Floor.ubulk" 426
"../../../Engine/Content/MapTemplates/SM_Template_Map_Floor.uasset" 427
"../../../Engine/Content/MapTemplates/SM_Template_Map_Floor.uexp" 428
"../../../Engine/Content/EngineResources/WhiteSquareTexture.uasset" 429
"../../../Engine/Content/EngineResources/WhiteSquareTexture.uexp" 430
"../../../Engine/Content/EngineMaterials/Widget3DPassThrough.uasset" 431
"../../../Engine/Content/EngineMaterials/Widget3DPassThrough.uexp" 432
"../../../Engine/Content/EngineMaterials/Widget3DPassThrough_Translucent.uasset" 433
"../../../Engine/Content/EngineMaterials/Widget3DPassThrough_Translucent.uexp" 434
"../../../Engine/Content/EngineMaterials/Widget3DPassThrough_Translucent_OneSided.uasset" 435
"../../../Engine/Content/EngineMaterials/Widget3DPassThrough_Translucent_OneSided.uexp" 436
"../../../Engine/Content/EngineMaterials/Widget3DPassThrough_Opaque.uasset" 437
"../../../Engine/Content/EngineMaterials/Widget3DPassThrough_Opaque.uexp" 438
"../../../Engine/Content/EngineMaterials/Widget3DPassThrough_Opaque_OneSided.uasset" 439
"../../../Engine/Content/EngineMaterials/Widget3DPassThrough_Opaque_OneSided.uexp" 440
"../../../Engine/Content/EngineMaterials/Widget3DPassThrough_Masked_OneSided.uasset" 441
"../../../Engine/Content/EngineMaterials/Widget3DPassThrough_Masked_OneSided.uexp" 442
"../../../Engine/Content/EngineMaterials/Widget3DPassThrough_Masked.uasset" 443
"../../../Engine/Content/EngineMaterials/Widget3DPassThrough_Masked.uexp" 444
"../../../Engine/Content/EngineMaterials/WeightMapPlaceholderTexture.uasset" 445
"../../../Engine/Content/EngineMaterials/WeightMapPlaceholderTexture.uexp" 446
"../../../Engine/Content/EngineMaterials/WeightMapArrayPlaceholderTexture.uasset" 447
"../../../Engine/Content/EngineMaterials/WeightMapArrayPlaceholderTexture.uexp" 448
"../../../Engine/Content/EngineMaterials/RemoveSurfaceMaterial.uasset" 449
"../../../Engine/Content/EngineMaterials/RemoveSurfaceMaterial.uexp" 450
"../../../Engine/Content/EngineMaterials/PreintegratedSkinBRDF.uasset" 451
"../../../Engine/Content/EngineMaterials/PreintegratedSkinBRDF.uexp" 452
"../../../Engine/Content/EngineMaterials/DefaultCalibrationGrayscale.uasset" 453
"../../../Engine/Content/EngineMaterials/DefaultCalibrationGrayscale.uexp" 454
"../../../Engine/Content/EngineMaterials/PPM_DefaultCalibrationGrayscale.uasset" 455
"../../../Engine/Content/EngineMaterials/PPM_DefaultCalibrationGrayscale.uexp" 456
"../../../Engine/Content/EngineMaterials/DefaultCalibrationColor.uasset" 457
"../../../Engine/Content/EngineMaterials/DefaultCalibrationColor.uexp" 458
"../../../Engine/Content/EngineMaterials/PPM_DefaultCalibrationColor.uasset" 459
"../../../Engine/Content/EngineMaterials/PPM_DefaultCalibrationColor.uexp" 460
"../../../Engine/Content/EngineMaterials/PhAT_JointLimitMaterial.uasset" 461
"../../../Engine/Content/EngineMaterials/PhAT_JointLimitMaterial.uexp" 462
"../../../Engine/Content/EngineMaterials/NaniteHiddenSectionMaterial.uasset" 463
"../../../Engine/Content/EngineMaterials/NaniteHiddenSectionMaterial.uexp" 464
"../../../Engine/Content/EngineMaterials/InvalidLightmapSettings.ubulk" 465
"../../../Engine/Content/EngineMaterials/InvalidLightmapSettings.uasset" 466
"../../../Engine/Content/EngineMaterials/InvalidLightmapSettings.uexp" 467
"../../../Engine/Content/EngineMaterials/M_InvalidLightmapSettings.uasset" 468
"../../../Engine/Content/EngineMaterials/M_InvalidLightmapSettings.uexp" 469
"../../../Engine/Content/EngineMaterials/MiniFont.uasset" 470
"../../../Engine/Content/EngineMaterials/MiniFont.uexp" 471
"../../../Engine/Content/EngineMaterials/GizmoMaterial.uasset" 472
"../../../Engine/Content/EngineMaterials/GizmoMaterial.uexp" 473
"../../../Engine/Content/EngineMaterials/Black_1x1_EXR_Texture_VT.ubulk" 474
"../../../Engine/Content/EngineMaterials/Black_1x1_EXR_Texture_VT.uasset" 475
"../../../Engine/Content/EngineMaterials/Black_1x1_EXR_Texture_VT.uexp" 476
"../../../Engine/Content/EngineMaterials/BaseFlattenNormalMap_VT.ubulk" 477
"../../../Engine/Content/EngineMaterials/BaseFlattenNormalMap_VT.uasset" 478
"../../../Engine/Content/EngineMaterials/BaseFlattenNormalMap_VT.uexp" 479
"../../../Engine/Content/EngineMaterials/BaseFlattenLinearColor_VT.ubulk" 480
"../../../Engine/Content/EngineMaterials/BaseFlattenLinearColor_VT.uasset" 481
"../../../Engine/Content/EngineMaterials/BaseFlattenLinearColor_VT.uexp" 482
"../../../Engine/Content/EngineMaterials/BaseFlattenGrayscaleMap_VT.ubulk" 483
"../../../Engine/Content/EngineMaterials/BaseFlattenGrayscaleMap_VT.uasset" 484
"../../../Engine/Content/EngineMaterials/BaseFlattenGrayscaleMap_VT.uexp" 485
"../../../Engine/Content/EngineMaterials/BaseFlattenEmissiveMap_VT.ubulk" 486
"../../../Engine/Content/EngineMaterials/BaseFlattenEmissiveMap_VT.uasset" 487
"../../../Engine/Content/EngineMaterials/BaseFlattenEmissiveMap_VT.uexp" 488
"../../../Engine/Content/EngineMaterials/BaseFlattenDiffuseMap_VT.ubulk" 489
"../../../Engine/Content/EngineMaterials/BaseFlattenDiffuseMap_VT.uasset" 490
"../../../Engine/Content/EngineMaterials/BaseFlattenDiffuseMap_VT.uexp" 491
"../../../Engine/Content/EngineMaterials/FlattenMaterial_WS_Normal_VT.uasset" 492
"../../../Engine/Content/EngineMaterials/FlattenMaterial_WS_Normal_VT.uexp" 493
"../../../Engine/Content/EngineMaterials/FlattenMaterial_VT.uasset" 494
"../../../Engine/Content/EngineMaterials/FlattenMaterial_VT.uexp" 495
"../../../Engine/Content/EngineMaterials/BaseFlattenNormalMap.uasset" 496
"../../../Engine/Content/EngineMaterials/BaseFlattenNormalMap.uexp" 497
"../../../Engine/Content/EngineMaterials/BaseFlattenDiffuseMap.uasset" 498
"../../../Engine/Content/EngineMaterials/BaseFlattenDiffuseMap.uexp" 499
"../../../Engine/Content/EngineMaterials/BaseFlattenEmissiveMap.uasset" 500
"../../../Engine/Content/EngineMaterials/BaseFlattenEmissiveMap.uexp" 501
"../../../Engine/Content/EngineMaterials/BaseFlattenGrayscaleMap.uasset" 502
"../../../Engine/Content/EngineMaterials/BaseFlattenGrayscaleMap.uexp" 503
"../../../Engine/Content/EngineMaterials/BaseFlattenLinearColor.uasset" 504
"../../../Engine/Content/EngineMaterials/BaseFlattenLinearColor.uexp" 505
"../../../Engine/Content/Functions/Engine_MaterialFunctions02/PivotPainter2/Black_1x1_EXR_Texture.uasset" 506
"../../../Engine/Content/Functions/Engine_MaterialFunctions02/PivotPainter2/Black_1x1_EXR_Texture.uexp" 507
"../../../Engine/Content/EngineMaterials/FlattenMaterial.uasset" 508
"../../../Engine/Content/EngineMaterials/FlattenMaterial.uexp" 509
"../../../Engine/Content/EngineMaterials/FastBlueNoise_vec2_128x128x64.uasset" 510
"../../../Engine/Content/EngineMaterials/FastBlueNoise_vec2_128x128x64.uexp" 511
"../../../Engine/Content/EngineMaterials/FastBlueNoise_scalar_128x128x8.uasset" 512
"../../../Engine/Content/EngineMaterials/FastBlueNoise_scalar_128x128x8.uexp" 513
"../../../Engine/Content/EngineMaterials/FastBlueNoise_scalar_128x128x64.uasset" 514
"../../../Engine/Content/EngineMaterials/FastBlueNoise_scalar_128x128x64.uexp" 515
"../../../Engine/Content/EngineMaterials/DefaultWhiteGrid_Low.uasset" 516
"../../../Engine/Content/EngineMaterials/DefaultWhiteGrid_Low.uexp" 517
"../../../Engine/Content/EngineMaterials/EmissiveMeshMaterial.uasset" 518
"../../../Engine/Content/EngineMaterials/EmissiveMeshMaterial.uexp" 519
"../../../Engine/Content/EngineMaterials/DefaultWhiteGrid.ubulk" 520
"../../../Engine/Content/EngineMaterials/DefaultWhiteGrid.uasset" 521
"../../../Engine/Content/EngineMaterials/DefaultWhiteGrid.uexp" 522
"../../../Engine/Content/EngineFonts/RobotoDistanceField.uasset" 523
"../../../Engine/Content/EngineFonts/RobotoDistanceField.uexp" 524
"../../../Engine/Content/EngineMaterials/DefaultTextMaterialOpaque.uasset" 525
"../../../Engine/Content/EngineMaterials/DefaultTextMaterialOpaque.uexp" 526
"../../../Engine/Content/Functions/Engine_MaterialFunctions02/Utility/BreakOutFloat2Components.uasset" 527
"../../../Engine/Content/Functions/Engine_MaterialFunctions02/Utility/BreakOutFloat2Components.uexp" 528
"../../../Engine/Content/EngineMaterials/DefaultDiffuse.ubulk" 529
"../../../Engine/Content/EngineMaterials/DefaultDiffuse.uasset" 530
"../../../Engine/Content/EngineMaterials/DefaultDiffuse.uexp" 531
"../../../Engine/Content/EngineMaterials/DefaultPostProcessMaterial.uasset" 532
"../../../Engine/Content/EngineMaterials/DefaultPostProcessMaterial.uexp" 533
"../../../Engine/Content/EngineMaterials/DefaultLightFunctionMaterial.uasset" 534
"../../../Engine/Content/EngineMaterials/DefaultLightFunctionMaterial.uexp" 535
"../../../Engine/Content/EngineMaterials/DefaultDeferredDecalMaterial.uasset" 536
"../../../Engine/Content/EngineMaterials/DefaultDeferredDecalMaterial.uexp" 537
"../../../Engine/Content/EngineMaterials/DefaultBokeh.uasset" 538
"../../../Engine/Content/EngineMaterials/DefaultBokeh.uexp" 539
"../../../Engine/Content/EngineMaterials/DefaultBloomKernel.uasset" 540
"../../../Engine/Content/EngineMaterials/DefaultBloomKernel.uexp" 541
"../../../Engine/Content/Functions/Engine_MaterialFunctions02/Utility/CameraDirectionVector.uasset" 542
"../../../Engine/Content/Functions/Engine_MaterialFunctions02/Utility/CameraDirectionVector.uexp" 543
"../../../Engine/Content/EngineDebugMaterials/VolumeToRender.uasset" 544
"../../../Engine/Content/EngineDebugMaterials/VolumeToRender.uexp" 545
"../../../Engine/Content/EngineDebugMaterials/M_VolumeRenderSphereTracePP.uasset" 546
"../../../Engine/Content/EngineDebugMaterials/M_VolumeRenderSphereTracePP.uexp" 547
"../../../Engine/Content/EngineDebugMaterials/M_SimpleUnlitTranslucent.uasset" 548
"../../../Engine/Content/EngineDebugMaterials/M_SimpleUnlitTranslucent.uexp" 549
"../../../Engine/Content/EngineDebugMaterials/DebugMeshMaterial.uasset" 550
"../../../Engine/Content/EngineDebugMaterials/DebugMeshMaterial.uexp" 551
"../../../Engine/Content/EngineDebugMaterials/DebugEditorMaterial.uasset" 552
"../../../Engine/Content/EngineDebugMaterials/DebugEditorMaterial.uexp" 553
"../../../Engine/Content/EngineDamageTypes/DmgTypeBP_Environmental.uasset" 554
"../../../Engine/Content/EngineDamageTypes/DmgTypeBP_Environmental.uexp" 555
"../../../Engine/Content/EditorResources/S_Terrain.ubulk" 556
"../../../Engine/Content/EditorResources/S_Terrain.uasset" 557
"../../../Engine/Content/EditorResources/S_Terrain.uexp" 558
"../../../Engine/Content/EditorResources/S_Solver.ubulk" 559
"../../../Engine/Content/EditorResources/S_Solver.uasset" 560
"../../../Engine/Content/EditorResources/S_Solver.uexp" 561
"../../../Engine/Content/EditorResources/BSPVertex.uasset" 562
"../../../Engine/Content/EditorResources/BSPVertex.uexp" 563
"../../../Engine/Content/EditorMaterials/PreviewShadowIndicator.ubulk" 564
"../../../Engine/Content/EditorMaterials/PreviewShadowIndicator.uasset" 565
"../../../Engine/Content/EditorMaterials/PreviewShadowIndicator.uexp" 566
"../../../Engine/Content/EditorMaterials/PreviewShadowIndicatorMaterial.uasset" 567
"../../../Engine/Content/EditorMaterials/PreviewShadowIndicatorMaterial.uexp" 568
"../../../Engine/Content/EditorMaterials/PhAT_UnselectedMaterial.uasset" 569
"../../../Engine/Content/EditorMaterials/PhAT_UnselectedMaterial.uexp" 570
"../../../Engine/Content/EditorMaterials/PhAT_NoCollisionMaterial.uasset" 571
"../../../Engine/Content/EditorMaterials/PhAT_NoCollisionMaterial.uexp" 572
"../../../Engine/Content/EditorLandscapeResources/SplineEditorMeshMat.uasset" 573
"../../../Engine/Content/EditorLandscapeResources/SplineEditorMeshMat.uexp" 574
"../../../Engine/Content/EditorLandscapeResources/SplineEditorMesh.ubulk" 575
"../../../Engine/Content/EditorLandscapeResources/SplineEditorMesh.uasset" 576
"../../../Engine/Content/EditorLandscapeResources/SplineEditorMesh.uexp" 577
"../../../Engine/Content/EditorLandscapeResources/WhiteSquareTexture.uasset" 578
"../../../Engine/Content/EditorLandscapeResources/WhiteSquareTexture.uexp" 579
"../../../Engine/Content/EditorLandscapeResources/DefaultAlphaTexture.uasset" 580
"../../../Engine/Content/EditorLandscapeResources/DefaultAlphaTexture.uexp" 581
"../../../Engine/Content/Functions/Engine_MaterialFunctions03/Math/WithinRangeFloat2.uasset" 582
"../../../Engine/Content/Functions/Engine_MaterialFunctions03/Math/WithinRangeFloat2.uexp" 583
"../../../Engine/Content/EditorLandscapeResources/SelectBrushMaterial.uasset" 584
"../../../Engine/Content/EditorLandscapeResources/SelectBrushMaterial.uexp" 585
"../../../Engine/Content/EditorLandscapeResources/SelectBrushMaterial_SelectedRegion.uasset" 586
"../../../Engine/Content/EditorLandscapeResources/SelectBrushMaterial_SelectedRegion.uexp" 587
"../../../Engine/Content/EditorLandscapeResources/SelectBrushMaterial_Selected.uasset" 588
"../../../Engine/Content/EditorLandscapeResources/SelectBrushMaterial_Selected.uexp" 589
"../../../Engine/Content/EditorLandscapeResources/MaskBrushMaterial.uasset" 590
"../../../Engine/Content/EditorLandscapeResources/MaskBrushMaterial.uexp" 591
"../../../Engine/Content/EditorLandscapeResources/MaskBrushMaterial_MaskedRegion.uasset" 592
"../../../Engine/Content/EditorLandscapeResources/MaskBrushMaterial_MaskedRegion.uexp" 593
"../../../Engine/Content/EditorLandscapeResources/LayerVisMaterial.uasset" 594
"../../../Engine/Content/EditorLandscapeResources/LayerVisMaterial.uexp" 595
"../../../Engine/Content/Functions/Engine_MaterialFunctions01/Texturing/ScaleUVsByCenter.uasset" 596
"../../../Engine/Content/Functions/Engine_MaterialFunctions01/Texturing/ScaleUVsByCenter.uexp" 597
"../../../Engine/Content/Functions/Engine_MaterialFunctions02/WorldPositionOffset/LocalPosition.uasset" 598
"../../../Engine/Content/Functions/Engine_MaterialFunctions02/WorldPositionOffset/LocalPosition.uexp" 599
"../../../Engine/Content/Functions/Engine_MaterialFunctions01/Texturing/TextureCropping.uasset" 600
"../../../Engine/Content/Functions/Engine_MaterialFunctions01/Texturing/TextureCropping.uexp" 601
"../../../Engine/Content/Functions/Engine_MaterialFunctions02/ExampleContent/DebugNumberStrip.uasset" 602
"../../../Engine/Content/Functions/Engine_MaterialFunctions02/ExampleContent/DebugNumberStrip.uexp" 603
"../../../Engine/Content/Functions/Engine_MaterialFunctions01/Debug/DebugIntValues.uasset" 604
"../../../Engine/Content/Functions/Engine_MaterialFunctions01/Debug/DebugIntValues.uexp" 605
"../../../Engine/Content/EditorLandscapeResources/LandscapeLayerUsageMaterial.uasset" 606
"../../../Engine/Content/EditorLandscapeResources/LandscapeLayerUsageMaterial.uexp" 607
"../../../Engine/Content/EditorLandscapeResources/LandscapeDirtyMaterial.uasset" 608
"../../../Engine/Content/EditorLandscapeResources/LandscapeDirtyMaterial.uexp" 609
"../../../Engine/Content/EditorLandscapeResources/ColorMaskBrushMaterial.uasset" 610
"../../../Engine/Content/EditorLandscapeResources/ColorMaskBrushMaterial.uexp" 611
"../../../Engine/Content/EditorLandscapeResources/ColorMaskBrushMaterial_MaskedRegion.uasset" 612
"../../../Engine/Content/EditorLandscapeResources/ColorMaskBrushMaterial_MaskedRegion.uexp" 613
"../../../Engine/Content/BasicShapes/Sphere.ubulk" 614
"../../../Engine/Content/BasicShapes/Sphere.uasset" 615
"../../../Engine/Content/BasicShapes/Sphere.uexp" 616
"../../../Engine/Content/BasicShapes/Plane.ubulk" 617
"../../../Engine/Content/BasicShapes/Plane.uasset" 618
"../../../Engine/Content/BasicShapes/Plane.uexp" 619
"../../../Engine/Content/Functions/Engine_MaterialFunctions01/Gradient/LinearGradient.uasset" 620
"../../../Engine/Content/Functions/Engine_MaterialFunctions01/Gradient/LinearGradient.uexp" 621
"../../../Engine/Content/Functions/Engine_MaterialFunctions01/ImageAdjustment/CheapContrast.uasset" 622
"../../../Engine/Content/Functions/Engine_MaterialFunctions01/ImageAdjustment/CheapContrast.uexp" 623
"C:/Users/marco/Documents/Unreal Projects/Propulsive_Momentum/Content/LevelPrototyping/Textures/T_GridChecker_A.ubulk" 624
"C:/Users/marco/Documents/Unreal Projects/Propulsive_Momentum/Content/LevelPrototyping/Textures/T_GridChecker_A.uasset" 625
"C:/Users/marco/Documents/Unreal Projects/Propulsive_Momentum/Content/LevelPrototyping/Textures/T_GridChecker_A.uexp" 626
"C:/Users/marco/Documents/Unreal Projects/Propulsive_Momentum/Content/LevelPrototyping/Materials/MF_ProcGrid.uasset" 627
"C:/Users/marco/Documents/Unreal Projects/Propulsive_Momentum/Content/LevelPrototyping/Materials/MF_ProcGrid.uexp" 628
"C:/Users/marco/Documents/Unreal Projects/Propulsive_Momentum/Content/LevelPrototyping/Materials/M_PrototypeGrid.uasset" 629
"C:/Users/marco/Documents/Unreal Projects/Propulsive_Momentum/Content/LevelPrototyping/Materials/M_PrototypeGrid.uexp" 630
"C:/Users/marco/Documents/Unreal Projects/Propulsive_Momentum/Content/LevelPrototyping/Materials/MI_PrototypeGrid_Gray.uasset" 631
"C:/Users/marco/Documents/Unreal Projects/Propulsive_Momentum/Content/LevelPrototyping/Materials/MI_PrototypeGrid_Gray.uexp" 632
"C:/Users/marco/Documents/Unreal Projects/Propulsive_Momentum/Content/LevelPrototyping/Meshes/SM_Ramp.ubulk" 633
"C:/Users/marco/Documents/Unreal Projects/Propulsive_Momentum/Content/LevelPrototyping/Meshes/SM_Ramp.uasset" 634
"C:/Users/marco/Documents/Unreal Projects/Propulsive_Momentum/Content/LevelPrototyping/Meshes/SM_Ramp.uexp" 635
"C:/Users/marco/Documents/Unreal Projects/Propulsive_Momentum/Content/LevelPrototyping/Meshes/SM_QuarterCylinder.ubulk" 636
"C:/Users/marco/Documents/Unreal Projects/Propulsive_Momentum/Content/LevelPrototyping/Meshes/SM_QuarterCylinder.uasset" 637
"C:/Users/marco/Documents/Unreal Projects/Propulsive_Momentum/Content/LevelPrototyping/Meshes/SM_QuarterCylinder.uexp" 638
"C:/Users/marco/Documents/Unreal Projects/Propulsive_Momentum/Content/LevelPrototyping/Meshes/SM_Cylinder.ubulk" 639
"C:/Users/marco/Documents/Unreal Projects/Propulsive_Momentum/Content/LevelPrototyping/Meshes/SM_Cylinder.uasset" 640
"C:/Users/marco/Documents/Unreal Projects/Propulsive_Momentum/Content/LevelPrototyping/Meshes/SM_Cylinder.uexp" 641
"C:/Users/marco/Documents/Unreal Projects/Propulsive_Momentum/Content/LevelPrototyping/Meshes/SM_Cube.ubulk" 642
"C:/Users/marco/Documents/Unreal Projects/Propulsive_Momentum/Content/LevelPrototyping/Meshes/SM_Cube.uasset" 643
"C:/Users/marco/Documents/Unreal Projects/Propulsive_Momentum/Content/LevelPrototyping/Meshes/SM_Cube.uexp" 644
"../../../Engine/Content/VREditor/TransformGizmo/Xray.uasset" 645
"../../../Engine/Content/VREditor/TransformGizmo/Xray.uexp" 646
"../../../Engine/Content/VREditor/TransformGizmo/Main.uasset" 647
"../../../Engine/Content/VREditor/TransformGizmo/Main.uexp" 648
"../../../Engine/Content/VREditor/TransformGizmo/SM_Sequencer_Node.ubulk" 649
"../../../Engine/Content/VREditor/TransformGizmo/SM_Sequencer_Node.uasset" 650
"../../../Engine/Content/VREditor/TransformGizmo/SM_Sequencer_Node.uexp" 651
"../../../Engine/Content/VREditor/TransformGizmo/TranslucentTransformGizmoMaterial.uasset" 652
"../../../Engine/Content/VREditor/TransformGizmo/TranslucentTransformGizmoMaterial.uexp" 653
"../../../Engine/Content/VREditor/LaserPointer/VR_LaserPower_01.ubulk" 654
"../../../Engine/Content/VREditor/LaserPointer/VR_LaserPower_01.uasset" 655
"../../../Engine/Content/VREditor/LaserPointer/VR_LaserPower_01.uexp" 656
"../../../Engine/Content/VREditor/TransformGizmo/TransformGizmoMaterial.uasset" 657
"../../../Engine/Content/VREditor/TransformGizmo/TransformGizmoMaterial.uexp" 658
"../../../Engine/Content/VREditor/TransformGizmo/BoundingBoxEdge.ubulk" 659
"../../../Engine/Content/VREditor/TransformGizmo/BoundingBoxEdge.uasset" 660
"../../../Engine/Content/VREditor/TransformGizmo/BoundingBoxEdge.uexp" 661
"../../../Engine/Content/VREditor/TransformGizmo/BoundingBoxCorner.ubulk" 662
"../../../Engine/Content/VREditor/TransformGizmo/BoundingBoxCorner.uasset" 663
"../../../Engine/Content/VREditor/TransformGizmo/BoundingBoxCorner.uexp" 664
"../../../Engine/Content/EngineResources/FilmGrains/Marcie_Grain_v3_128_M2_000.uasset" 665
"../../../Engine/Content/EngineResources/FilmGrains/Marcie_Grain_v3_128_M2_000.uexp" 666
"../../../Engine/Content/EngineResources/Development/ZenLogo_64.uasset" 667
"../../../Engine/Content/EngineResources/Development/ZenLogo_64.uexp" 668
"../../../Engine/Content/EngineMaterials/LTC/Sheen_LTC.uasset" 669
"../../../Engine/Content/EngineMaterials/LTC/Sheen_LTC.uexp" 670
"../../../Engine/Content/EngineMaterials/LTC/GGX_LTCMat.uasset" 671
"../../../Engine/Content/EngineMaterials/LTC/GGX_LTCMat.uexp" 672
"../../../Engine/Content/EngineMaterials/LTC/GGX_LTCAmp.uasset" 673
"../../../Engine/Content/EngineMaterials/LTC/GGX_LTCAmp.uexp" 674
"../../../Engine/Content/EngineMaterials/EnergyConservation/Sheen_Energy.uasset" 675
"../../../Engine/Content/EngineMaterials/EnergyConservation/Sheen_Energy.uexp" 676
"../../../Engine/Content/EngineMaterials/EnergyConservation/SheenLegacy_Energy.uasset" 677
"../../../Engine/Content/EngineMaterials/EnergyConservation/SheenLegacy_Energy.uexp" 678
"../../../Engine/Content/EngineMaterials/EnergyConservation/GGX_TransmissionEnergyArray.uasset" 679
"../../../Engine/Content/EngineMaterials/EnergyConservation/GGX_TransmissionEnergyArray.uexp" 680
"../../../Engine/Content/EngineMaterials/EnergyConservation/GGX_ReflectionEnergy.uasset" 681
"../../../Engine/Content/EngineMaterials/EnergyConservation/GGX_ReflectionEnergy.uexp" 682
"../../../Engine/Content/EngineMaterials/EnergyConservation/Diffuse_Energy.uasset" 683
"../../../Engine/Content/EngineMaterials/EnergyConservation/Diffuse_Energy.uexp" 684
"../../../Engine/Content/EditorResources/SequenceRecorder/RecordingIndicator.uasset" 685
"../../../Engine/Content/EditorResources/SequenceRecorder/RecordingIndicator.uexp" 686
"../../../Engine/Content/EditorResources/SequenceRecorder/Countdown.uasset" 687
"../../../Engine/Content/EditorResources/SequenceRecorder/Countdown.uexp" 688
"../../../Engine/Content/EditorMaterials/Camera/CineMat.uasset" 689
"../../../Engine/Content/EditorMaterials/Camera/CineMat.uexp" 690
"../../../Engine/Content/EditorMaterials/Camera/MI_CineMat_Rig.uasset" 691
"../../../Engine/Content/EditorMaterials/Camera/MI_CineMat_Rig.uexp" 692
"../../../Engine/Content/EditorMeshes/Camera/SM_RailRig_Track.ubulk" 693
"../../../Engine/Content/EditorMeshes/Camera/SM_RailRig_Track.uasset" 694
"../../../Engine/Content/EditorMeshes/Camera/SM_RailRig_Track.uexp" 695
"../../../Engine/Content/EditorMeshes/Camera/SM_RailRig_Mount.ubulk" 696
"../../../Engine/Content/EditorMeshes/Camera/SM_RailRig_Mount.uasset" 697
"../../../Engine/Content/EditorMeshes/Camera/SM_RailRig_Mount.uexp" 698
"../../../Engine/Content/EditorMeshes/Camera/SM_CraneRig_Mount.ubulk" 699
"../../../Engine/Content/EditorMeshes/Camera/SM_CraneRig_Mount.uasset" 700
"../../../Engine/Content/EditorMeshes/Camera/SM_CraneRig_Mount.uexp" 701
"../../../Engine/Content/EditorMeshes/Camera/SM_CraneRig_Body.ubulk" 702
"../../../Engine/Content/EditorMeshes/Camera/SM_CraneRig_Body.uasset" 703
"../../../Engine/Content/EditorMeshes/Camera/SM_CraneRig_Body.uexp" 704
"../../../Engine/Content/EditorMeshes/Camera/SM_CraneRig_Base.ubulk" 705
"../../../Engine/Content/EditorMeshes/Camera/SM_CraneRig_Base.uasset" 706
"../../../Engine/Content/EditorMeshes/Camera/SM_CraneRig_Base.uexp" 707
"../../../Engine/Content/EditorMeshes/Camera/SM_CraneRig_Arm.ubulk" 708
"../../../Engine/Content/EditorMeshes/Camera/SM_CraneRig_Arm.uasset" 709
"../../../Engine/Content/EditorMeshes/Camera/SM_CraneRig_Arm.uexp" 710
"../../../Engine/Content/EditorMaterials/ParticleSystems/PSysThumbnail_OOD.ubulk" 711
"../../../Engine/Content/EditorMaterials/ParticleSystems/PSysThumbnail_OOD.uasset" 712
"../../../Engine/Content/EditorMaterials/ParticleSystems/PSysThumbnail_OOD.uexp" 713
"../../../Engine/Content/EditorMaterials/ParticleSystems/PSysThumbnail_NoImage.ubulk" 714
"../../../Engine/Content/EditorMaterials/ParticleSystems/PSysThumbnail_NoImage.uasset" 715
"../../../Engine/Content/EditorMaterials/ParticleSystems/PSysThumbnail_NoImage.uexp" 716
"../../../Engine/Content/EditorMaterials/Dataflow/DataflowVertexMaterial.uasset" 717
"../../../Engine/Content/EditorMaterials/Dataflow/DataflowVertexMaterial.uexp" 718
"../../../Engine/Content/EditorMaterials/Dataflow/DataflowTwoSidedVertexMaterial.uasset" 719
"../../../Engine/Content/EditorMaterials/Dataflow/DataflowTwoSidedVertexMaterial.uexp" 720
"../../../Engine/Plugins/Interchange/Assets/Content/gltf/Textures/T_White_srgb.uasset" 721
"../../../Engine/Plugins/Interchange/Assets/Content/gltf/Textures/T_White_srgb.uexp" 722
"../../../Engine/Plugins/Interchange/Assets/Content/gltf/MaterialFunctions/MF_BaseColor.uasset" 723
"../../../Engine/Plugins/Interchange/Assets/Content/gltf/MaterialFunctions/MF_BaseColor.uexp" 724
"../../../Engine/Plugins/Interchange/Assets/Content/gltf/MaterialFunctions/MF_RotateV2.uasset" 725
"../../../Engine/Plugins/Interchange/Assets/Content/gltf/MaterialFunctions/MF_RotateV2.uexp" 726
"../../../Engine/Plugins/Interchange/Assets/Content/gltf/MaterialFunctions/MF_TransformUVs.uasset" 727
"../../../Engine/Plugins/Interchange/Assets/Content/gltf/MaterialFunctions/MF_TransformUVs.uexp" 728
"../../../Engine/Plugins/Interchange/Assets/Content/gltf/MaterialBodies/MF_Unlit_Body.uasset" 729
"../../../Engine/Plugins/Interchange/Assets/Content/gltf/MaterialBodies/MF_Unlit_Body.uexp" 730
"../../../Engine/Plugins/Interchange/Assets/Content/gltf/M_Unlit.uasset" 731
"../../../Engine/Plugins/Interchange/Assets/Content/gltf/M_Unlit.uexp" 732
"../../../Engine/Plugins/Interchange/Assets/Content/gltf/MaterialInstances/MI_Unlit_Opaque_DS.uasset" 733
"../../../Engine/Plugins/Interchange/Assets/Content/gltf/MaterialInstances/MI_Unlit_Opaque_DS.uexp" 734
"../../../Engine/Plugins/Interchange/Assets/Content/gltf/MaterialInstances/MI_Unlit_Opaque.uasset" 735
"../../../Engine/Plugins/Interchange/Assets/Content/gltf/MaterialInstances/MI_Unlit_Opaque.uexp" 736
"../../../Engine/Plugins/Interchange/Assets/Content/gltf/MaterialInstances/MI_Unlit_Mask_DS.uasset" 737
"../../../Engine/Plugins/Interchange/Assets/Content/gltf/MaterialInstances/MI_Unlit_Mask_DS.uexp" 738
"../../../Engine/Plugins/Interchange/Assets/Content/gltf/MaterialInstances/MI_Unlit_Mask.uasset" 739
"../../../Engine/Plugins/Interchange/Assets/Content/gltf/MaterialInstances/MI_Unlit_Mask.uexp" 740
"../../../Engine/Plugins/Interchange/Assets/Content/gltf/MaterialInstances/MI_Unlit_Blend_DS.uasset" 741
"../../../Engine/Plugins/Interchange/Assets/Content/gltf/MaterialInstances/MI_Unlit_Blend_DS.uexp" 742
"../../../Engine/Plugins/Interchange/Assets/Content/gltf/MaterialInstances/MI_Unlit_Blend.uasset" 743
"../../../Engine/Plugins/Interchange/Assets/Content/gltf/MaterialInstances/MI_Unlit_Blend.uexp" 744
"../../../Engine/Content/EngineMaterials/Good64x64TilingNoiseHighFreq.uasset" 745
"../../../Engine/Content/EngineMaterials/Good64x64TilingNoiseHighFreq.uexp" 746
"../../../Engine/Content/Functions/Engine_MaterialFunctions02/Texturing/ScreenAlignedPixelToPixelUVs.uasset" 747
"../../../Engine/Content/Functions/Engine_MaterialFunctions02/Texturing/ScreenAlignedPixelToPixelUVs.uexp" 748
"../../../Engine/Plugins/Interchange/Assets/Content/Utilities/New_LUT.uasset" 749
"../../../Engine/Plugins/Interchange/Assets/Content/Utilities/New_LUT.uexp" 750
"../../../Engine/Content/Functions/Engine_MaterialFunctions03/Math/RemapValueRange.uasset" 751
"../../../Engine/Content/Functions/Engine_MaterialFunctions03/Math/RemapValueRange.uexp" 752
"../../../Engine/Plugins/Interchange/Assets/Content/Functions/MF_Iridescence.uasset" 753
"../../../Engine/Plugins/Interchange/Assets/Content/Functions/MF_Iridescence.uexp" 754
"../../../Engine/Plugins/Interchange/Assets/Content/gltf/MaterialFunctions/MF_Fresnel_DS.uasset" 755
"../../../Engine/Plugins/Interchange/Assets/Content/gltf/MaterialFunctions/MF_Fresnel_DS.uexp" 756
"../../../Engine/Plugins/Interchange/Assets/Content/gltf/MaterialFunctions/MF_IOR.uasset" 757
"../../../Engine/Plugins/Interchange/Assets/Content/gltf/MaterialFunctions/MF_IOR.uexp" 758
"../../../Engine/Plugins/Interchange/Assets/Content/gltf/MaterialFunctions/MF_Iridescence.uasset" 759
"../../../Engine/Plugins/Interchange/Assets/Content/gltf/MaterialFunctions/MF_Iridescence.uexp" 760
"../../../Engine/Plugins/Interchange/Assets/Content/gltf/Textures/T_White_Linear.uasset" 761
"../../../Engine/Plugins/Interchange/Assets/Content/gltf/Textures/T_White_Linear.uexp" 762
"../../../Engine/Plugins/Interchange/Assets/Content/gltf/MaterialFunctions/MF_MetallicRoughness.uasset" 763
"../../../Engine/Plugins/Interchange/Assets/Content/gltf/MaterialFunctions/MF_MetallicRoughness.uexp" 764
"../../../Engine/Content/Functions/Engine_MaterialFunctions02/Math/Transform3x3Matrix.uasset" 765
"../../../Engine/Content/Functions/Engine_MaterialFunctions02/Math/Transform3x3Matrix.uexp" 766
"../../../Engine/Plugins/Interchange/Assets/Content/gltf/MaterialFunctions/MF_RotateNormals_TS.uasset" 767
"../../../Engine/Plugins/Interchange/Assets/Content/gltf/MaterialFunctions/MF_RotateNormals_TS.uexp" 768
"../../../Engine/Plugins/Interchange/Assets/Content/gltf/MaterialFunctions/MF_ScaleNormal.uasset" 769
"../../../Engine/Plugins/Interchange/Assets/Content/gltf/MaterialFunctions/MF_ScaleNormal.uexp" 770
"../../../Engine/Plugins/Interchange/Assets/Content/gltf/Textures/T_Generic_N.uasset" 771
"../../../Engine/Plugins/Interchange/Assets/Content/gltf/Textures/T_Generic_N.uexp" 772
"../../../Engine/Plugins/Interchange/Assets/Content/gltf/MaterialFunctions/MF_Normals.uasset" 773
"../../../Engine/Plugins/Interchange/Assets/Content/gltf/MaterialFunctions/MF_Normals.uexp" 774
"../../../Engine/Plugins/Interchange/Assets/Content/gltf/MaterialFunctions/MF_Occlusion.uasset" 775
"../../../Engine/Plugins/Interchange/Assets/Content/gltf/MaterialFunctions/MF_Occlusion.uexp" 776
"../../../Engine/Plugins/Interchange/Assets/Content/gltf/MaterialFunctions/MF_Specular.uasset" 777
"../../../Engine/Plugins/Interchange/Assets/Content/gltf/MaterialFunctions/MF_Specular.uexp" 778
"../../../Engine/Plugins/Interchange/Assets/Content/gltf/Textures/T_Anisotropy_Direction_Linear.uasset" 779
"../../../Engine/Plugins/Interchange/Assets/Content/gltf/Textures/T_Anisotropy_Direction_Linear.uexp" 780
"../../../Engine/Plugins/Interchange/Assets/Content/gltf/MaterialFunctions/MF_SpecularAnisotropy.uasset" 781
"../../../Engine/Plugins/Interchange/Assets/Content/gltf/MaterialFunctions/MF_SpecularAnisotropy.uexp" 782
"../../../Engine/Plugins/Interchange/Assets/Content/gltf/MaterialFunctions/MF_Temporal_Blur.uasset" 783
"../../../Engine/Plugins/Interchange/Assets/Content/gltf/MaterialFunctions/MF_Temporal_Blur.uexp" 784
"../../../Engine/Plugins/Interchange/Assets/Content/gltf/MaterialFunctions/MF_Transmission.uasset" 785
"../../../Engine/Plugins/Interchange/Assets/Content/gltf/MaterialFunctions/MF_Transmission.uexp" 786
"../../../Engine/Plugins/Interchange/Assets/Content/gltf/MaterialBodies/MF_Transmission_Body.uasset" 787
"../../../Engine/Plugins/Interchange/Assets/Content/gltf/MaterialBodies/MF_Transmission_Body.uexp" 788
"../../../Engine/Plugins/Interchange/Assets/Content/gltf/M_Transmission.uasset" 789
"../../../Engine/Plugins/Interchange/Assets/Content/gltf/M_Transmission.uexp" 790
"../../../Engine/Plugins/Interchange/Assets/Content/gltf/MaterialInstances/MI_Transmission_DS.uasset" 791
"../../../Engine/Plugins/Interchange/Assets/Content/gltf/MaterialInstances/MI_Transmission_DS.uexp" 792
"../../../Engine/Plugins/Interchange/Assets/Content/gltf/MaterialInstances/MI_Transmission.uasset" 793
"../../../Engine/Plugins/Interchange/Assets/Content/gltf/MaterialInstances/MI_Transmission.uexp" 794
"../../../Engine/Content/Functions/Engine_MaterialFunctions02/Math/AddComponents.uasset" 795
"../../../Engine/Content/Functions/Engine_MaterialFunctions02/Math/AddComponents.uexp" 796
"../../../Engine/Plugins/Interchange/Assets/Content/gltf/MaterialFunctions/MF_DiffuseSpecGloss.uasset" 797
"../../../Engine/Plugins/Interchange/Assets/Content/gltf/MaterialFunctions/MF_DiffuseSpecGloss.uexp" 798
"../../../Engine/Plugins/Interchange/Assets/Content/gltf/MaterialFunctions/MF_Emissive.uasset" 799
"../../../Engine/Plugins/Interchange/Assets/Content/gltf/MaterialFunctions/MF_Emissive.uexp" 800
"../../../Engine/Plugins/Interchange/Assets/Content/gltf/MaterialFunctions/MF_MaxComponentValue.uasset" 801
"../../../Engine/Plugins/Interchange/Assets/Content/gltf/MaterialFunctions/MF_MaxComponentValue.uexp" 802
"../../../Engine/Plugins/Interchange/Assets/Content/gltf/MaterialFunctions/MF_PerceivedBrightness.uasset" 803
"../../../Engine/Plugins/Interchange/Assets/Content/gltf/MaterialFunctions/MF_PerceivedBrightness.uexp" 804
"../../../Engine/Plugins/Interchange/Assets/Content/gltf/MaterialFunctions/MF_SpecGlossToMetalRoughness.uasset" 805
"../../../Engine/Plugins/Interchange/Assets/Content/gltf/MaterialFunctions/MF_SpecGlossToMetalRoughness.uexp" 806
"../../../Engine/Plugins/Interchange/Assets/Content/gltf/MaterialBodies/MF_SpecularGlossiness_Body.uasset" 807
"../../../Engine/Plugins/Interchange/Assets/Content/gltf/MaterialBodies/MF_SpecularGlossiness_Body.uexp" 808
"../../../Engine/Plugins/Interchange/Assets/Content/gltf/M_SpecularGlossiness.uasset" 809
"../../../Engine/Plugins/Interchange/Assets/Content/gltf/M_SpecularGlossiness.uexp" 810
"../../../Engine/Plugins/Interchange/Assets/Content/gltf/MaterialInstances/MI_SpecularGlossiness_Opaque_DS.uasset" 811
"../../../Engine/Plugins/Interchange/Assets/Content/gltf/MaterialInstances/MI_SpecularGlossiness_Opaque_DS.uexp" 812
"../../../Engine/Plugins/Interchange/Assets/Content/gltf/MaterialInstances/MI_SpecularGlossiness_Opaque.uasset" 813
"../../../Engine/Plugins/Interchange/Assets/Content/gltf/MaterialInstances/MI_SpecularGlossiness_Opaque.uexp" 814
"../../../Engine/Plugins/Interchange/Assets/Content/gltf/MaterialInstances/MI_SpecularGlossiness_Mask_DS.uasset" 815
"../../../Engine/Plugins/Interchange/Assets/Content/gltf/MaterialInstances/MI_SpecularGlossiness_Mask_DS.uexp" 816
"../../../Engine/Plugins/Interchange/Assets/Content/gltf/MaterialInstances/MI_SpecularGlossiness_Mask.uasset" 817
"../../../Engine/Plugins/Interchange/Assets/Content/gltf/MaterialInstances/MI_SpecularGlossiness_Mask.uexp" 818
"../../../Engine/Plugins/Interchange/Assets/Content/gltf/MaterialInstances/MI_SpecularGlossiness_Blend_DS.uasset" 819
"../../../Engine/Plugins/Interchange/Assets/Content/gltf/MaterialInstances/MI_SpecularGlossiness_Blend_DS.uexp" 820
"../../../Engine/Plugins/Interchange/Assets/Content/gltf/MaterialInstances/MI_SpecularGlossiness_Blend.uasset" 821
"../../../Engine/Plugins/Interchange/Assets/Content/gltf/MaterialInstances/MI_SpecularGlossiness_Blend.uexp" 822
"../../../Engine/Plugins/Interchange/Assets/Content/gltf/MaterialFunctions/MF_Sheen.uasset" 823
"../../../Engine/Plugins/Interchange/Assets/Content/gltf/MaterialFunctions/MF_Sheen.uexp" 824
"../../../Engine/Plugins/Interchange/Assets/Content/gltf/MaterialBodies/MF_Sheen_Body.uasset" 825
"../../../Engine/Plugins/Interchange/Assets/Content/gltf/MaterialBodies/MF_Sheen_Body.uexp" 826
"../../../Engine/Plugins/Interchange/Assets/Content/gltf/M_Sheen.uasset" 827
"../../../Engine/Plugins/Interchange/Assets/Content/gltf/M_Sheen.uexp" 828
"../../../Engine/Plugins/Interchange/Assets/Content/gltf/MaterialInstances/MI_Sheen_Opaque_DS.uasset" 829
"../../../Engine/Plugins/Interchange/Assets/Content/gltf/MaterialInstances/MI_Sheen_Opaque_DS.uexp" 830
"../../../Engine/Plugins/Interchange/Assets/Content/gltf/MaterialInstances/MI_Sheen_Opaque.uasset" 831
"../../../Engine/Plugins/Interchange/Assets/Content/gltf/MaterialInstances/MI_Sheen_Opaque.uexp" 832
"../../../Engine/Plugins/Interchange/Assets/Content/gltf/MaterialInstances/MI_Sheen_Mask_DS.uasset" 833
"../../../Engine/Plugins/Interchange/Assets/Content/gltf/MaterialInstances/MI_Sheen_Mask_DS.uexp" 834
"../../../Engine/Plugins/Interchange/Assets/Content/gltf/MaterialInstances/MI_Sheen_Mask.uasset" 835
"../../../Engine/Plugins/Interchange/Assets/Content/gltf/MaterialInstances/MI_Sheen_Mask.uexp" 836
"../../../Engine/Plugins/Interchange/Assets/Content/gltf/MaterialInstances/MI_Sheen_Blend_DS.uasset" 837
"../../../Engine/Plugins/Interchange/Assets/Content/gltf/MaterialInstances/MI_Sheen_Blend_DS.uexp" 838
"../../../Engine/Plugins/Interchange/Assets/Content/gltf/MaterialInstances/MI_Sheen_Blend.uasset" 839
"../../../Engine/Plugins/Interchange/Assets/Content/gltf/MaterialInstances/MI_Sheen_Blend.uexp" 840
"../../../Engine/Plugins/Interchange/Assets/Content/gltf/MaterialBodies/MF_Default_Body.uasset" 841
"../../../Engine/Plugins/Interchange/Assets/Content/gltf/MaterialBodies/MF_Default_Body.uexp" 842
"../../../Engine/Plugins/Interchange/Assets/Content/gltf/M_Default.uasset" 843
"../../../Engine/Plugins/Interchange/Assets/Content/gltf/M_Default.uexp" 844
"../../../Engine/Plugins/Interchange/Assets/Content/gltf/MaterialInstances/MI_Default_Opaque_DS.uasset" 845
"../../../Engine/Plugins/Interchange/Assets/Content/gltf/MaterialInstances/MI_Default_Opaque_DS.uexp" 846
"../../../Engine/Plugins/Interchange/Assets/Content/gltf/MaterialInstances/MI_Default_Opaque.uasset" 847
"../../../Engine/Plugins/Interchange/Assets/Content/gltf/MaterialInstances/MI_Default_Opaque.uexp" 848
"../../../Engine/Plugins/Interchange/Assets/Content/gltf/MaterialInstances/MI_Default_Mask_DS.uasset" 849
"../../../Engine/Plugins/Interchange/Assets/Content/gltf/MaterialInstances/MI_Default_Mask_DS.uexp" 850
"../../../Engine/Plugins/Interchange/Assets/Content/gltf/MaterialInstances/MI_Default_Mask.uasset" 851
"../../../Engine/Plugins/Interchange/Assets/Content/gltf/MaterialInstances/MI_Default_Mask.uexp" 852
"../../../Engine/Plugins/Interchange/Assets/Content/gltf/MaterialInstances/MI_Default_Blend_DS.uasset" 853
"../../../Engine/Plugins/Interchange/Assets/Content/gltf/MaterialInstances/MI_Default_Blend_DS.uexp" 854
"../../../Engine/Plugins/Interchange/Assets/Content/gltf/MaterialInstances/MI_Default_Blend.uasset" 855
"../../../Engine/Plugins/Interchange/Assets/Content/gltf/MaterialInstances/MI_Default_Blend.uexp" 856
"../../../Engine/Content/Functions/Engine_MaterialFunctions01/Texturing/FlattenNormal.uasset" 857
"../../../Engine/Content/Functions/Engine_MaterialFunctions01/Texturing/FlattenNormal.uexp" 858
"../../../Engine/Plugins/Interchange/Assets/Content/gltf/MaterialFunctions/MF_Clearcoat.uasset" 859
"../../../Engine/Plugins/Interchange/Assets/Content/gltf/MaterialFunctions/MF_Clearcoat.uexp" 860
"../../../Engine/Plugins/Interchange/Assets/Content/gltf/MaterialBodies/MF_ClearCoat_Body.uasset" 861
"../../../Engine/Plugins/Interchange/Assets/Content/gltf/MaterialBodies/MF_ClearCoat_Body.uexp" 862
"../../../Engine/Plugins/Interchange/Assets/Content/gltf/M_ClearCoat.uasset" 863
"../../../Engine/Plugins/Interchange/Assets/Content/gltf/M_ClearCoat.uexp" 864
"../../../Engine/Plugins/Interchange/Assets/Content/gltf/MaterialInstances/MI_ClearCoat_Opaque_DS.uasset" 865
"../../../Engine/Plugins/Interchange/Assets/Content/gltf/MaterialInstances/MI_ClearCoat_Opaque_DS.uexp" 866
"../../../Engine/Plugins/Interchange/Assets/Content/gltf/MaterialInstances/MI_ClearCoat_Opaque.uasset" 867
"../../../Engine/Plugins/Interchange/Assets/Content/gltf/MaterialInstances/MI_ClearCoat_Opaque.uexp" 868
"../../../Engine/Plugins/Interchange/Assets/Content/gltf/MaterialInstances/MI_ClearCoat_Mask_DS.uasset" 869
"../../../Engine/Plugins/Interchange/Assets/Content/gltf/MaterialInstances/MI_ClearCoat_Mask_DS.uexp" 870
"../../../Engine/Plugins/Interchange/Assets/Content/gltf/MaterialInstances/MI_ClearCoat_Mask.uasset" 871
"../../../Engine/Plugins/Interchange/Assets/Content/gltf/MaterialInstances/MI_ClearCoat_Mask.uexp" 872
"../../../Engine/Plugins/Interchange/Assets/Content/gltf/MaterialInstances/MI_ClearCoat_Blend_DS.uasset" 873
"../../../Engine/Plugins/Interchange/Assets/Content/gltf/MaterialInstances/MI_ClearCoat_Blend_DS.uexp" 874
"../../../Engine/Plugins/Interchange/Assets/Content/gltf/MaterialInstances/MI_ClearCoat_Blend.uasset" 875
"../../../Engine/Plugins/Interchange/Assets/Content/gltf/MaterialInstances/MI_ClearCoat_Blend.uexp" 876
"../../../Engine/Content/EngineMaterials/Substrate/Volume/SubstrateSimpleVolumeLUT3D.uasset" 877
"../../../Engine/Content/EngineMaterials/Substrate/Volume/SubstrateSimpleVolumeLUT3D.uexp" 878
"../../../Engine/Content/EngineMaterials/Substrate/Volume/SubstrateSimpleVolumeEnvLUT3D.uasset" 879
"../../../Engine/Content/EngineMaterials/Substrate/Volume/SubstrateSimpleVolumeEnvLUT3D.uexp" 880
"../../../Engine/Content/EngineMaterials/Substrate/Glints2/AGlintTex2dArray2.uasset" 881
"../../../Engine/Content/EngineMaterials/Substrate/Glints2/AGlintTex2dArray2.uexp" 882
"../../../Engine/Content/Functions/Engine_MaterialFunctions01/Shading/PowerToRoughness.uasset" 883
"../../../Engine/Content/Functions/Engine_MaterialFunctions01/Shading/PowerToRoughness.uexp" 884
"../../../Engine/Content/Functions/Engine_MaterialFunctions01/Shading/ConvertFromDiffSpec.uasset" 885
"../../../Engine/Content/Functions/Engine_MaterialFunctions01/Shading/ConvertFromDiffSpec.uexp" 886
"../../../Engine/Content/EngineMaterials/Substrate/GLints/AGlintTex2dArray.uasset" 887
"../../../Engine/Content/EngineMaterials/Substrate/GLints/AGlintTex2dArray.uexp" 888
"../../../Engine/Content/ArtTools/RenderToTexture/Meshes/S_1_Unit_Plane.ubulk" 889
"../../../Engine/Content/ArtTools/RenderToTexture/Meshes/S_1_Unit_Plane.uasset" 890
"../../../Engine/Content/ArtTools/RenderToTexture/Meshes/S_1_Unit_Plane.uexp" 891
"../../../Engine/Content/EngineResources/LandscapeVisibilityLayerInfo.uasset" 892
"../../../Engine/Content/EngineResources/LandscapeVisibilityLayerInfo.uexp" 893
"../../../Engine/Content/VREditor/TransformGizmo/TranslucentTransformGizmoMaterial_Inst.uasset" 894
"../../../Engine/Content/VREditor/TransformGizmo/TranslucentTransformGizmoMaterial_Inst.uexp" 895
"../../../Engine/Content/VREditor/TransformGizmo/TransformGizmoMaterial_Inst.uasset" 896
"../../../Engine/Content/VREditor/TransformGizmo/TransformGizmoMaterial_Inst.uexp" 897
"../../../Engine/Content/VREditor/Sounds/UI/Drop_Item_From_ContentBrowser.ubulk" 898
"../../../Engine/Content/VREditor/Sounds/UI/Drop_Item_From_ContentBrowser.uasset" 899
"../../../Engine/Content/VREditor/Sounds/UI/Drop_Item_From_ContentBrowser.uexp" 900
"../../../Engine/Content/VREditor/TransformGizmo/UniformScaleHandle.ubulk" 901
"../../../Engine/Content/VREditor/TransformGizmo/UniformScaleHandle.uasset" 902
"../../../Engine/Content/VREditor/TransformGizmo/UniformScaleHandle.uexp" 903
"../../../Engine/Content/VREditor/TransformGizmo/TranslateArrowHandle.ubulk" 904
"../../../Engine/Content/VREditor/TransformGizmo/TranslateArrowHandle.uasset" 905
"../../../Engine/Content/VREditor/TransformGizmo/TranslateArrowHandle.uexp" 906
"../../../Engine/Content/VREditor/TransformGizmo/TransformGizmoFreeRotation.ubulk" 907
"../../../Engine/Content/VREditor/TransformGizmo/TransformGizmoFreeRotation.uasset" 908
"../../../Engine/Content/VREditor/TransformGizmo/TransformGizmoFreeRotation.uexp" 909
"../../../Engine/Content/VREditor/TransformGizmo/StartRotationHandleIndicator.ubulk" 910
"../../../Engine/Content/VREditor/TransformGizmo/StartRotationHandleIndicator.uasset" 911
"../../../Engine/Content/VREditor/TransformGizmo/StartRotationHandleIndicator.uexp" 912
"../../../Engine/Content/VREditor/TransformGizmo/RotationHandleQuarter.ubulk" 913
"../../../Engine/Content/VREditor/TransformGizmo/RotationHandleQuarter.uasset" 914
"../../../Engine/Content/VREditor/TransformGizmo/RotationHandleQuarter.uexp" 915
"../../../Engine/Content/VREditor/TransformGizmo/RotationHandleIndicator.ubulk" 916
"../../../Engine/Content/VREditor/TransformGizmo/RotationHandleIndicator.uasset" 917
"../../../Engine/Content/VREditor/TransformGizmo/RotationHandleIndicator.uexp" 918
"../../../Engine/Content/VREditor/TransformGizmo/RotationHandleFull.ubulk" 919
"../../../Engine/Content/VREditor/TransformGizmo/RotationHandleFull.uasset" 920
"../../../Engine/Content/VREditor/TransformGizmo/RotationHandleFull.uexp" 921
"../../../Engine/Content/VREditor/TransformGizmo/PlaneTranslationHandle.ubulk" 922
"../../../Engine/Content/VREditor/TransformGizmo/PlaneTranslationHandle.uasset" 923
"../../../Engine/Content/VREditor/TransformGizmo/PlaneTranslationHandle.uexp" 924
"../../../Engine/Content/Functions/Engine_MaterialFunctions02/SplitComponents.uasset" 925
"../../../Engine/Content/Functions/Engine_MaterialFunctions02/SplitComponents.uexp" 926
"../../../Engine/Content/VREditor/SnapGrid/SnapGridMaterial.uasset" 927
"../../../Engine/Content/VREditor/SnapGrid/SnapGridMaterial.uexp" 928
"../../../Engine/Content/VREditor/SnapGrid/SnapGridPlaneMesh.ubulk" 929
"../../../Engine/Content/VREditor/SnapGrid/SnapGridPlaneMesh.uasset" 930
"../../../Engine/Content/VREditor/SnapGrid/SnapGridPlaneMesh.uexp" 931
"../../../Engine/Content/VREditor/Sounds/UI/Gizmo_Handle_Clicked.ubulk" 932
"../../../Engine/Content/VREditor/Sounds/UI/Gizmo_Handle_Clicked.uasset" 933
"../../../Engine/Content/VREditor/Sounds/UI/Gizmo_Handle_Clicked.uexp" 934
"../../../Engine/Content/VREditor/Sounds/UI/Object_PickUp.ubulk" 935
"../../../Engine/Content/VREditor/Sounds/UI/Object_PickUp.uasset" 936
"../../../Engine/Content/VREditor/Sounds/UI/Object_PickUp.uexp" 937
"../../../Engine/Content/VREditor/Sounds/UI/Object_Snaps_To_Another_Actor.ubulk" 938
"../../../Engine/Content/VREditor/Sounds/UI/Object_Snaps_To_Another_Actor.uasset" 939
"../../../Engine/Content/VREditor/Sounds/UI/Object_Snaps_To_Another_Actor.uexp" 940
"../../../Engine/Content/VREditor/Sounds/UI/Object_Snaps_To_Grid.ubulk" 941
"../../../Engine/Content/VREditor/Sounds/UI/Object_Snaps_To_Grid.uasset" 942
"../../../Engine/Content/VREditor/Sounds/UI/Object_Snaps_To_Grid.uexp" 943
"../../../Engine/Content/VREditor/Sounds/UI/Scaling_Down.ubulk" 944
"../../../Engine/Content/VREditor/Sounds/UI/Scaling_Down.uasset" 945
"../../../Engine/Content/VREditor/Sounds/UI/Scaling_Down.uexp" 946
"../../../Engine/Content/VREditor/Sounds/UI/Scaling_Up.ubulk" 947
"../../../Engine/Content/VREditor/Sounds/UI/Scaling_Up.uasset" 948
"../../../Engine/Content/VREditor/Sounds/UI/Scaling_Up.uexp" 949
"../../../Engine/Content/VREditor/Sounds/UI/Selection_Changes.ubulk" 950
"../../../Engine/Content/VREditor/Sounds/UI/Selection_Changes.uasset" 951
"../../../Engine/Content/VREditor/Sounds/UI/Selection_Changes.uexp" 952
"../../../Engine/Plugins/Animation/DeformerGraph/Content/DeformerFunctions/DG_Function_LinearBlendSkin_Morph_Cloth.uasset" 953
"../../../Engine/Plugins/Animation/DeformerGraph/Content/DeformerFunctions/DG_Function_LinearBlendSkin_Morph_Cloth.uexp" 954
"../../../Engine/Plugins/Animation/DeformerGraph/Content/Deformers/DG_LinearBlendSkin_Morph_Cloth.uasset" 955
"../../../Engine/Plugins/Animation/DeformerGraph/Content/Deformers/DG_LinearBlendSkin_Morph_Cloth.uexp" 956
"../../../Engine/Plugins/Animation/DeformerGraph/Content/DeformerFunctions/DG_Function_LinearBlendSkin_Morph_Cloth_PositionOnly.uasset" 957
"../../../Engine/Plugins/Animation/DeformerGraph/Content/DeformerFunctions/DG_Function_LinearBlendSkin_Morph_Cloth_PositionOnly.uexp" 958
"../../../Engine/Plugins/Animation/DeformerGraph/Content/DeformerFunctions/DG_Function_ComputeNormalsTangents.uasset" 959
"../../../Engine/Plugins/Animation/DeformerGraph/Content/DeformerFunctions/DG_Function_ComputeNormalsTangents.uexp" 960
"../../../Engine/Plugins/Animation/DeformerGraph/Content/Deformers/DG_LinearBlendSkin_Morph_Cloth_RecomputeNormals.uasset" 961
"../../../Engine/Plugins/Animation/DeformerGraph/Content/Deformers/DG_LinearBlendSkin_Morph_Cloth_RecomputeNormals.uexp" 962
"../../../Engine/Plugins/NNE/NNEDenoiser/Content/NNEDT_Oidn2-3_Balanced.uasset" 963
"../../../Engine/Plugins/NNE/NNEDenoiser/Content/NNEDT_Oidn2-3_Balanced.uexp" 964
"../../../Engine/Plugins/NNE/NNEDenoiser/Content/NNEDT_Oidn2-3_Balanced_Alpha.uasset" 965
"../../../Engine/Plugins/NNE/NNEDenoiser/Content/NNEDT_Oidn2-3_Balanced_Alpha.uexp" 966
"../../../Engine/Plugins/NNE/NNEDenoiser/Content/NNED_Oidn2-3_Balanced.uasset" 967
"../../../Engine/Plugins/NNE/NNEDenoiser/Content/NNED_Oidn2-3_Balanced.uexp" 968
"../../../Engine/Plugins/NNE/NNEDenoiser/Content/NNED_Oidn2-3_Balanced_Alpha.uasset" 969
"../../../Engine/Plugins/NNE/NNEDenoiser/Content/NNED_Oidn2-3_Balanced_Alpha.uexp" 970
"../../../Engine/Plugins/NNE/NNEDenoiser/Content/NNED_Oidn2-3_Fast.uasset" 971
"../../../Engine/Plugins/NNE/NNEDenoiser/Content/NNED_Oidn2-3_Fast.uexp" 972
"../../../Engine/Plugins/NNE/NNEDenoiser/Content/NNED_Oidn2-3_Fast_Alpha.uasset" 973
"../../../Engine/Plugins/NNE/NNEDenoiser/Content/NNED_Oidn2-3_Fast_Alpha.uexp" 974
"../../../Engine/Plugins/NNE/NNEDenoiser/Content/NNED_Oidn2-3_HighQuality.uasset" 975
"../../../Engine/Plugins/NNE/NNEDenoiser/Content/NNED_Oidn2-3_HighQuality.uexp" 976
"../../../Engine/Plugins/NNE/NNEDenoiser/Content/NNED_Oidn2-3_HighQuality_Alpha.uasset" 977
"../../../Engine/Plugins/NNE/NNEDenoiser/Content/NNED_Oidn2-3_HighQuality_Alpha.uexp" 978
"../../../Engine/Content/BasicShapes/Cube.ubulk" 979
"../../../Engine/Content/BasicShapes/Cube.uasset" 980
"../../../Engine/Content/BasicShapes/Cube.uexp" 981
"../../../Engine/Content/BasicShapes/BasicShapeMaterial.uasset" 982
"../../../Engine/Content/BasicShapes/BasicShapeMaterial.uexp" 983
"../../../Engine/Content/EngineSky/T_Sky_Stars.ubulk" 984
"../../../Engine/Content/EngineSky/T_Sky_Stars.uasset" 985
"../../../Engine/Content/EngineSky/T_Sky_Stars.uexp" 986
"../../../Engine/Content/EngineSky/T_Sky_Clouds_M.ubulk" 987
"../../../Engine/Content/EngineSky/T_Sky_Clouds_M.uasset" 988
"../../../Engine/Content/EngineSky/T_Sky_Clouds_M.uexp" 989
"../../../Engine/Content/EngineSky/T_Sky_Blue.ubulk" 990
"../../../Engine/Content/EngineSky/T_Sky_Blue.uasset" 991
"../../../Engine/Content/EngineSky/T_Sky_Blue.uexp" 992
"../../../Engine/Content/EngineSky/M_Sky_Panning_Clouds2.uasset" 993
"../../../Engine/Content/EngineSky/M_Sky_Panning_Clouds2.uexp" 994
"../../../Engine/Content/EngineSky/SM_SkySphere.ubulk" 995
"../../../Engine/Content/EngineSky/SM_SkySphere.uasset" 996
"../../../Engine/Content/EngineSky/SM_SkySphere.uexp" 997
"../../../Engine/Content/EngineSky/M_SimpleSkyDome.uasset" 998
"../../../Engine/Content/EngineSky/M_SimpleSkyDome.uexp" 999
"../../../Engine/Content/EngineSky/VolumetricClouds/VT_PerlinWorley_Balanced.uasset" 1000
"../../../Engine/Content/EngineSky/VolumetricClouds/VT_PerlinWorley_Balanced.uexp" 1001
"../../../Engine/Content/EngineSky/VolumetricClouds/T_Profile_08.ubulk" 1002
"../../../Engine/Content/EngineSky/VolumetricClouds/T_Profile_08.uasset" 1003
"../../../Engine/Content/EngineSky/VolumetricClouds/T_Profile_08.uexp" 1004
"../../../Engine/Content/EngineSky/VolumetricClouds/T_CloudPattern.ubulk" 1005
"../../../Engine/Content/EngineSky/VolumetricClouds/T_CloudPattern.uasset" 1006
"../../../Engine/Content/EngineSky/VolumetricClouds/T_CloudPattern.uexp" 1007
"../../../Engine/Content/EngineSky/VolumetricClouds/T_CloudMask.ubulk" 1008
"../../../Engine/Content/EngineSky/VolumetricClouds/T_CloudMask.uasset" 1009
"../../../Engine/Content/EngineSky/VolumetricClouds/T_CloudMask.uexp" 1010
"../../../Engine/Content/Functions/Engine_MaterialFunctions02/Utility/BreakOutFloat4Components.uasset" 1011
"../../../Engine/Content/Functions/Engine_MaterialFunctions02/Utility/BreakOutFloat4Components.uexp" 1012
"../../../Engine/Content/EngineResources/DefaultVolumeTexture2D.uasset" 1013
"../../../Engine/Content/EngineResources/DefaultVolumeTexture2D.uexp" 1014
"../../../Engine/Content/EngineResources/DefaultVolumeTexture.uasset" 1015
"../../../Engine/Content/EngineResources/DefaultVolumeTexture.uexp" 1016
"../../../Engine/Content/Functions/Engine_MaterialFunctions02/Utility/MakeFloat4.uasset" 1017
"../../../Engine/Content/Functions/Engine_MaterialFunctions02/Utility/MakeFloat4.uexp" 1018
"../../../Engine/Content/EngineSky/VolumetricClouds/VT_Lightning.uasset" 1019
"../../../Engine/Content/EngineSky/VolumetricClouds/VT_Lightning.uexp" 1020
"../../../Engine/Content/Functions/Engine_MaterialFunctions01/Units/Km-to-Cm.uasset" 1021
"../../../Engine/Content/Functions/Engine_MaterialFunctions01/Units/Km-to-Cm.uexp" 1022
"../../../Engine/Content/EngineSky/VolumetricClouds/m_SimpleVolumetricCloud.uasset" 1023
"../../../Engine/Content/EngineSky/VolumetricClouds/m_SimpleVolumetricCloud.uexp" 1024
"../../../Engine/Content/EngineSky/VolumetricClouds/m_SimpleVolumetricCloud_Inst.uasset" 1025
"../../../Engine/Content/EngineSky/VolumetricClouds/m_SimpleVolumetricCloud_Inst.uexp" 1026
"C:/Users/marco/Documents/Unreal Projects/Propulsive_Momentum/Content/__Benjamin_Folder/standardSurface1.uasset" 1027
"C:/Users/marco/Documents/Unreal Projects/Propulsive_Momentum/Content/__Benjamin_Folder/standardSurface1.uexp" 1028
"C:/Users/marco/Documents/Unreal Projects/Propulsive_Momentum/Content/__Benjamin_Folder/Spike.ubulk" 1029
"C:/Users/marco/Documents/Unreal Projects/Propulsive_Momentum/Content/__Benjamin_Folder/Spike.uasset" 1030
"C:/Users/marco/Documents/Unreal Projects/Propulsive_Momentum/Content/__Benjamin_Folder/Spike.uexp" 1031
"C:/Users/marco/Documents/Unreal Projects/Propulsive_Momentum/Content/__Benjamin_Folder/AC_Health.uasset" 1032
"C:/Users/marco/Documents/Unreal Projects/Propulsive_Momentum/Content/__Benjamin_Folder/AC_Health.uexp" 1033
"C:/Users/marco/Documents/Unreal Projects/Propulsive_Momentum/Content/_Materials/PlayerMaterials/M_Red.uasset" 1034
"C:/Users/marco/Documents/Unreal Projects/Propulsive_Momentum/Content/_Materials/PlayerMaterials/M_Red.uexp" 1035
"C:/Users/marco/Documents/Unreal Projects/Propulsive_Momentum/Content/__Benjamin_Folder/BP_Spike.uasset" 1036
"C:/Users/marco/Documents/Unreal Projects/Propulsive_Momentum/Content/__Benjamin_Folder/BP_Spike.uexp" 1037
"../../../Engine/Content/BasicShapes/Cylinder.ubulk" 1038
"../../../Engine/Content/BasicShapes/Cylinder.uasset" 1039
"../../../Engine/Content/BasicShapes/Cylinder.uexp" 1040
"../../../Engine/Content/BasicShapes/Cone.ubulk" 1041
"../../../Engine/Content/BasicShapes/Cone.uasset" 1042
"../../../Engine/Content/BasicShapes/Cone.uexp" 1043
"C:/Users/marco/Documents/Unreal Projects/Propulsive_Momentum/Content/__Marco_Folder/CS_Charge.uasset" 1044
"C:/Users/marco/Documents/Unreal Projects/Propulsive_Momentum/Content/__Marco_Folder/CS_Charge.uexp" 1045
"C:/Users/marco/Documents/Unreal Projects/Propulsive_Momentum/Content/__Benjamin_Folder/WB_GameOver.uasset" 1046
"C:/Users/marco/Documents/Unreal Projects/Propulsive_Momentum/Content/__Benjamin_Folder/WB_GameOver.uexp" 1047
"../../../Engine/Content/Functions/Engine_MaterialFunctions02/Utility/DitherTemporalAA.uasset" 1048
"../../../Engine/Content/Functions/Engine_MaterialFunctions02/Utility/DitherTemporalAA.uexp" 1049
"C:/Users/marco/Documents/Unreal Projects/Propulsive_Momentum/Content/_Materials/PlayerMaterials/M_White.uasset" 1050
"C:/Users/marco/Documents/Unreal Projects/Propulsive_Momentum/Content/_Materials/PlayerMaterials/M_White.uexp" 1051
"C:/Users/marco/Documents/Unreal Projects/Propulsive_Momentum/Content/Input/Actions/IA_MouseLook.uasset" 1052
"C:/Users/marco/Documents/Unreal Projects/Propulsive_Momentum/Content/Input/Actions/IA_MouseLook.uexp" 1053
"C:/Users/marco/Documents/Unreal Projects/Propulsive_Momentum/Content/Input/Actions/IA_Charge.uasset" 1054
"C:/Users/marco/Documents/Unreal Projects/Propulsive_Momentum/Content/Input/Actions/IA_Charge.uexp" 1055
"C:/Users/marco/Documents/Unreal Projects/Propulsive_Momentum/Content/Input/Actions/IA_Look.uasset" 1056
"C:/Users/marco/Documents/Unreal Projects/Propulsive_Momentum/Content/Input/Actions/IA_Look.uexp" 1057
"C:/Users/marco/Documents/Unreal Projects/Propulsive_Momentum/Content/Input/Actions/IA_Move.uasset" 1058
"C:/Users/marco/Documents/Unreal Projects/Propulsive_Momentum/Content/Input/Actions/IA_Move.uexp" 1059
"C:/Users/marco/Documents/Unreal Projects/Propulsive_Momentum/Content/_UI/InteractDot.uasset" 1060
"C:/Users/marco/Documents/Unreal Projects/Propulsive_Momentum/Content/_UI/InteractDot.uexp" 1061
"C:/Users/marco/Documents/Unreal Projects/Propulsive_Momentum/Content/_UI/WB_Aim.uasset" 1062
"C:/Users/marco/Documents/Unreal Projects/Propulsive_Momentum/Content/_UI/WB_Aim.uexp" 1063
"C:/Users/marco/Documents/Unreal Projects/Propulsive_Momentum/Content/LevelPrototyping/Meshes/SM_ChamferCube.ubulk" 1064
"C:/Users/marco/Documents/Unreal Projects/Propulsive_Momentum/Content/LevelPrototyping/Meshes/SM_ChamferCube.uasset" 1065
"C:/Users/marco/Documents/Unreal Projects/Propulsive_Momentum/Content/LevelPrototyping/Meshes/SM_ChamferCube.uexp" 1066
"C:/Users/marco/Documents/Unreal Projects/Propulsive_Momentum/Content/_Materials/PlayerMaterials/M_Grey.uasset" 1067
"C:/Users/marco/Documents/Unreal Projects/Propulsive_Momentum/Content/_Materials/PlayerMaterials/M_Grey.uexp" 1068
"C:/Users/marco/Documents/Unreal Projects/Propulsive_Momentum/Content/_Blueprints/CV_ChargeVelocity.uasset" 1069
"C:/Users/marco/Documents/Unreal Projects/Propulsive_Momentum/Content/_Blueprints/CV_ChargeVelocity.uexp" 1070
"C:/Users/marco/Documents/Unreal Projects/Propulsive_Momentum/Content/_UI/WB_WinScreen.uasset" 1071
"C:/Users/marco/Documents/Unreal Projects/Propulsive_Momentum/Content/_UI/WB_WinScreen.uexp" 1072
"C:/Users/marco/Documents/Unreal Projects/Propulsive_Momentum/Content/_UI/WB_Timer.uasset" 1073
"C:/Users/marco/Documents/Unreal Projects/Propulsive_Momentum/Content/_UI/WB_Timer.uexp" 1074
"C:/Users/marco/Documents/Unreal Projects/Propulsive_Momentum/Content/_UI/WB_PauseMenu.uasset" 1075
"C:/Users/marco/Documents/Unreal Projects/Propulsive_Momentum/Content/_UI/WB_PauseMenu.uexp" 1076
"C:/Users/marco/Documents/Unreal Projects/Propulsive_Momentum/Content/_UI/Heart_Shape_PNG_Clipart-3166.uasset" 1077
"C:/Users/marco/Documents/Unreal Projects/Propulsive_Momentum/Content/_UI/Heart_Shape_PNG_Clipart-3166.uexp" 1078
"C:/Users/marco/Documents/Unreal Projects/Propulsive_Momentum/Content/_UI/WB_Lives.uasset" 1079
"C:/Users/marco/Documents/Unreal Projects/Propulsive_Momentum/Content/_UI/WB_Lives.uexp" 1080
"C:/Users/marco/Documents/Unreal Projects/Propulsive_Momentum/Content/_UI/WB_Jetpack.uasset" 1081
"C:/Users/marco/Documents/Unreal Projects/Propulsive_Momentum/Content/_UI/WB_Jetpack.uexp" 1082
"C:/Users/marco/Documents/Unreal Projects/Propulsive_Momentum/Content/_UI/WB_Charge.uasset" 1083
"C:/Users/marco/Documents/Unreal Projects/Propulsive_Momentum/Content/_UI/WB_Charge.uexp" 1084
"C:/Users/marco/Documents/Unreal Projects/Propulsive_Momentum/Content/Input/Actions/IA_Jetpack.uasset" 1085
"C:/Users/marco/Documents/Unreal Projects/Propulsive_Momentum/Content/Input/Actions/IA_Jetpack.uexp" 1086
"C:/Users/marco/Documents/Unreal Projects/Propulsive_Momentum/Content/Input/Actions/IA_Dive.uasset" 1087
"C:/Users/marco/Documents/Unreal Projects/Propulsive_Momentum/Content/Input/Actions/IA_Dive.uexp" 1088
"C:/Users/marco/Documents/Unreal Projects/Propulsive_Momentum/Content/Input/Actions/IA_Pause.uasset" 1089
"C:/Users/marco/Documents/Unreal Projects/Propulsive_Momentum/Content/Input/Actions/IA_Pause.uexp" 1090
"C:/Users/marco/Documents/Unreal Projects/Propulsive_Momentum/Content/_UI/WB_Controls_Etc.uasset" 1091
"C:/Users/marco/Documents/Unreal Projects/Propulsive_Momentum/Content/_UI/WB_Controls_Etc.uexp" 1092
"C:/Users/marco/Documents/Unreal Projects/Propulsive_Momentum/Content/_Blueprints/RearViewMirror/RearViewMirror.uasset" 1093
"C:/Users/marco/Documents/Unreal Projects/Propulsive_Momentum/Content/_Blueprints/RearViewMirror/RearViewMirror.uexp" 1094
"C:/Users/marco/Documents/Unreal Projects/Propulsive_Momentum/Content/_UI/WB_RearViewMirror.uasset" 1095
"C:/Users/marco/Documents/Unreal Projects/Propulsive_Momentum/Content/_UI/WB_RearViewMirror.uexp" 1096
"C:/Users/marco/Documents/Unreal Projects/Propulsive_Momentum/Content/_Blueprints/BP_Hero.uasset" 1097
"C:/Users/marco/Documents/Unreal Projects/Propulsive_Momentum/Content/_Blueprints/BP_Hero.uexp" 1098
"C:/Users/marco/Documents/Unreal Projects/Propulsive_Momentum/Content/__Benjamin_Folder/BP_GameInstance.uasset" 1099
"C:/Users/marco/Documents/Unreal Projects/Propulsive_Momentum/Content/__Benjamin_Folder/BP_GameInstance.uexp" 1100
"C:/Users/marco/Documents/Unreal Projects/Propulsive_Momentum/Content/__Benjamin_Folder/BP_SpawnPoint.uasset" 1101
"C:/Users/marco/Documents/Unreal Projects/Propulsive_Momentum/Content/__Benjamin_Folder/BP_SpawnPoint.uexp" 1102
"C:/Users/marco/Documents/Unreal Projects/Propulsive_Momentum/Content/_Materials/M_Checkpoint.uasset" 1103
"C:/Users/marco/Documents/Unreal Projects/Propulsive_Momentum/Content/_Materials/M_Checkpoint.uexp" 1104
"C:/Users/marco/Documents/Unreal Projects/Propulsive_Momentum/Content/__Benjamin_Folder/BP_Checkpoint.uasset" 1105
"C:/Users/marco/Documents/Unreal Projects/Propulsive_Momentum/Content/__Benjamin_Folder/BP_Checkpoint.uexp" 1106
"C:/Users/marco/Documents/Unreal Projects/Propulsive_Momentum/Content/_Materials/M_RedClear.uasset" 1107
"C:/Users/marco/Documents/Unreal Projects/Propulsive_Momentum/Content/_Materials/M_RedClear.uexp" 1108
"C:/Users/marco/Documents/Unreal Projects/Propulsive_Momentum/Content/__Benjamin_Folder/BP_KillVolume.uasset" 1109
"C:/Users/marco/Documents/Unreal Projects/Propulsive_Momentum/Content/__Benjamin_Folder/BP_KillVolume.uexp" 1110
"C:/Users/marco/Documents/Unreal Projects/Propulsive_Momentum/Content/__Benjamin_Folder/BP_SafeSpike.uasset" 1111
"C:/Users/marco/Documents/Unreal Projects/Propulsive_Momentum/Content/__Benjamin_Folder/BP_SafeSpike.uexp" 1112
"C:/Users/marco/Documents/Unreal Projects/Propulsive_Momentum/Content/__Benjamin_Folder/BP_SafeKillVolume_.uasset" 1113
"C:/Users/marco/Documents/Unreal Projects/Propulsive_Momentum/Content/__Benjamin_Folder/BP_SafeKillVolume_.uexp" 1114
"C:/Users/marco/Documents/Unreal Projects/Propulsive_Momentum/Content/_Materials/M_YellowPaint.uasset" 1115
"C:/Users/marco/Documents/Unreal Projects/Propulsive_Momentum/Content/_Materials/M_YellowPaint.uexp" 1116
"C:/Users/marco/Documents/Unreal Projects/Propulsive_Momentum/Content/_UI/WB_ToolTip.uasset" 1117
"C:/Users/marco/Documents/Unreal Projects/Propulsive_Momentum/Content/_UI/WB_ToolTip.uexp" 1118
"C:/Users/marco/Documents/Unreal Projects/Propulsive_Momentum/Content/_Blueprints/BP_Tooltip.uasset" 1119
"C:/Users/marco/Documents/Unreal Projects/Propulsive_Momentum/Content/_Blueprints/BP_Tooltip.uexp" 1120
"C:/Users/marco/Documents/Unreal Projects/Propulsive_Momentum/Content/_Materials/M_endportal.uasset" 1121
"C:/Users/marco/Documents/Unreal Projects/Propulsive_Momentum/Content/_Materials/M_endportal.uexp" 1122
"C:/Users/marco/Documents/Unreal Projects/Propulsive_Momentum/Content/_Blueprints/BP_EndLevel.uasset" 1123
"C:/Users/marco/Documents/Unreal Projects/Propulsive_Momentum/Content/_Blueprints/BP_EndLevel.uexp" 1124
"C:/Users/marco/Documents/Unreal Projects/Propulsive_Momentum/Content/_Levels/TutorialLevel.uexp" 1125
"C:/Users/marco/Documents/Unreal Projects/Propulsive_Momentum/Content/_Levels/TutorialLevel.umap" 1126
"C:/Users/marco/Documents/Unreal Projects/Propulsive_Momentum/Content/_Blueprints/BP_MainMenu_Gamemode.uasset" 1127
"C:/Users/marco/Documents/Unreal Projects/Propulsive_Momentum/Content/_Blueprints/BP_MainMenu_Gamemode.uexp" 1128
"C:/Users/marco/Documents/Unreal Projects/Propulsive_Momentum/Content/_UI/UI_MainMenu.uasset" 1129
"C:/Users/marco/Documents/Unreal Projects/Propulsive_Momentum/Content/_UI/UI_MainMenu.uexp" 1130
"C:/Users/marco/Documents/Unreal Projects/Propulsive_Momentum/Content/_Levels/Level_MainMenu.uexp" 1131
"C:/Users/marco/Documents/Unreal Projects/Propulsive_Momentum/Content/_Levels/Level_MainMenu.umap" 1132
"C:/Users/marco/Documents/Unreal Projects/Propulsive_Momentum/Content/Input/IMC_MouseLook.uasset" 1133
"C:/Users/marco/Documents/Unreal Projects/Propulsive_Momentum/Content/Input/IMC_MouseLook.uexp" 1134
"C:/Users/marco/Documents/Unreal Projects/Propulsive_Momentum/Content/Input/Actions/IA_Jump.uasset" 1135
"C:/Users/marco/Documents/Unreal Projects/Propulsive_Momentum/Content/Input/Actions/IA_Jump.uexp" 1136
"C:/Users/marco/Documents/Unreal Projects/Propulsive_Momentum/Content/Input/IMC_Default.uasset" 1137
"C:/Users/marco/Documents/Unreal Projects/Propulsive_Momentum/Content/Input/IMC_Default.uexp" 1138
"../../../Engine/Content/MobileResources/HUD/VirtualJoystick_Thumb.uasset" 1139
"../../../Engine/Content/MobileResources/HUD/VirtualJoystick_Thumb.uexp" 1140
"../../../Engine/Content/MobileResources/HUD/VirtualJoystick_Background.uasset" 1141
"../../../Engine/Content/MobileResources/HUD/VirtualJoystick_Background.uexp" 1142
"C:/Users/marco/Documents/Unreal Projects/Propulsive_Momentum/Content/Input/Touch/UI_Thumbstick.uasset" 1143
"C:/Users/marco/Documents/Unreal Projects/Propulsive_Momentum/Content/Input/Touch/UI_Thumbstick.uexp" 1144
"C:/Users/marco/Documents/Unreal Projects/Propulsive_Momentum/Content/Input/Touch/BPI_TouchInterface.uasset" 1145
"C:/Users/marco/Documents/Unreal Projects/Propulsive_Momentum/Content/Input/Touch/BPI_TouchInterface.uexp" 1146
"C:/Users/marco/Documents/Unreal Projects/Propulsive_Momentum/Content/Input/Touch/UI_TouchSimple.uasset" 1147
"C:/Users/marco/Documents/Unreal Projects/Propulsive_Momentum/Content/Input/Touch/UI_TouchSimple.uexp" 1148
"C:/Users/marco/Documents/Unreal Projects/Propulsive_Momentum/Content/ThirdPerson/Blueprints/BP_ThirdPersonPlayerController.uasset" 1149
"C:/Users/marco/Documents/Unreal Projects/Propulsive_Momentum/Content/ThirdPerson/Blueprints/BP_ThirdPersonPlayerController.uexp" 1150
"C:/Users/marco/Documents/Unreal Projects/Propulsive_Momentum/Content/ThirdPerson/Blueprints/BP_ThirdPersonGameMode.uasset" 1151
"C:/Users/marco/Documents/Unreal Projects/Propulsive_Momentum/Content/ThirdPerson/Blueprints/BP_ThirdPersonGameMode.uexp" 1152
"C:/Users/marco/Documents/Unreal Projects/Propulsive_Momentum/Content/_Levels/Level2.uexp" 1153
"C:/Users/marco/Documents/Unreal Projects/Propulsive_Momentum/Content/_Levels/Level2.umap" 1154
"../../../Engine/Content/EngineMaterials/DefaultPhysicalMaterial.uasset" 1155
"../../../Engine/Content/EngineMaterials/DefaultPhysicalMaterial.uexp" 1156
"C:/Users/marco/Documents/Unreal Projects/Propulsive_Momentum/Content/_Materials/M_CaveCeiling.uasset" 1157
"C:/Users/marco/Documents/Unreal Projects/Propulsive_Momentum/Content/_Materials/M_CaveCeiling.uexp" 1158
"C:/Users/marco/Documents/Unreal Projects/Propulsive_Momentum/Content/__Benjamin_Folder/M_Clear.uasset" 1159
"C:/Users/marco/Documents/Unreal Projects/Propulsive_Momentum/Content/__Benjamin_Folder/M_Clear.uexp" 1160
"C:/Users/marco/Documents/Unreal Projects/Propulsive_Momentum/Content/_Blueprints/BP_OutOfBounds.uasset" 1161
"C:/Users/marco/Documents/Unreal Projects/Propulsive_Momentum/Content/_Blueprints/BP_OutOfBounds.uexp" 1162
"C:/Users/marco/Documents/Unreal Projects/Propulsive_Momentum/Content/_Levels/Level1.uexp" 1163
"C:/Users/marco/Documents/Unreal Projects/Propulsive_Momentum/Content/_Levels/Level1.ubulk" 1164
"C:/Users/marco/Documents/Unreal Projects/Propulsive_Momentum/Content/_Levels/Level1.umap" 1165
"../../../Engine/Content/Maps/Entry_BuiltData.uasset" 1166
"../../../Engine/Content/Maps/Entry_BuiltData.uexp" 1167
"../../../Engine/Content/Maps/Entry.uexp" 1168
"../../../Engine/Content/Maps/Entry.umap" 1169
