"C:/Users/marco/Documents/Unreal Projects/Propulsive_Momentum/Propulsive_Momentum.uproject" 1
"../../../Engine/Plugins/AudioGameplay/AudioGameplay.uplugin" 2
"../../../Engine/Plugins/Bridge/Bridge.uplugin" 3
"../../../Engine/Plugins/AudioGameplayVolume/AudioGameplayVolume.uplugin" 4
"../../../Engine/Plugins/BlueprintFileUtils/BlueprintFileUtils.uplugin" 5
"../../../Engine/Plugins/ChaosCloth/ChaosCloth.uplugin" 6
"../../../Engine/Plugins/AudioInsights/AudioInsights.uplugin" 7
"../../../Engine/Plugins/ChaosClothAsset/ChaosClothAsset.uplugin" 8
"../../../Engine/Plugins/ChaosInsights/ChaosInsights.uplugin" 9
"../../../Engine/Plugins/ChaosClothAssetEditor/ChaosClothAssetEditor.uplugin" 10
"../../../Engine/Plugins/ChaosVD/ChaosVD.uplugin" 11
"../../../Engine/Plugins/Chooser/Chooser.uplugin" 12
"../../../Engine/Plugins/CmdLinkServer/CmdLinkServer.uplugin" 13
"../../../Engine/Plugins/DiscoveryBeaconReceiver/DiscoveryBeaconReceiver.uplugin" 14
"../../../Engine/Plugins/FastBuildController/FastBuildController.uplugin" 15
"../../../Engine/Plugins/EnhancedInput/EnhancedInput.uplugin" 16
"../../../Engine/Plugins/Fab/Fab.uplugin" 17
"../../../Engine/Plugins/IoStoreInsights/IoStoreInsights.uplugin" 18
"../../../Engine/Plugins/LightWeightInstancesEditor/LightWeightInstancesEditor.uplugin" 19
"../../../Engine/Plugins/MemoryUsageQueries/MemoryUsageQueries.uplugin" 20
"../../../Engine/Plugins/JsonBlueprintUtilities/JsonBlueprintUtilities.uplugin" 21
"../../../Engine/Plugins/MassInsights/MassInsights.uplugin" 22
"../../../Engine/Plugins/Mutable/Mutable.uplugin" 23
"../../../Engine/Plugins/MeshPainting/MeshPainting.uplugin" 24
"../../../Engine/Plugins/PCG/PCG.uplugin" 25
"../../../Engine/Plugins/RenderGraphInsights/RenderGraphInsights.uplugin" 26
"../../../Engine/Plugins/ScriptPlugin/ScriptPlugin.uplugin" 27
"../../../Engine/Plugins/TextureGraph/TextureGraph.uplugin" 28
"../../../Engine/Plugins/TraceUtilities/TraceUtilities.uplugin" 29
"../../../Engine/Plugins/WorldMetrics/WorldMetrics.uplugin" 30
"../../../Engine/Plugins/Interchange/Editor/InterchangeEditor.uplugin" 31
"../../../Engine/Plugins/XGEController/XGEController.uplugin" 32
"../../../Engine/Plugins/UbaController/UbaController.uplugin" 33
"../../../Engine/Plugins/Interchange/Assets/InterchangeAssets.uplugin" 34
"../../../Engine/Plugins/Interchange/Runtime/Interchange.uplugin" 35
"../../../Engine/Plugins/Messaging/MessagingDebugger/MessagingDebugger.uplugin" 36
"../../../Engine/Plugins/Messaging/UdpMessaging/UdpMessaging.uplugin" 37
"../../../Engine/Plugins/MovieScene/ActorSequence/ActorSequence.uplugin" 38
"../../../Engine/Plugins/Messaging/TcpMessaging/TcpMessaging.uplugin" 39
"../../../Engine/Plugins/MovieScene/CustomizableSequencerTracks/CustomizableSequencerTracks.uplugin" 40
"../../../Engine/Plugins/MovieScene/MovieRenderPipeline/MovieRenderPipeline.uplugin" 41
"../../../Engine/Plugins/MovieScene/MoviePipelineMaskRenderPass/MoviePipelineMaskRenderPass.uplugin" 42
"../../../Engine/Plugins/MovieScene/LevelSequenceEditor/LevelSequenceEditor.uplugin" 43
"../../../Engine/Plugins/MovieScene/MovieSceneTextTrack/MovieSceneTextTrack.uplugin" 44
"../../../Engine/Plugins/MovieScene/SequencerScripting/SequencerScripting.uplugin" 45
"../../../Engine/Plugins/MovieScene/ReplayTracks/ReplayTracks.uplugin" 46
"../../../Engine/Plugins/MovieScene/TemplateSequence/TemplateSequence.uplugin" 47
"../../../Engine/Plugins/NetcodeUnitTest/NetcodeUnitTest/NetcodeUnitTest.uplugin" 48
"../../../Engine/Plugins/NetcodeUnitTest/NUTUnrealEngine/NUTUnrealEngine.uplugin" 49
"../../../Engine/Plugins/Online/EOSShared/EOSShared.uplugin" 50
"../../../Engine/Plugins/Online/EOSOverlayInputProvider/EOSOverlayInputProvider.uplugin" 51
"../../../Engine/Plugins/Online/OnlineServicesEOSGS/OnlineServicesEOSGS.uplugin" 52
"../../../Engine/Plugins/Online/OnlineServicesEpicCommon/OnlineServicesEpicCommon.uplugin" 53
"../../../Engine/Plugins/Online/OnlineServicesEOS/OnlineServicesEOS.uplugin" 54
"../../../Engine/Plugins/Online/OnlineBase/OnlineBase.uplugin" 55
"../../../Engine/Plugins/Online/OnlineFramework/OnlineFramework.uplugin" 56
"../../../Engine/Plugins/Online/OnlineSubsystemAmazon/OnlineSubsystemAmazon.uplugin" 57
"../../../Engine/Plugins/Online/OnlineServices/OnlineServices.uplugin" 58
"../../../Engine/Plugins/Online/OnlineSubsystemApple/OnlineSubsystemApple.uplugin" 59
"../../../Engine/Plugins/Online/OnlineSubsystemEOS/OnlineSubsystemEOS.uplugin" 60
"../../../Engine/Plugins/Online/OnlineServicesNull/OnlineServicesNull.uplugin" 61
"../../../Engine/Plugins/Online/OnlineSubsystemFacebook/OnlineSubsystemFacebook.uplugin" 62
"../../../Engine/Plugins/Online/OnlineSubsystemGoogle/OnlineSubsystemGoogle.uplugin" 63
"../../../Engine/Plugins/Online/OnlineSubsystem/OnlineSubsystem.uplugin" 64
"../../../Engine/Plugins/Online/OnlineSubsystemNull/OnlineSubsystemNull.uplugin" 65
"../../../Engine/Plugins/Online/OnlineServicesOSSAdapter/OnlineServicesOSSAdapter.uplugin" 66
"../../../Engine/Plugins/Online/OnlineSubsystemSteam/OnlineSubsystemSteam.uplugin" 67
"../../../Engine/Plugins/Online/OnlineSubsystemTencent/OnlineSubsystemTencent.uplugin" 68
"../../../Engine/Plugins/Online/SocketSubsystemEOS/SocketSubsystemEOS.uplugin" 69
"../../../Engine/Plugins/Online/SocketSubsystemSteamIP/SocketSubsystemSteamIP.uplugin" 70
"../../../Engine/Plugins/Online/OnlineSubsystemUtils/OnlineSubsystemUtils.uplugin" 71
"../../../Engine/Plugins/Performance/AutomatedPerfTesting/AutomatedPerfTesting.uplugin" 72
"../../../Engine/Plugins/Online/WebAuth/WebAuth.uplugin" 73
"../../../Engine/Plugins/Runtime/ActorLayerUtilities/ActorLayerUtilities.uplugin" 74
"../../../Engine/Plugins/Performance/PerformanceMonitor/PerformanceMonitor.uplugin" 75
"../../../Engine/Plugins/Protocols/MQTT/MQTT.uplugin" 76
"../../../Engine/Plugins/Runtime/ADM/ADM.uplugin" 77
"../../../Engine/Plugins/Runtime/AndroidBackgroundService/AndroidBackgroundService.uplugin" 78
"../../../Engine/Plugins/Runtime/AndroidPermission/AndroidPermission.uplugin" 79
"../../../Engine/Plugins/Runtime/AndroidMoviePlayer/AndroidMoviePlayer.uplugin" 80
"../../../Engine/Plugins/Runtime/AndroidDeviceProfileSelector/AndroidDeviceProfileSelector.uplugin" 81
"../../../Engine/Plugins/Runtime/AnimationBudgetAllocator/AnimationBudgetAllocator.uplugin" 82
"../../../Engine/Plugins/Runtime/AndroidFileServer/AndroidFileServer.uplugin" 83
"../../../Engine/Plugins/Runtime/ArchVisCharacter/ArchVisCharacter.uplugin" 84
"../../../Engine/Plugins/Runtime/AppleImageUtils/AppleImageUtils.uplugin" 85
"../../../Engine/Plugins/Runtime/AssetTags/AssetTags.uplugin" 86
"../../../Engine/Plugins/Runtime/AudioCapture/AudioCapture.uplugin" 87
"../../../Engine/Plugins/Runtime/AppleMoviePlayer/AppleMoviePlayer.uplugin" 88
"../../../Engine/Plugins/Runtime/AudioModulation/AudioModulation.uplugin" 89
"../../../Engine/Plugins/Runtime/ApexDestruction/ApexDestruction.uplugin" 90
"../../../Engine/Plugins/Runtime/AudioSynesthesia/AudioSynesthesia.uplugin" 91
"../../../Engine/Plugins/Runtime/AudioMotorSim/AudioMotorSim.uplugin" 92
"../../../Engine/Plugins/Runtime/CableComponent/CableComponent.uplugin" 93
"../../../Engine/Plugins/Runtime/ComputeFramework/ComputeFramework.uplugin" 94
"../../../Engine/Plugins/Runtime/ChunkDownloader/ChunkDownloader.uplugin" 95
"../../../Engine/Plugins/Runtime/DataRegistry/DataRegistry.uplugin" 96
"../../../Engine/Plugins/Runtime/CustomMeshComponent/CustomMeshComponent.uplugin" 97
"../../../Engine/Plugins/Runtime/AudioWidgets/AudioWidgets.uplugin" 98
"../../../Engine/Plugins/Runtime/ExampleDeviceProfileSelector/ExampleDeviceProfileSelector.uplugin" 99
"../../../Engine/Plugins/Runtime/CommonUI/CommonUI.uplugin" 100
"../../../Engine/Plugins/Runtime/GameInput/GameInput.uplugin" 101
"../../../Engine/Plugins/Runtime/GameplayAbilities/GameplayAbilities.uplugin" 102
"../../../Engine/Plugins/Runtime/Firebase/Firebase.uplugin" 103
"../../../Engine/Plugins/Runtime/GameplayInteractions/GameplayInteractions.uplugin" 104
"../../../Engine/Plugins/Runtime/GameplayStateTree/GameplayStateTree.uplugin" 105
"../../../Engine/Plugins/Runtime/GeometryCache/GeometryCache.uplugin" 106
"../../../Engine/Plugins/Runtime/GeometryProcessing/GeometryProcessing.uplugin" 107
"../../../Engine/Plugins/Runtime/GameFeatures/GameFeatures.uplugin" 108
"../../../Engine/Plugins/Runtime/GameplayBehaviorSmartObjects/GameplayBehaviorSmartObjects.uplugin" 109
"../../../Engine/Plugins/Runtime/GoogleCloudMessaging/GoogleCloudMessaging.uplugin" 110
"../../../Engine/Plugins/Runtime/GeoReferencing/GeoReferencing.uplugin" 111
"../../../Engine/Plugins/Runtime/GooglePAD/GooglePAD.uplugin" 112
"../../../Engine/Plugins/Runtime/GeometryScripting/GeometryScripting.uplugin" 113
"../../../Engine/Plugins/Runtime/HairStrands/HairStrands.uplugin" 114
"../../../Engine/Plugins/Runtime/HPMotionController/HPMotionController.uplugin" 115
"../../../Engine/Plugins/Runtime/HTTPChunkInstaller/HTTPChunkInstaller.uplugin" 116
"../../../Engine/Plugins/Runtime/HDRIBackdrop/HDRIBackdrop.uplugin" 117
"../../../Engine/Plugins/Runtime/InputDebugging/InputDebugging.uplugin" 118
"../../../Engine/Plugins/Runtime/Harmonix/Harmonix.uplugin" 119
"../../../Engine/Plugins/Runtime/InstancedActors/InstancedActors.uplugin" 120
"../../../Engine/Plugins/Runtime/IOSDeviceProfileSelector/IOSDeviceProfileSelector.uplugin" 121
"../../../Engine/Plugins/Runtime/LevelStreamingPersistence/LevelStreamingPersistence.uplugin" 122
"../../../Engine/Plugins/Runtime/LinuxDeviceProfileSelector/LinuxDeviceProfileSelector.uplugin" 123
"../../../Engine/Plugins/Runtime/IOSReplayKit/IOSReplayKit.uplugin" 124
"../../../Engine/Plugins/Runtime/LocationServicesAndroidImpl/LocationServicesAndroidImpl.uplugin" 125
"../../../Engine/Plugins/Runtime/LocationServicesBPLibrary/LocationServicesBPLibrary.uplugin" 126
"../../../Engine/Plugins/Runtime/LiveLinkOvernDisplay/LiveLinkOverNDisplay.uplugin" 127
"../../../Engine/Plugins/Runtime/LocationServicesIOSImpl/LocationServicesIOSImpl.uplugin" 128
"../../../Engine/Plugins/Runtime/MassGameplay/MassGameplay.uplugin" 129
"../../../Engine/Plugins/Runtime/Metasound/Metasound.uplugin" 130
"../../../Engine/Plugins/Runtime/MassEntity/MassEntity.uplugin" 131
"../../../Engine/Plugins/Runtime/MeshModelingToolset/MeshModelingToolset.uplugin" 132
"../../../Engine/Plugins/Runtime/MixedRealityCaptureFramework/MixedRealityCaptureFramework.uplugin" 133
"../../../Engine/Plugins/Runtime/MicrosoftSpatialAudio/MicroSoftSpatialSound.uplugin" 134
"../../../Engine/Plugins/Runtime/MobilePatchingUtils/MobilePatchingUtils.uplugin" 135
"../../../Engine/Plugins/Runtime/MIDIDevice/MIDIDevice.uplugin" 136
"../../../Engine/Plugins/Runtime/ModelViewViewModel/ModelViewViewModel.uplugin" 137
"../../../Engine/Plugins/Runtime/ModularGameplay/ModularGameplay.uplugin" 138
"../../../Engine/Plugins/Runtime/MsQuic/MsQuic.uplugin" 139
"../../../Engine/Plugins/Runtime/MobileFSR/MobileFSR.uplugin" 140
"../../../Engine/Plugins/Runtime/NavCorridor/NavCorridor.uplugin" 141
"../../../Engine/Plugins/Runtime/MusicEnvironment/MusicEnvironment.uplugin" 142
"../../../Engine/Plugins/Runtime/MultiServerReplication/MultiServerReplication.uplugin" 143
"../../../Engine/Plugins/Runtime/nDisplay/nDisplay.uplugin" 144
"../../../Engine/Plugins/Runtime/NetworkPredictionExtras/NetworkPredictionExtras.uplugin" 145
"../../../Engine/Plugins/Runtime/NetworkPrediction/NetworkPrediction.uplugin" 146
"../../../Engine/Plugins/Runtime/nDisplayModularFeatures/nDisplayModularFeatures.uplugin" 147
"../../../Engine/Plugins/Runtime/OpenCV/OpenCV.uplugin" 148
"../../../Engine/Plugins/Runtime/OpenXR/OpenXR.uplugin" 149
"../../../Engine/Plugins/Runtime/OpenXRHandTracking/OpenXRHandTracking.uplugin" 150
"../../../Engine/Plugins/Runtime/NetworkPredictionInsights/NetworkPredictionInsights.uplugin" 151
"../../../Engine/Plugins/Runtime/OpenXRMsftHandInteraction/OpenXRMsftHandInteraction.uplugin" 152
"../../../Engine/Plugins/Runtime/OpenXREyeTracker/OpenXREyeTracker.uplugin" 153
"../../../Engine/Plugins/Runtime/OpenXRViveTracker/OpenXRViveTracker.uplugin" 154
"../../../Engine/Plugins/Runtime/ProceduralMeshComponent/ProceduralMeshComponent.uplugin" 155
"../../../Engine/Plugins/Runtime/OptionalMobileFeaturesBPLibrary/OptionalMobileFeaturesBPLibrary.uplugin" 156
"../../../Engine/Plugins/Runtime/OSC/OSC.uplugin" 157
"../../../Engine/Plugins/Runtime/PropertyAccess/PropertyAccessEditor.uplugin" 158
"../../../Engine/Plugins/Runtime/PropertyBindingUtils/PropertyBindingUtils.uplugin" 159
"../../../Engine/Plugins/Runtime/RenderTrace/RenderTrace.uplugin" 160
"../../../Engine/Plugins/Runtime/ReplicationSystemTestPlugin/ReplicationSystemTestPlugin.uplugin" 161
"../../../Engine/Plugins/Runtime/PreLoadScreenMoviePlayer/PreLoadScreenMoviePlayer.uplugin" 162
"../../../Engine/Plugins/Runtime/ReplicationGraph/ReplicationGraph.uplugin" 163
"../../../Engine/Plugins/Runtime/RigVM/RigVM.uplugin" 164
"../../../Engine/Plugins/Runtime/ResonanceAudio/ResonanceAudio.uplugin" 165
"../../../Engine/Plugins/Runtime/SignificanceManager/SignificanceManager.uplugin" 166
"../../../Engine/Plugins/Runtime/SkeletalMerging/SkeletalMerging.uplugin" 167
"../../../Engine/Plugins/Runtime/SoundCueTemplates/SoundCueTemplates.uplugin" 168
"../../../Engine/Plugins/Runtime/ScriptableToolsFramework/ScriptableToolsFramework.uplugin" 169
"../../../Engine/Plugins/Runtime/SmartObjects/SmartObjects.uplugin" 170
"../../../Engine/Plugins/Runtime/SoundUtilities/SoundUtilities.uplugin" 171
"../../../Engine/Plugins/Runtime/Soundscape/Soundscape.uplugin" 172
"../../../Engine/Plugins/Runtime/SoundFields/SoundFields.uplugin" 173
"../../../Engine/Plugins/Runtime/SoundMod/SoundMod.uplugin" 174
"../../../Engine/Plugins/Runtime/StateTree/StateTree.uplugin" 175
"../../../Engine/Plugins/Runtime/Spatialization/Spatialization.uplugin" 176
"../../../Engine/Plugins/Runtime/Synthesis/Synthesis.uplugin" 177
"../../../Engine/Plugins/Runtime/SunPosition/SunPosition.uplugin" 178
"../../../Engine/Plugins/Runtime/USDCore/USDCore.uplugin" 179
"../../../Engine/Plugins/Runtime/WarpUtils/WarpUtils.uplugin" 180
"../../../Engine/Plugins/Runtime/WaveTable/WaveTable.uplugin" 181
"../../../Engine/Plugins/Runtime/WebMMoviePlayer/WebMMoviePlayer.uplugin" 182
"../../../Engine/Plugins/Runtime/WindowsMoviePlayer/WindowsMoviePlayer.uplugin" 183
"../../../Engine/Plugins/Runtime/ZoneGraphAnnotations/ZoneGraphAnnotations.uplugin" 184
"../../../Engine/Plugins/Runtime/WebBrowserNativeProxy/WebBrowserNativeProxy.uplugin" 185
"../../../Engine/Plugins/Slate/SlateScripting/SlateScripting.uplugin" 186
"../../../Engine/Plugins/Runtime/WebBrowserWidget/WebBrowserWidget.uplugin" 187
"../../../Engine/Plugins/Slate/SlateInsights/SlateInsights.uplugin" 188
"../../../Engine/Plugins/Runtime/WindowsDeviceProfileSelector/WindowsDeviceProfileSelector.uplugin" 189
"../../../Engine/Plugins/2D/Paper2D/Paper2D.uplugin" 190
"../../../Engine/Plugins/Runtime/XRBase/XRBase.uplugin" 191
"../../../Engine/Plugins/AI/AISupport/AISupport.uplugin" 192
"../../../Engine/Plugins/AI/EnvironmentQueryEditor/EnvironmentQueryEditor.uplugin" 193
"../../../Engine/Plugins/Runtime/ZoneGraph/ZoneGraph.uplugin" 194
"../../../Engine/Plugins/AI/HTNPlanner/HTNPlanner.uplugin" 195
"../../../Engine/Plugins/Web/HttpBlueprint/HttpBlueprint.uplugin" 196
"../../../Engine/Plugins/AI/MassAI/MassAI.uplugin" 197
"../../../Engine/Plugins/Animation/AnimationData/AnimationData.uplugin" 198
"../../../Engine/Plugins/Animation/AnimationLocomotionLibrary/AnimationLocomotionLibrary.uplugin" 199
"../../../Engine/Plugins/Animation/AnimationModifierLibrary/AnimationModifierLibrary.uplugin" 200
"../../../Engine/Plugins/Animation/AnimationWarping/AnimationWarping.uplugin" 201
"../../../Engine/Plugins/Runtime/WorldConditions/WorldConditions.uplugin" 202
"../../../Engine/Plugins/Animation/ACLPlugin/ACLPlugin.uplugin" 203
"../../../Engine/Plugins/AI/MassCrowd/MassCrowd.uplugin" 204
"../../../Engine/Plugins/Animation/BlendSpaceMotionAnalysis/BlendSpaceMotionAnalysis.uplugin" 205
"../../../Engine/Plugins/Animation/BlendStack/BlendStack.uplugin" 206
"../../../Engine/Plugins/Animation/ControlRigModules/ControlRigModules.uplugin" 207
"../../../Engine/Plugins/Animation/AnimatorKit/AnimatorKit.uplugin" 208
"../../../Engine/Plugins/Animation/ControlRigSpline/ControlRigSpline.uplugin" 209
"../../../Engine/Plugins/Animation/DeformerGraph/DeformerGraph.uplugin" 210
"../../../Engine/Plugins/Animation/DNACalib/DNACalib.uplugin" 211
"../../../Engine/Plugins/Animation/LiveLinkDevice/LiveLinkDevice.uplugin" 212
"../../../Engine/Plugins/AI/MLAdapter/MLAdapter.uplugin" 213
"../../../Engine/Plugins/Animation/ControlRig/ControlRig.uplugin" 214
"../../../Engine/Plugins/Animation/IKRig/IKRig.uplugin" 215
"../../../Engine/Plugins/Animation/LiveLink/LiveLink.uplugin" 216
"../../../Engine/Plugins/Animation/LiveLinkHub/LiveLinkHub.uplugin" 217
"../../../Engine/Plugins/Animation/PoseSearch/PoseSearch.uplugin" 218
"../../../Engine/Plugins/Animation/PerformanceCaptureCore/PerformanceCaptureCore.uplugin" 219
"../../../Engine/Plugins/Animation/MotionWarping/MotionWarping.uplugin" 220
"../../../Engine/Plugins/Animation/RigLogic/RigLogic.uplugin" 221
"../../../Engine/Plugins/Animation/LiveLinkExampleDevice/LiveLinkExampleDevice.uplugin" 222
"../../../Engine/Plugins/Animation/TweeningUtils/TweeningUtils.uplugin" 223
"../../../Engine/Plugins/Cameras/CameraShakePreviewer/CameraShakePreviewer.uplugin" 224
"../../../Engine/Plugins/Compositing/LensDistortion/LensDistortion.uplugin" 225
"../../../Engine/Plugins/Cameras/EngineCameras/EngineCameras.uplugin" 226
"../../../Engine/Plugins/Animation/GameplayInsights/GameplayInsights.uplugin" 227
"../../../Engine/Plugins/Animation/LiveLinkCurveDebugUI/LiveLinkCurveDebugUI.uplugin" 228
"../../../Engine/Plugins/Compositing/Composure/Composure.uplugin" 229
"../../../Engine/Plugins/Compositing/OpenColorIO/OpenColorIO.uplugin" 230
"../../../Engine/Plugins/Cameras/GameplayCameras/GameplayCameras.uplugin" 231
"../../../Engine/Plugins/Developer/AnimationSharing/AnimationSharing.uplugin" 232
"../../../Engine/Plugins/Animation/SkeletalMeshModelingTools/SkeletalMeshModelingTools.uplugin" 233
"../../../Engine/Plugins/Developer/BlankPlugin/BlankPlugin.uplugin" 234
"../../../Engine/Plugins/Compositing/OpenCVLensDistortion/OpenCVLensDistortion.uplugin" 235
"../../../Engine/Plugins/Developer/CLionSourceCodeAccess/CLionSourceCodeAccess.uplugin" 236
"../../../Engine/Plugins/Compression/OodleNetwork/OodleNetwork.uplugin" 237
"../../../Engine/Plugins/Developer/FieldNotificationTrace/FieldNotificationTrace.uplugin" 238
"../../../Engine/Plugins/Developer/DumpGPUServices/DumpGPUServices.uplugin" 239
"../../../Engine/Plugins/Developer/KDevelopSourceCodeAccess/KDevelopSourceCodeAccess.uplugin" 240
"../../../Engine/Plugins/Animation/GeneSplicer/GeneSplicer.uplugin" 241
"../../../Engine/Plugins/Developer/NamingTokens/NamingTokens.uplugin" 242
"../../../Engine/Plugins/Developer/PlasticSourceControl/PlasticSourceControl.uplugin" 243
"../../../Engine/Plugins/Developer/GitSourceControl/GitSourceControl.uplugin" 244
"../../../Engine/Plugins/Developer/PerforceSourceControl/PerforceSourceControl.uplugin" 245
"../../../Engine/Plugins/Developer/PluginUtils/PluginUtils.uplugin" 246
"../../../Engine/Plugins/Developer/CodeLiteSourceCodeAccess/CodeLiteSourceCodeAccess.uplugin" 247
"../../../Engine/Plugins/Developer/NullSourceCodeAccess/NullSourceCodeAccess.uplugin" 248
"../../../Engine/Plugins/Developer/RiderSourceCodeAccess/RiderSourceCodeAccess.uplugin" 249
"../../../Engine/Plugins/Developer/UObjectPlugin/UObjectPlugin.uplugin" 250
"../../../Engine/Plugins/Developer/DirectoryPlaceholder/DirectoryPlaceholder.uplugin" 251
"../../../Engine/Plugins/Developer/TraceSourceFiltering/TraceSourceFilters.uplugin" 252
"../../../Engine/Plugins/Developer/TextureFormatOodle/TextureFormatOodle.uplugin" 253
"../../../Engine/Plugins/Developer/ProjectLauncher/ProjectLauncher.uplugin" 254
"../../../Engine/Plugins/Developer/OneSkyLocalizationService/OneSkyLocalizationService.uplugin" 255
"../../../Engine/Plugins/Developer/PropertyAccessNode/PropertyAccessNode.uplugin" 256
"../../../Engine/Plugins/Developer/VisualStudioSourceCodeAccess/VisualStudioSourceCodeAccess.uplugin" 257
"../../../Engine/Plugins/Editor/AssetManagerEditor/AssetManagerEditor.uplugin" 258
"../../../Engine/Plugins/Developer/RenderDocPlugin/RenderDocPlugin.uplugin" 259
"../../../Engine/Plugins/Editor/AssetReferenceRestrictions/AssetReferenceRestrictions.uplugin" 260
"../../../Engine/Plugins/Developer/N10XSourceCodeAccess/N10XSourceCodeAccess.uplugin" 261
"../../../Engine/Plugins/Developer/XCodeSourceCodeAccess/XCodeSourceCodeAccess.uplugin" 262
"../../../Engine/Plugins/Developer/VisualStudioCodeSourceCodeAccess/VisualStudioCodeSourceCodeAccess.uplugin" 263
"../../../Engine/Plugins/Editor/AssetSearch/AssetSearch.uplugin" 264
"../../../Engine/Plugins/Editor/AssetRegistryExport/AssetRegistryExport.uplugin" 265
"../../../Engine/Plugins/Editor/BlueprintMaterialTextureNodes/BlueprintMaterialTextureNodes.uplugin" 266
"../../../Engine/Plugins/Editor/BlueprintHeaderView/BlueprintHeaderView.uplugin" 267
"../../../Engine/Plugins/Developer/TraceDataFiltering/TraceDataFilters.uplugin" 268
"../../../Engine/Plugins/Developer/PixWinPlugin/PixWinPlugin.uplugin" 269
"../../../Engine/Plugins/Editor/CryptoKeys/CryptoKeys.uplugin" 270
"../../../Engine/Plugins/Editor/ConsoleVariablesEditor/ConsoleVariables.uplugin" 271
"../../../Engine/Plugins/Developer/XcodeGPUDebuggerPlugin/XcodeGPUDebuggerPlugin.uplugin" 272
"../../../Engine/Plugins/Developer/SubversionSourceControl/SubversionSourceControl.uplugin" 273
"../../../Engine/Plugins/Editor/EditorDebugTools/EditorDebugTools.uplugin" 274
"../../../Engine/Plugins/Editor/ColorGrading/ColorGrading.uplugin" 275
"../../../Engine/Plugins/Editor/EditorSysConfigAssistant/EditorSysConfigAssistant.uplugin" 276
"../../../Engine/Plugins/Editor/ChangelistReview/ChangelistReview.uplugin" 277
"../../../Engine/Plugins/Editor/EngineAssetDefinitions/EngineAssetDefinitions.uplugin" 278
"../../../Engine/Plugins/Editor/CurveEditorTools/CurveEditorTools.uplugin" 279
"../../../Engine/Plugins/Editor/DisplayClusterLaunch/DisplayClusterLaunch.uplugin" 280
"../../../Engine/Plugins/Editor/GeometryMode/GeometryMode.uplugin" 281
"../../../Engine/Plugins/Editor/FacialAnimation/FacialAnimation.uplugin" 282
"../../../Engine/Plugins/Editor/GuidedTutorials/GuidedTutorials.uplugin" 283
"../../../Engine/Plugins/Editor/MeshLODToolset/MeshLODToolset.uplugin" 284
"../../../Engine/Plugins/Editor/GameplayTagsEditor/GameplayTagsEditor.uplugin" 285
"../../../Engine/Plugins/Editor/EditorScriptingUtilities/EditorScriptingUtilities.uplugin" 286
"../../../Engine/Plugins/Editor/MakeCookedEditorAsDLC/MakeCookedEditorAsDLC.uplugin" 287
"../../../Engine/Plugins/Editor/MobileLauncherProfileWizard/MobileLauncherProfileWizard.uplugin" 288
"../../../Engine/Plugins/Editor/PluginBrowser/PluginBrowser.uplugin" 289
"../../../Engine/Plugins/Editor/MacGraphicsSwitching/MacGraphicsSwitching.uplugin" 290
"../../../Engine/Plugins/Editor/ModelViewViewModelPreview/ModelViewViewModelPreview.uplugin" 291
"../../../Engine/Plugins/Editor/ModelingToolsEditorMode/ModelingToolsEditorMode.uplugin" 292
"../../../Engine/Plugins/Editor/MaterialAnalyzer/MaterialAnalyzer.uplugin" 293
"../../../Engine/Plugins/Editor/SequencerAnimTools/SequencerAnimTools.uplugin" 294
"../../../Engine/Plugins/Editor/ScriptableToolsEditorMode/ScriptableToolsEditorMode.uplugin" 295
"../../../Engine/Plugins/Editor/ProxyLODPlugin/ProxyLODPlugin.uplugin" 296
"../../../Engine/Plugins/Editor/SpeedTreeImporter/SpeedTreeImporter.uplugin" 297
"../../../Engine/Plugins/Editor/UVEditor/UVEditor.uplugin" 298
"../../../Engine/Plugins/Editor/SampleToolsEditorMode/SampleToolsEditorMode.uplugin" 299
"../../../Engine/Plugins/Editor/LiveUpdateForSlate/LiveUpdateForSlate.uplugin" 300
"../../../Engine/Plugins/Editor/UMGWidgetPreview/UMGWidgetPreview.uplugin" 301
"../../../Engine/Plugins/Editor/DataValidation/DataValidation.uplugin" 302
"../../../Engine/Plugins/Editor/WaveformEditor/WaveformEditor.uplugin" 303
"../../../Engine/Plugins/Editor/WorldPartitionHLODUtilities/WorldPartitionHLODUtilities.uplugin" 304
"../../../Engine/Plugins/Editor/StaticMeshEditorModeling/StaticMeshEditorModeling.uplugin" 305
"../../../Engine/Plugins/Enterprise/AxFImporter/AxFImporter.uplugin" 306
"../../../Engine/Plugins/Enterprise/DataprepEditor/DataprepEditor.uplugin" 307
"../../../Engine/Plugins/Enterprise/DatasmithC4DImporter/DatasmithC4DImporter.uplugin" 308
"../../../Engine/Plugins/Enterprise/DatasmithCADImporter/DatasmithCADImporter.uplugin" 309
"../../../Engine/Plugins/Editor/StylusInput/StylusInput.uplugin" 310
"../../../Engine/Plugins/Enterprise/LidarPointCloud/LidarPointCloud.uplugin" 311
"../../../Engine/Plugins/Enterprise/DatasmithContent/DatasmithContent.uplugin" 312
"../../../Engine/Plugins/Enterprise/GLTFExporter/GLTFExporter.uplugin" 313
"../../../Engine/Plugins/Enterprise/VariantManagerContent/VariantManagerContent.uplugin" 314
"../../../Engine/Plugins/Enterprise/DatasmithFBXImporter/DatasmithFBXImporter.uplugin" 315
"../../../Engine/Plugins/Enterprise/VariantManager/VariantManager.uplugin" 316
"../../../Engine/Plugins/Experimental/AnimNextAnimGraph/AnimNextAnimGraph.uplugin" 317
"../../../Engine/Plugins/Enterprise/DatasmithImporter/DatasmithImporter.uplugin" 318
"../../../Engine/Plugins/Experimental/AdvancedRenamer/AdvancedRenamer.uplugin" 319
"../../../Engine/Plugins/Enterprise/MDLImporter/MDLImporter.uplugin" 320
"../../../Engine/Plugins/Experimental/AnimNextControlRig/AnimNextControlRig.uplugin" 321
"../../../Engine/Plugins/Experimental/AnimNextChooser/AnimNextChooser.uplugin" 322
"../../../Engine/Plugins/Experimental/AnimNextStateTree/AnimNextStateTree.uplugin" 323
"../../../Engine/Plugins/Experimental/AnimNextPoseSearch/AnimNextPoseSearch.uplugin" 324
"../../../Engine/Plugins/Experimental/AbilitySystemGameFeatureActions/AbilitySystemGameFeatureActions.uplugin" 325
"../../../Engine/Plugins/Experimental/AnimToTexture/AnimToTexture.uplugin" 326
"../../../Engine/Plugins/Experimental/AnimNext/AnimNext.uplugin" 327
"../../../Engine/Plugins/Experimental/AsyncMessageSystem/AsyncMessageSystem.uplugin" 328
"../../../Engine/Plugins/Experimental/AutomationUtils/AutomationUtils.uplugin" 329
"../../../Engine/Plugins/Experimental/ActorPalette/ActorPalette.uplugin" 330
"../../../Engine/Plugins/Experimental/AvalancheSequenceNavigator/AvalancheSequenceNavigator.uplugin" 331
"../../../Engine/Plugins/Experimental/AvalancheDataLink/AvalancheDataLink.uplugin" 332
"../../../Engine/Plugins/Experimental/Buoyancy/Buoyancy.uplugin" 333
"../../../Engine/Plugins/Experimental/BlueprintStats/BlueprintStats.uplugin" 334
"../../../Engine/Plugins/Experimental/BlueprintSnapNodes/BlueprintSnapNodes.uplugin" 335
"../../../Engine/Plugins/Experimental/CelestialVault/CelestialVault.uplugin" 336
"../../../Engine/Plugins/Experimental/BackChannel/BackChannel.uplugin" 337
"../../../Engine/Plugins/Experimental/ChaosClothEditor/ChaosClothEditor.uplugin" 338
"../../../Engine/Plugins/Experimental/ChaosCachingUSD/ChaosCachingUSD.uplugin" 339
"../../../Engine/Plugins/Experimental/AvalancheDisplayCluster/AvalancheDisplayCluster.uplugin" 340
"../../../Engine/Plugins/Experimental/ChaosEditor/ChaosEditor.uplugin" 341
"../../../Engine/Plugins/Experimental/ChaosMover/ChaosMover.uplugin" 342
"../../../Engine/Plugins/Experimental/AsyncMessageSystemTests/AsyncMessageSystemTests.uplugin" 343
"../../../Engine/Plugins/Experimental/ChaosModularVehicle/ChaosModularVehicle.uplugin" 344
"../../../Engine/Plugins/Experimental/ChaosModularVehicleExamples/ChaosModularVehicleExamples.uplugin" 345
"../../../Engine/Plugins/Experimental/ChaosFlesh/ChaosFlesh.uplugin" 346
"../../../Engine/Plugins/Experimental/AvalancheSceneState/AvalancheSceneState.uplugin" 347
"../../../Engine/Plugins/Experimental/ChaosSolverPlugin/ChaosSolverPlugin.uplugin" 348
"../../../Engine/Plugins/Experimental/ChaosNiagara/ChaosNiagara.uplugin" 349
"../../../Engine/Plugins/Experimental/CineCameraRigs/CineCameraRigs.uplugin" 350
"../../../Engine/Plugins/Experimental/ChaosOutfitAsset/ChaosOutfitAsset.uplugin" 351
"../../../Engine/Plugins/Experimental/CineCameraSceneCapture/CineCameraSceneCapture.uplugin" 352
"../../../Engine/Plugins/Experimental/AnimNextWarping/AnimNextWarping.uplugin" 353
"../../../Engine/Plugins/Experimental/CinematicPrestreaming/CinematicPrestreaming.uplugin" 354
"../../../Engine/Plugins/Experimental/CharacterAI/CharacterAI.uplugin" 355
"../../../Engine/Plugins/Experimental/CodeView/CodeView.uplugin" 356
"../../../Engine/Plugins/Experimental/CommonConversation/CommonConversation.uplugin" 357
"../../../Engine/Plugins/Experimental/DataLinkOAuth/DataLinkOAuth.uplugin" 358
"../../../Engine/Plugins/Experimental/ChaosCaching/ChaosCaching.uplugin" 359
"../../../Engine/Plugins/Experimental/ControlFlows/ControlFlows.uplugin" 360
"../../../Engine/Plugins/Experimental/DefaultInstallBundleManager/DefaultInstallBundleManager.uplugin" 361
"../../../Engine/Plugins/Experimental/CodeEditor/CodeEditor.uplugin" 362
"../../../Engine/Plugins/Experimental/DaySequence/DaySequence.uplugin" 363
"../../../Engine/Plugins/Experimental/DynamicMaterialMediaStreamBridge/DynamicMaterialMediaStreamBridge.uplugin" 364
"../../../Engine/Plugins/Experimental/DataLink/DataLink.uplugin" 365
"../../../Engine/Plugins/Experimental/EditorDataStorage/EditorDataStorage.uplugin" 366
"../../../Engine/Plugins/Experimental/ChaosUserDataPT/ChaosUserDataPT.uplugin" 367
"../../../Engine/Plugins/Experimental/FieldSystemPlugin/FieldSystemPlugin.uplugin" 368
"../../../Engine/Plugins/Experimental/FloatingProperties/FloatingProperties.uplugin" 369
"../../../Engine/Plugins/Experimental/FastGeoStreaming/FastGeoStreaming.uplugin" 370
"../../../Engine/Plugins/Experimental/EvaluationNotifies/EvaluationNotifies.uplugin" 371
"../../../Engine/Plugins/Experimental/ChaosVehiclesPlugin/ChaosVehiclesPlugin.uplugin" 372
"../../../Engine/Plugins/Experimental/FullBodyIK/FullBodyIK.uplugin" 373
"../../../Engine/Plugins/Experimental/EditorDataStorageFeatures/EditorDataStorageFeatures.uplugin" 374
"../../../Engine/Plugins/Experimental/GameInputWindows/GameInputWindows.uplugin" 375
"../../../Engine/Plugins/Experimental/GameplayGraph/GameplayGraph.uplugin" 376
"../../../Engine/Plugins/Experimental/Gauntlet/Gauntlet.uplugin" 377
"../../../Engine/Plugins/Experimental/ColorCorrectRegions/ColorCorrectRegions.uplugin" 378
"../../../Engine/Plugins/Experimental/GeometryDataflow/GeometryDataflow.uplugin" 379
"../../../Engine/Plugins/Experimental/GeometryCacheLevelSequenceBaker/GeometryCacheLevelSequenceBaker.uplugin" 380
"../../../Engine/Plugins/Experimental/EditorPerformance/EditorPerformance.uplugin" 381
"../../../Engine/Plugins/Experimental/GizmoEdMode/GizmoEdMode.uplugin" 382
"../../../Engine/Plugins/Experimental/Dataflow/Dataflow.uplugin" 383
"../../../Engine/Plugins/Experimental/GeometryFlow/GeometryFlow.uplugin" 384
"../../../Engine/Plugins/Experimental/HairCardGenerator/HairCardGenerator.uplugin" 385
"../../../Engine/Plugins/Experimental/Fracture/Fracture.uplugin" 386
"../../../Engine/Plugins/Experimental/HairModelingToolset/HairModelingToolset.uplugin" 387
"../../../Engine/Plugins/Experimental/GameplayTargetingSystem/TargetingSystem.uplugin" 388
"../../../Engine/Plugins/Experimental/GameplayBehaviors/GameplayBehaviors.uplugin" 389
"../../../Engine/Plugins/Experimental/ImagePlate/ImagePlate.uplugin" 390
"../../../Engine/Plugins/Experimental/EditorTelemetry/EditorTelemetry.uplugin" 391
"../../../Engine/Plugins/Experimental/GeometryCollectionPlugin/GeometryCollectionPlugin.uplugin" 392
"../../../Engine/Plugins/Experimental/ImpostorBaker/ImpostorBaker.uplugin" 393
"../../../Engine/Plugins/Experimental/GPULightmass/GPULightmass.uplugin" 394
"../../../Engine/Plugins/Experimental/GeometryCacheAbcFile/GeometryCacheAbcFile.uplugin" 395
"../../../Engine/Plugins/Experimental/InstanceDataObjectFixupTool/InstanceDataObjectFixupTool.uplugin" 396
"../../../Engine/Plugins/Experimental/HairStrandsMutable/HairStrandsMutable.uplugin" 397
"../../../Engine/Plugins/Experimental/InteractionInterface/InteractionInterface.uplugin" 398
"../../../Engine/Plugins/Experimental/Landmass/Landmass.uplugin" 399
"../../../Engine/Plugins/Experimental/GizmoFramework/GizmoFramework.uplugin" 400
"../../../Engine/Plugins/Experimental/LandscapePatch/LandscapePatch.uplugin" 401
"../../../Engine/Plugins/Experimental/Iris/Iris.uplugin" 402
"../../../Engine/Plugins/Experimental/LearningAgents/LearningAgents.uplugin" 403
"../../../Engine/Plugins/Experimental/LiveLinkFaceImporter/LiveLinkFaceImporter.uplugin" 404
"../../../Engine/Plugins/Experimental/LevelSequenceNavigatorBridge/LevelSequenceNavigatorBridge.uplugin" 405
"../../../Engine/Plugins/Experimental/JWT/JWT.uplugin" 406
"../../../Engine/Plugins/Experimental/MetasoundExperimental/MetasoundExperimental.uplugin" 407
"../../../Engine/Plugins/Experimental/MeshResizing/MeshResizing.uplugin" 408
"../../../Engine/Plugins/Experimental/MediaViewer/MediaViewer.uplugin" 409
"../../../Engine/Plugins/Experimental/MoverAnimNext/MoverAnimNext.uplugin" 410
"../../../Engine/Plugins/Experimental/MotoSynth/MotoSynth.uplugin" 411
"../../../Engine/Plugins/Experimental/MoverTests/MoverTests.uplugin" 412
"../../../Engine/Plugins/Experimental/MovieSceneAnimMixer/MovieSceneAnimMixer.uplugin" 413
"../../../Engine/Plugins/Experimental/LiveLinkControlRig/LiveLinkControlRig.uplugin" 414
"../../../Engine/Plugins/Experimental/MovieScenePoseSearchTracks/MovieScenePoseSearchTracks.uplugin" 415
"../../../Engine/Plugins/Experimental/MotorSimOutputMotoSynth/MotorSimOutputMotoSynth.uplugin" 416
"../../../Engine/Plugins/Experimental/LiveLinkOpenVR/LiveLinkOpenVR.uplugin" 417
"../../../Engine/Plugins/Experimental/LowLevelNetTrace/LowLevelNetTrace.uplugin" 418
"../../../Engine/Plugins/Experimental/NaniteDisplacedMesh/NaniteDisplacedMesh.uplugin" 419
"../../../Engine/Plugins/Experimental/LocalizableMessage/LocalizableMessage.uplugin" 420
"../../../Engine/Plugins/Experimental/MLflow/MLflow.uplugin" 421
"../../../Engine/Plugins/Experimental/MutablePopulation/MutablePopulation.uplugin" 422
"../../../Engine/Plugins/Experimental/MeshModelingToolsetExp/MeshModelingToolsetExp.uplugin" 423
"../../../Engine/Plugins/Experimental/NFORDenoise/NFORDenoise.uplugin" 424
"../../../Engine/Plugins/Experimental/NNERuntimeCoreML/NNERuntimeCoreML.uplugin" 425
"../../../Engine/Plugins/Experimental/MutableClothing/MutableClothing.uplugin" 426
"../../../Engine/Plugins/Experimental/NNERuntimeIREE/NNERuntimeIREE.uplugin" 427
"../../../Engine/Plugins/Experimental/ImageWidgets/ImageWidgets.uplugin" 428
"../../../Engine/Plugins/Experimental/MoverExamples/MoverExamples.uplugin" 429
"../../../Engine/Plugins/Experimental/Mover/Mover.uplugin" 430
"../../../Engine/Plugins/Experimental/InlineMaterialInstance/InlineMaterialInstance.uplugin" 431
"../../../Engine/Plugins/Experimental/NNERuntimeBasicCpu/NNERuntimeBasicCpu.uplugin" 432
"../../../Engine/Plugins/Experimental/PluginTemplateTool/PluginTemplateTool.uplugin" 433
"../../../Engine/Plugins/Experimental/PythonFoundationPackages/PythonFoundationPackages.uplugin" 434
"../../../Engine/Plugins/Experimental/NNERuntimeRDG/NNERuntimeRDG.uplugin" 435
"../../../Engine/Plugins/Experimental/PSDImporterMaterialDesignerBridge/PSDImporterMaterialDesignerBridge.uplugin" 436
"../../../Engine/Plugins/Experimental/PythonScriptPlugin/PythonScriptPlugin.uplugin" 437
"../../../Engine/Plugins/Experimental/PostProcessMaterialChainGraph/PostProcessMaterialChainGraph.uplugin" 438
"../../../Engine/Plugins/Experimental/RemoteControlComponents/RemoteControlComponents.uplugin" 439
"../../../Engine/Plugins/Experimental/RawInput/RawInput.uplugin" 440
"../../../Engine/Plugins/Experimental/RazerChromaDevices/RazerChromaDevices.uplugin" 441
"../../../Engine/Plugins/Experimental/PSDImporter/PSDImporter.uplugin" 442
"../../../Engine/Plugins/Experimental/RemoteSession/RemoteSession.uplugin" 443
"../../../Engine/Plugins/Experimental/MediaStream/MediaStream.uplugin" 444
"../../../Engine/Plugins/Experimental/MoverIntegrations/MoverIntegrations.uplugin" 445
"../../../Engine/Plugins/Experimental/QuicMessaging/QuicMessaging.uplugin" 446
"../../../Engine/Plugins/Experimental/RigLogicAnimNext/RigLogicAnimNext.uplugin" 447
"../../../Engine/Plugins/Experimental/RigLogicMutable/RigLogicMutable.uplugin" 448
"../../../Engine/Plugins/Experimental/RuntimeTelemetry/RuntimeTelemetry.uplugin" 449
"../../../Engine/Plugins/Experimental/RenderGrid/RenderGrid.uplugin" 450
"../../../Engine/Plugins/Experimental/SecuritySandbox/SecuritySandbox.uplugin" 451
"../../../Engine/Plugins/Experimental/SequenceNavigator/SequenceNavigator.uplugin" 452
"../../../Engine/Plugins/Experimental/SerializationUtils/SerializationUtils.uplugin" 453
"../../../Engine/Plugins/Experimental/ScreenReader/ScreenReader.uplugin" 454
"../../../Engine/Plugins/Experimental/Shotgrid/Shotgrid.uplugin" 455
"../../../Engine/Plugins/Experimental/SlateIM/SlateIM.uplugin" 456
"../../../Engine/Plugins/Experimental/SceneState/SceneState.uplugin" 457
"../../../Engine/Plugins/Experimental/SimpleHMD/SimpleHMD.uplugin" 458
"../../../Engine/Plugins/Experimental/SkeletalReduction/SkeletalReduction.uplugin" 459
"../../../Engine/Plugins/Experimental/PCGBiomeCore/PCGBiomeCore.uplugin" 460
"../../../Engine/Plugins/Experimental/SlateScreenReader/SlateScreenReader.uplugin" 461
"../../../Engine/Plugins/Experimental/SpatialReadiness/SpatialReadiness.uplugin" 462
"../../../Engine/Plugins/Experimental/StateGraph/StateGraph.uplugin" 463
"../../../Engine/Plugins/Experimental/NeuralRendering/NeuralRendering.uplugin" 464
"../../../Engine/Plugins/Experimental/PanoramicCapture/PanoramicCapture.uplugin" 465
"../../../Engine/Plugins/Experimental/SlateModelViewViewModel/SlateModelViewViewModel.uplugin" 466
"../../../Engine/Plugins/Experimental/StructUtils/StructUtils.uplugin" 467
"../../../Engine/Plugins/Experimental/PlatformCrypto/PlatformCrypto.uplugin" 468
"../../../Engine/Plugins/Experimental/PixelStreamingPlayer/PixelStreamingPlayer.uplugin" 469
"../../../Engine/Plugins/Experimental/SVGImporter/SVGImporter.uplugin" 470
"../../../Engine/Plugins/Experimental/PlainProps/PlainProps.uplugin" 471
"../../../Engine/Plugins/Experimental/SubtitlesAndClosedCaptions/SubtitlesAndClosedCaptions.uplugin" 472
"../../../Engine/Plugins/Experimental/PluginReferenceViewer/PluginReferenceViewer.uplugin" 473
"../../../Engine/Plugins/Experimental/TargetDeviceServicesScripting/TargetDeviceServicesScripting.uplugin" 474
"../../../Engine/Plugins/Experimental/PCGBiomeSample/PCGBiomeSample.uplugin" 475
"../../../Engine/Plugins/Experimental/OpenImageDenoise/OpenImageDenoise.uplugin" 476
"../../../Engine/Plugins/Experimental/SubmitToolEditor/SubmitToolEditor.uplugin" 477
"../../../Engine/Plugins/Experimental/TetMeshing/TetMeshing.uplugin" 478
"../../../Engine/Plugins/Experimental/SurfaceEffects/SurfaceEffects.uplugin" 479
"../../../Engine/Plugins/Experimental/Tensorboard/Tensorboard.uplugin" 480
"../../../Engine/Plugins/Experimental/TextureMediaPlayer/TextureMediaPlayer.uplugin" 481
"../../../Engine/Plugins/Experimental/OptiXDenoise/OptiXDenoise.uplugin" 482
"../../../Engine/Plugins/Experimental/Text3D/Text3D.uplugin" 483
"../../../Engine/Plugins/Experimental/UIFramework/UIFramework.uplugin" 484
"../../../Engine/Plugins/Experimental/ToolPresets/ToolPresets.uplugin" 485
"../../../Engine/Plugins/Experimental/UserToolBoxBasicCommand/UserToolBoxBasicCommand.uplugin" 486
"../../../Engine/Plugins/Experimental/TechAudioTools/TechAudioTools.uplugin" 487
"../../../Engine/Plugins/Experimental/WaterAdvanced/WaterAdvanced.uplugin" 488
"../../../Engine/Plugins/Experimental/WaterExtras/WaterExtras.uplugin" 489
"../../../Engine/Plugins/Experimental/PluginAudit/PluginAudit.uplugin" 490
"../../../Engine/Plugins/Experimental/WaveFunctionCollapse/WaveFunctionCollapse.uplugin" 491
"../../../Engine/Plugins/Experimental/VirtualProductionUtilities/VirtualProductionUtilities.uplugin" 492
"../../../Engine/Plugins/Experimental/PlainPropsUObject/PlainPropsUObject.uplugin" 493
"../../../Engine/Plugins/Experimental/WebSocketMessaging/WebSocketMessaging.uplugin" 494
"../../../Engine/Plugins/Experimental/WebSocketNetworking/WebSocketNetworking.uplugin" 495
"../../../Engine/Plugins/Experimental/PhysicsControl/PhysicsControl.uplugin" 496
"../../../Engine/Plugins/Experimental/WidgetEditorToolPalette/WidgetEditorToolPalette.uplugin" 497
"../../../Engine/Plugins/FX/Cascade/Cascade.uplugin" 498
"../../../Engine/Plugins/Media/AudioCaptureTimecodeProvider/AudioCaptureTimecodeProvider.uplugin" 499
"../../../Engine/Plugins/Importers/AlembicImporter/AlembicImporter.uplugin" 500
"../../../Engine/Plugins/Media/AndroidMedia/AndroidMedia.uplugin" 501
"../../../Engine/Plugins/Media/AvidDNxHDDecoderElectra/AvidDNxHDDecoderElectra.uplugin" 502
"../../../Engine/Plugins/Experimental/UserToolBoxCore/UserToolBoxCore.uplugin" 503
"../../../Engine/Plugins/Media/AvidDNxMedia/AvidDNxMedia.uplugin" 504
"../../../Engine/Plugins/Experimental/Water/Water.uplugin" 505
"../../../Engine/Plugins/Experimental/TextToSpeech/TextToSpeech.uplugin" 506
"../../../Engine/Plugins/Media/AppleProResMedia/AppleProResMedia.uplugin" 507
"../../../Engine/Plugins/Experimental/VirtualHeightfieldMesh/VirtualHeightfieldMesh.uplugin" 508
"../../../Engine/Plugins/Media/AppleProResDecoderElectra/AppleProResDecoderElectra.uplugin" 509
"../../../Engine/Plugins/Experimental/PlanarCutPlugin/PlanarCut.uplugin" 510
"../../../Engine/Plugins/Media/BinkMedia/BinkMedia.uplugin" 511
"../../../Engine/Plugins/Media/ElectraCDM/ElectraCDM.uplugin" 512
"../../../Engine/Plugins/Media/BlackmagicMedia/BlackmagicMedia.uplugin" 513
"../../../Engine/Plugins/Media/AvfMedia/AvfMedia.uplugin" 514
"../../../Engine/Plugins/Media/ElectraPlayer/ElectraPlayer.uplugin" 515
"../../../Engine/Plugins/Media/ElectraCodecs/ElectraCodecs.uplugin" 516
"../../../Engine/Plugins/Media/D3D12VideoDecodersElectra/D3D12VideoDecodersElectra.uplugin" 517
"../../../Engine/Plugins/Media/ElectraUtil/ElectraUtil.uplugin" 518
"../../../Engine/Plugins/Media/FlacDecoderElectra/FlacDecoderElectra.uplugin" 519
"../../../Engine/Plugins/Media/HAPDecoderElectra/HAPDecoderElectra.uplugin" 520
"../../../Engine/Plugins/Media/ImgMedia/ImgMedia.uplugin" 521
"../../../Engine/Plugins/Experimental/Workspace/Workspace.uplugin" 522
"../../../Engine/Plugins/Media/MediaCompositing/MediaCompositing.uplugin" 523
"../../../Engine/Plugins/Media/MediaMovieStreamer/MediaMovieStreamer.uplugin" 524
"../../../Engine/Plugins/Media/ElectraSubtitles/ElectraSubtitles.uplugin" 525
"../../../Engine/Plugins/FX/CascadeToNiagaraConverter/CascadeToNiagaraConverter.uplugin" 526
"../../../Engine/Plugins/Media/MediaIOFramework/MediaIOFramework.uplugin" 527
"../../../Engine/Plugins/FX/NiagaraFluids/NiagaraFluids.uplugin" 528
"../../../Engine/Plugins/FX/Niagara/Niagara.uplugin" 529
"../../../Engine/Plugins/Media/HardwareEncoders/HardwareEncoders.uplugin" 530
"../../../Engine/Plugins/Media/MediaPlayerEditor/MediaPlayerEditor.uplugin" 531
"../../../Engine/Plugins/Importers/USDImporter/USDImporter.uplugin" 532
"../../../Engine/Plugins/Importers/USDImporterMDL/USDImporterMDL.uplugin" 533
"../../../Engine/Plugins/Media/MfMedia/MfMedia.uplugin" 534
"../../../Engine/Plugins/Media/LinearTimecode/LinearTimecode.uplugin" 535
"../../../Engine/Plugins/Media/PixelStreaming/PixelStreaming.uplugin" 536
"../../../Engine/Plugins/Media/NDIMedia/NDIMedia.uplugin" 537
"../../../Engine/Plugins/Importers/USDMultiUser/USDMultiUser.uplugin" 538
"../../../Engine/Plugins/Media/AndroidCamera/AndroidCamera.uplugin" 539
"../../../Engine/Plugins/Media/PixelCapture/PixelCapture.uplugin" 540
"../../../Engine/Plugins/Importers/AlembicHairImporter/AlembicHairImporter.uplugin" 541
"../../../Engine/Plugins/Media/AjaMedia/AjaMedia.uplugin" 542
"../../../Engine/Plugins/Media/OpusDecoderElectra/OpusDecoderElectra.uplugin" 543
"../../../Engine/Plugins/Media/TimecodeSynchronizer/TimecodeSynchronizer.uplugin" 544
"../../../Engine/Plugins/Media/MediaPlate/MediaPlate.uplugin" 545
"../../../Engine/Plugins/Media/WebMMedia/WebMMedia.uplugin" 546
"../../../Engine/Plugins/Media/PixelStreaming2/PixelStreaming2.uplugin" 547
"../../../Engine/Plugins/Experimental/Volumetrics/Volumetrics.uplugin" 548
"../../../Engine/Plugins/MetaHuman/MetaHumanAnimator/MetaHuman.uplugin" 549
"../../../Engine/Plugins/Media/MediaFrameworkUtilities/MediaFrameworkUtilities.uplugin" 550
"../../../Engine/Plugins/MetaHuman/MetaHumanCoreTechLib/MetaHumanCoreTech.uplugin" 551
"../../../Engine/Plugins/MetaHuman/MetaHumanCalibrationProcessing/MetaHumanCalibrationProcessing.uplugin" 552
"../../../Engine/Plugins/MetaHuman/MetaHumanLiveLink/MetaHumanLiveLink.uplugin" 553
"../../../Engine/Plugins/NNE/NNERuntimeORT/NNERuntimeORT.uplugin" 554
"../../../Engine/Plugins/Media/VPxDecoderElectra/VPxDecoderElectra.uplugin" 555
"../../../Engine/Plugins/PCGInterops/PCGExternalDataInterop/PCGExternalDataInterop.uplugin" 556
"../../../Engine/Plugins/NNE/NNEDenoiser/NNEDenoiser.uplugin" 557
"../../../Engine/Plugins/MetaHuman/MetaHumanSDK/MetaHumanSDK.uplugin" 558
"../../../Engine/Plugins/Tests/CQTest/CQTest.uplugin" 559
"../../../Engine/Plugins/Portal/LauncherChunkInstaller/LauncherChunkInstaller.uplugin" 560
"../../../Engine/Plugins/MetaHuman/MetaHumanCharacter/MetaHumanCharacter.uplugin" 561
"../../../Engine/Plugins/Tests/CQTestEnhancedInput/CQTestEnhancedInput.uplugin" 562
"../../../Engine/Plugins/Tests/EditorTests/EditorTests.uplugin" 563
"../../../Engine/Plugins/Tests/FunctionalTestingEditor/FunctionalTestingEditor.uplugin" 564
"../../../Engine/Plugins/Tests/PythonAutomationTest/PythonAutomationTest.uplugin" 565
"../../../Engine/Plugins/FX/NiagaraMRQ/NiagaraMRQ.uplugin" 566
"../../../Engine/Plugins/Tests/AutomationDriverTests/AutomationDriverTests.uplugin" 567
"../../../Engine/Plugins/Experimental/XRCreativeFramework/XRCreativeFramework.uplugin" 568
"../../../Engine/Plugins/Tests/RHITests/RHITests.uplugin" 569
"../../../Engine/Plugins/VirtualProduction/CameraCalibrationCore/CameraCalibrationCore.uplugin" 570
"../../../Engine/Plugins/VirtualProduction/CaptureData/CaptureData.uplugin" 571
"../../../Engine/Plugins/Tests/InterchangeTests/InterchangeTests.uplugin" 572
"../../../Engine/Plugins/Media/WmfMedia/WmfMedia.uplugin" 573
"../../../Engine/Plugins/VirtualProduction/ClonerEffector/ClonerEffector.uplugin" 574
"../../../Engine/Plugins/Tests/WidgetAutomationTests/WidgetAutomationTests.uplugin" 575
"../../../Engine/Plugins/VirtualProduction/Avalanche/Avalanche.uplugin" 576
"../../../Engine/Plugins/VirtualProduction/ActorModifierCore/ActorModifierCore.uplugin" 577
"../../../Engine/Plugins/VirtualProduction/CameraCalibration/CameraCalibration.uplugin" 578
"../../../Engine/Plugins/VirtualProduction/CustomDetailsView/CustomDetailsView.uplugin" 579
"../../../Engine/Plugins/VirtualProduction/ActorModifier/ActorModifier.uplugin" 580
"../../../Engine/Plugins/Tests/FbxAutomationTestBuilder/FbxAutomationTestBuilder.uplugin" 581
"../../../Engine/Plugins/VirtualProduction/EpicStageApp/EpicStageApp.uplugin" 582
"../../../Engine/Plugins/VirtualProduction/ICVFX/ICVFX.uplugin" 583
"../../../Engine/Plugins/VirtualProduction/ICVFXTesting/ICVFXTesting.uplugin" 584
"../../../Engine/Plugins/VirtualProduction/LevelSnapshots/LevelSnapshots.uplugin" 585
"../../../Engine/Plugins/Tests/TestSamples/TestSamples.uplugin" 586
"../../../Engine/Plugins/VirtualProduction/LiveLinkFreeD/LiveLinkFreeD.uplugin" 587
"../../../Engine/Plugins/VirtualProduction/DynamicMaterial/DynamicMaterial.uplugin" 588
"../../../Engine/Plugins/Media/HAPMedia/HAPMedia.uplugin" 589
"../../../Engine/Plugins/VirtualProduction/LiveLinkLens/LiveLinkLens.uplugin" 590
"../../../Engine/Plugins/VirtualProduction/CompositePlane/CompositePlane.uplugin" 591
"../../../Engine/Plugins/Tests/TestFramework/TestFramework.uplugin" 592
"../../../Engine/Plugins/VirtualProduction/LensComponent/LensComponent.uplugin" 593
"../../../Engine/Plugins/VirtualProduction/LiveLinkOpenTrackIO/LiveLinkOpenTrackIO.uplugin" 594
"../../../Engine/Plugins/VirtualProduction/LiveLinkMasterLockit/LiveLinkMasterLockit.uplugin" 595
"../../../Engine/Plugins/VirtualProduction/CameraCalibrationML/CameraCalibrationML.uplugin" 596
"../../../Engine/Plugins/VirtualProduction/GeometryMask/GeometryMask.uplugin" 597
"../../../Engine/Plugins/VirtualProduction/CinematicAssemblyTools/CinematicAssemblyTools.uplugin" 598
"../../../Engine/Plugins/VirtualProduction/LiveLinkCamera/LiveLinkCamera.uplugin" 599
"../../../Engine/Plugins/VirtualProduction/LiveLinkPrestonMDR/LiveLinkPrestonMDR.uplugin" 600
"../../../Engine/Plugins/FX/NiagaraSimCaching/NiagaraSimCaching.uplugin" 601
"../../../Engine/Plugins/FX/ExampleCustomDataInterface/ExampleCustomDataInterface.uplugin" 602
"../../../Engine/Plugins/VirtualProduction/MultiUserTakes/MultiUserTakes.uplugin" 603
"../../../Engine/Plugins/VirtualProduction/LiveLinkInputDevice/LiveLinkInputDevice.uplugin" 604
"../../../Engine/Plugins/VirtualProduction/PropertyAnimator/PropertyAnimator.uplugin" 605
"../../../Engine/Plugins/VirtualProduction/PropertyAnimatorCore/PropertyAnimatorCore.uplugin" 606
"../../../Engine/Plugins/VirtualProduction/LiveLinkVRPN/LiveLinkVRPN.uplugin" 607
"../../../Engine/Plugins/Tests/RuntimeTests/RuntimeTests.uplugin" 608
"../../../Engine/Plugins/VirtualProduction/RemoteControl/RemoteControl.uplugin" 609
"../../../Engine/Plugins/VirtualProduction/RemoteControlProtocolOSC/RemoteControlProtocolOSC.uplugin" 610
"../../../Engine/Plugins/VirtualProduction/RemoteControlWebInterface/RemoteControlWebInterface.uplugin" 611
"../../../Engine/Plugins/VirtualProduction/RemoteControlProtocolDMX/RemoteControlProtocolDMX.uplugin" 612
"../../../Engine/Plugins/VirtualProduction/OperatorStack/OperatorStack.uplugin" 613
"../../../Engine/Plugins/VirtualProduction/Switchboard/Switchboard.uplugin" 614
"../../../Engine/Plugins/VirtualProduction/TextureShare/TextureShare.uplugin" 615
"../../../Engine/Plugins/VirtualProduction/Takes/Takes.uplugin" 616
"../../../Engine/Plugins/VirtualProduction/RemoteControlInterception/RemoteControlInterception.uplugin" 617
"../../../Engine/Plugins/VirtualProduction/StormSyncAvalancheBridge/StormSyncAvalancheBridge.uplugin" 618
"../../../Engine/Plugins/VirtualProduction/VirtualCameraCore/VirtualCameraCore.uplugin" 619
"../../../Engine/Plugins/VirtualProduction/VirtualCamera/VirtualCamera.uplugin" 620
"../../../Engine/Plugins/VirtualProduction/RemoteControlProtocolMIDI/RemoteControlProtocolMIDI.uplugin" 621
"../../../Engine/Plugins/VirtualProduction/StormSync/StormSync.uplugin" 622
"../../../Engine/Plugins/VirtualProduction/VirtualScouting/VirtualScouting.uplugin" 623
"../../../Engine/Plugins/Interchange/Extensions/OpenUSD/InterchangeOpenUSD.uplugin" 624
"../../../Engine/Plugins/VirtualProduction/DataCharts/DataCharts.uplugin" 625
"../../../Engine/Plugins/VirtualProduction/TimedDataMonitor/TimedDataMonitor.uplugin" 626
"../../../Engine/Plugins/VirtualProduction/StageMonitoring/StageMonitoring.uplugin" 627
"../../../Engine/Plugins/Interchange/Extensions/OpenVDB/InterchangeOpenVDB.uplugin" 628
"../../../Engine/Plugins/Online/Android/AndroidFetchBackgroundDownload/AndroidFetchBackgroundDownload.uplugin" 629
"../../../Engine/Plugins/Online/Android/OnlineSubsystemGooglePlay/OnlineSubsystemGooglePlay.uplugin" 630
"../../../Engine/Plugins/Online/VoiceChat/EOSVoiceChat/EOSVoiceChat.uplugin" 631
"../../../Engine/Plugins/Online/VoiceChat/VoiceChat/VoiceChat.uplugin" 632
"../../../Engine/Plugins/VirtualProduction/PerformanceCaptureWorkflow/PerformanceCaptureWorkflow.uplugin" 633
"../../../Engine/Plugins/Runtime/Analytics/AnalyticsMulticast/AnalyticsMulticast.uplugin" 634
"../../../Engine/Plugins/PCGInterops/PCGGeometryScriptInterop/PCGGeometryScriptInterop.uplugin" 635
"../../../Engine/Plugins/Runtime/Analytics/Adjust/Adjust.uplugin" 636
"../../../Engine/Plugins/Runtime/AR/ARUtilities/ARUtilities.uplugin" 637
"../../../Engine/Plugins/Runtime/Analytics/AnalyticsBlueprintLibrary/AnalyticsBlueprintLibrary.uplugin" 638
"../../../Engine/Plugins/Runtime/Steam/SteamAudio/SteamAudio.uplugin" 639
"../../../Engine/Plugins/Runtime/Steam/SteamShared/SteamShared.uplugin" 640
"../../../Engine/Plugins/VirtualProduction/SequencerPlaylists/SequencerPlaylists.uplugin" 641
"../../../Engine/Plugins/Runtime/Windows/XInputDevice/XInputDevice.uplugin" 642
"../../../Engine/Plugins/Runtime/Steam/SteamSockets/SteamSockets.uplugin" 643
"../../../Engine/Plugins/Experimental/Animation/Locomotor/Locomotor.uplugin" 644
"../../../Engine/Plugins/Experimental/Animation/ContextualAnimation/ContextualAnimation.uplugin" 645
"../../../Engine/Plugins/Runtime/Windows/WinDualShock/WinDualShock.uplugin" 646
"../../../Engine/Plugins/Runtime/Steam/SteamController/SteamController.uplugin" 647
"../../../Engine/Plugins/Runtime/Analytics/FileLogging/FileLogging.uplugin" 648
"../../../Engine/Plugins/Experimental/Animation/Optimus/Optimus.uplugin" 649
"../../../Engine/Plugins/Experimental/Animation/SkeletonTemplateFramework/SkeletonTemplateFramework.uplugin" 650
"../../../Engine/Plugins/Experimental/Animation/SkeletalMeshMorphTargetEditingTools/SkeletalMeshMorphTargetEditingTools.uplugin" 651
"../../../Engine/Plugins/Experimental/Animation/CurveExpression/CurveExpression.uplugin" 652
"../../../Engine/Plugins/Experimental/VirtualProduction/LedWallCalibration/LedWallCalibration.uplugin" 653
"../../../Engine/Plugins/Runtime/PacketHandlers/AESGCMHandlerComponent/AESGCMHandlerComponent.uplugin" 654
"../../../Engine/Plugins/Runtime/Nvidia/GeForceNOWWrapper/GeForceNOWWrapper.uplugin" 655
"../../../Engine/Plugins/Experimental/VirtualProduction/VPSettings/VPSettings.uplugin" 656
"../../../Engine/Plugins/Experimental/Animation/TrajectoryTools/TrajectoryTools.uplugin" 657
"../../../Engine/Plugins/Runtime/PacketHandlers/DTLSHandlerComponent/DTLSHandlerComponent.uplugin" 658
"../../../Engine/Plugins/Animation/MLDeformer/ChaosClothGenerator/ChaosClothGenerator.uplugin" 659
"../../../Engine/Plugins/Experimental/Animation/HierarchyTable/HierarchyTable.uplugin" 660
"../../../Engine/Plugins/Animation/MLDeformer/ChaosFleshGenerator/ChaosFleshGenerator.uplugin" 661
"../../../Engine/Plugins/VirtualProduction/LiveLinkXR/LiveLinkXR.uplugin" 662
"../../../Engine/Plugins/Animation/MLDeformer/NearestNeighborModel/NearestNeighborModel.uplugin" 663
"../../../Engine/Plugins/Experimental/VirtualProduction/VPRoles/VPRoles.uplugin" 664
"../../../Engine/Plugins/Animation/MLDeformer/VertexDeltaModel/VertexDeltaModel.uplugin" 665
"../../../Engine/Plugins/Experimental/Animation/PackedAttributes/PackedAttributes.uplugin" 666
"../../../Engine/Plugins/Editor/ObjectMixer/LightMixer/LightMixer.uplugin" 667
"../../../Engine/Plugins/Experimental/Animation/HierarchyTableAnimation/HierarchyTableAnimation.uplugin" 668
"../../../Engine/Plugins/Editor/Localization/PortableObjectFileDataSource/PortableObjectFileDataSource.uplugin" 669
"../../../Engine/Plugins/Editor/ObjectMixer/ObjectMixer/ObjectMixer.uplugin" 670
"../../../Engine/Plugins/Experimental/Compositing/HoldoutComposite/HoldoutComposite.uplugin" 671
"../../../Engine/Plugins/Experimental/Enterprise/DataprepGeometryOperations/DataprepGeometryOperations.uplugin" 672
"../../../Engine/Plugins/Experimental/Enterprise/DatasmithInterchange/DatasmithInterchange.uplugin" 673
"../../../Engine/Plugins/Experimental/PCGInterops/PCGInstancedActorsInterop/PCGInstancedActorsInterop.uplugin" 674
"../../../Engine/Plugins/Runtime/Nvidia/Reflex/Reflex.uplugin" 675
"../../../Engine/Plugins/Runtime/PacketHandlers/AESHandlerComponent/AESHandlerComponent.uplugin" 676
"../../../Engine/Plugins/Experimental/PCGInterops/PCGNiagaraInterop/PCGNiagaraInterop.uplugin" 677
"../../../Engine/Plugins/Experimental/Animation/RigMapper/RigMapper.uplugin" 678
"../../../Engine/Plugins/VirtualProduction/CaptureManager/CaptureManagerApp/CaptureManagerApp.uplugin" 679
"../../../Engine/Plugins/VirtualProduction/CaptureManager/CaptureManagerCore/CaptureManagerCore.uplugin" 680
"../../../Engine/Plugins/VirtualProduction/CaptureManager/CaptureManagerEditor/CaptureManagerEditor.uplugin" 681
"../../../Engine/Plugins/Runtime/XR/XRScribe/XRScribe.uplugin" 682
"../../../Engine/Plugins/Runtime/XR/XRVisualization/XRVisualization.uplugin" 683
"../../../Engine/Plugins/Editor/ContentBrowser/ContentBrowserAliasDataSource/ContentBrowserAliasDataSource.uplugin" 684
"../../../Engine/Plugins/Editor/ContentBrowser/ContentBrowserAssetDataSource/ContentBrowserAssetDataSource.uplugin" 685
"../../../Engine/Plugins/Animation/MLDeformer/MLDeformerFramework/MLDeformerFramework.uplugin" 686
"../../../Engine/Plugins/Experimental/CharacterFXEditor/ExampleCharacterFXEditor/ExampleCharacterFXEditor.uplugin" 687
"../../../Engine/Plugins/VirtualProduction/DMX/DMXDisplayCluster/DMXDisplayCluster.uplugin" 688
"../../../Engine/Plugins/Experimental/Animation/MotionTrajectory/MotionTrajectory.uplugin" 689
"../../../Engine/Plugins/VirtualProduction/CaptureManager/CaptureManagerDevices/CaptureManagerDevices.uplugin" 690
"../../../Engine/Plugins/VirtualProduction/DMX/DMXEngine/DMXEngine.uplugin" 691
"../../../Engine/Plugins/Experimental/PCGInterops/PCGWaterInterop/PCGWaterInterop.uplugin" 692
"../../../Engine/Plugins/VirtualProduction/DMX/DMXGDTF/DMXGDTF.uplugin" 693
"../../../Engine/Plugins/Experimental/Web/WebAPI/WebAPI.uplugin" 694
"../../../Engine/Plugins/Developer/Concert/ConcertMain/ConcertMain.uplugin" 695
"../../../Engine/Plugins/VirtualProduction/DMX/DMXControlConsole/DMXControlConsole.uplugin" 696
"../../../Engine/Plugins/VirtualProduction/DMX/DatasmithMVR/DatasmithMVR.uplugin" 697
"../../../Engine/Plugins/VirtualProduction/DMX/DMXPixelMapping/DMXPixelMapping.uplugin" 698
"../../../Engine/Plugins/Experimental/Enterprise/DatasmithRuntime/DatasmithRuntime.uplugin" 699
"../../../Engine/Plugins/Editor/ContentBrowser/ContentBrowserFileDataSource/ContentBrowserFileDataSource.uplugin" 700
"../../../Engine/Plugins/Runtime/Database/ADOSupport/ADOSupport.uplugin" 701
"../../../Engine/Plugins/Online/IOS/OnlineSubsystemIOS/OnlineSubsystemIOS.uplugin" 702
"../../../Engine/Plugins/Runtime/Database/DatabaseSupport/DatabaseSupport.uplugin" 703
"../../../Engine/Plugins/Editor/ContentBrowser/ContentBrowserClassDataSource/ContentBrowserClassDataSource.uplugin" 704
"../../../Engine/Plugins/Runtime/Database/SQLiteCore/SQLiteCore.uplugin" 705
"../../../Engine/Plugins/Experimental/CharacterFXEditor/BaseCharacterFXEditor/BaseCharacterFXEditor.uplugin" 706
"../../../Engine/Plugins/Runtime/MeshReconstruction/DummyMeshReconstructor/DummyMeshReconstructor.uplugin" 707
"../../../Engine/Plugins/Runtime/Database/SQLiteSupport/SQLiteSupport.uplugin" 708
"../../../Engine/Plugins/VirtualProduction/DMX/DMXProtocol/DMXProtocol.uplugin" 709
"../../../Engine/Plugins/Experimental/AVCodecs/NVCodecs/NVCodecs.uplugin" 710
"../../../Engine/Plugins/Experimental/AVCodecs/LibVpxCodecs/LibVpxCodecs.uplugin" 711
"../../../Engine/Plugins/Experimental/AVCodecs/AMFCodecs/AMFCodecs.uplugin" 712
"../../../Engine/Plugins/VirtualProduction/Rivermax/RivermaxSync/RivermaxSync.uplugin" 713
"../../../Engine/Plugins/VirtualProduction/Rivermax/RivermaxCore/RivermaxCore.uplugin" 714
"../../../Engine/Plugins/Animation/MLDeformer/NeuralMorphModel/NeuralMorphModel.uplugin" 715
"../../../Engine/Plugins/VirtualProduction/Rivermax/RivermaxMedia/RivermaxMedia.uplugin" 716
"../../../Engine/Plugins/VirtualProduction/DMX/DMXFixtures/DMXFixtures.uplugin" 717
"../../../Engine/Plugins/Experimental/Compositing/CompositeCore/CompositeCore.uplugin" 718
"../../../Engine/Plugins/Runtime/AR/Google/GoogleARCore/GoogleARCore.uplugin" 719
"../../../Engine/Plugins/Experimental/Animation/MLDeformer/DetailPoseModel/DetailPoseModel.uplugin" 720
"../../../Engine/Plugins/Experimental/AVCodecs/AVCodecsCore/AVCodecsCore.uplugin" 721
"../../../Engine/Plugins/Developer/Concert/ConcertScripting/ConcertReplicationScripting/ConcertReplicationScripting.uplugin" 722
"../../../Engine/Plugins/Runtime/AR/AppleAR/AppleARKit/AppleARKit.uplugin" 723
"../../../Engine/Plugins/Experimental/MetaHuman/MetaHumanRuntime/MetaHumanRuntime.uplugin" 724
"../../../Engine/Plugins/Developer/Concert/ConcertSync/ConcertSyncCore/ConcertSyncCore.uplugin" 725
"../../../Engine/Plugins/Developer/Concert/ConcertSync/ConcertSyncClient/ConcertSyncClient.uplugin" 726
"../../../Engine/Plugins/Runtime/AR/Google/GoogleARCoreServices/GoogleARCoreServices.uplugin" 727
"../../../Engine/Plugins/Developer/Concert/ConcertInsights/ConcertInsightsClient/ConcertInsightsClient.uplugin" 728
"../../../Engine/Plugins/Developer/Concert/ConcertInsights/ConcertInsightsCore/ConcertInsightsCore.uplugin" 729
"../../../Engine/Plugins/Developer/Concert/ConcertSync/ConcertSyncServer/ConcertSyncServer.uplugin" 730
"../../../Engine/Plugins/Developer/Concert/ConcertInsights/ConcertInsightsServer/ConcertInsightsServer.uplugin" 731
"../../../Engine/Plugins/Developer/Concert/ConcertUI/ConcertSharedSlate/ConcertSharedSlate.uplugin" 732
"../../../Engine/Plugins/Developer/Concert/ConcertInsights/ConcertInsightsVisualizer/ConcertInsightsVisualizer.uplugin" 733
"../../../Engine/Plugins/Developer/Concert/ConcertUI/ConcertClientSharedSlate/ConcertClientSharedSlate.uplugin" 734
"../../../Engine/Plugins/Developer/Concert/ConcertApp/DisasterRecoveryClient/DisasterRecoveryClient.uplugin" 735
"../../../Engine/Plugins/Developer/Concert/ConcertApp/MultiUserServer/MultiUserServer.uplugin" 736
"../../../Engine/Plugins/Experimental/AVCodecs/WMFCodecs/WMFCodecs.uplugin" 737
"../../../Engine/Plugins/Runtime/Advertising/IOSTapJoy/IOSTapJoy.uplugin" 738
"../../../Engine/Plugins/Runtime/Database/RemoteDatabaseSupport/RemoteDatabaseSupport.uplugin" 739
"../../../Engine/Plugins/Developer/Concert/ConcertSync/ConcertSyncTest/ConcertSyncTest.uplugin" 740
"../../../Engine/Plugins/Developer/Concert/ConcertApp/MultiUserClient/MultiUserClient.uplugin" 741
"../../../Engine/Plugins/Experimental/AVCodecs/VTCodecs/VTCodecs.uplugin" 742
"../../../Engine/Plugins/Runtime/AR/AppleAR/AppleARKitFaceSupport/AppleARKitFaceSupport.uplugin" 743
"../../../Engine/Plugins/VirtualProduction/DMX/DMXModularFeatures/DMXModularFeatures.uplugin" 744
"../../../Engine/Platforms/Android/Plugins/RigLogic/RigLogic_Android.uplugin" 745
"../../../Engine/Platforms/Android/Plugins/Animation/ACLPlugin/ACLPlugin_Android.uplugin" 746
"../../../Engine/Platforms/IOS/Plugins/RigLogic/RigLogic_IOS.uplugin" 747
"C:/Users/marco/Documents/Unreal Projects/Propulsive_Momentum/Plugins/RootMovement/RootMovement.uplugin" 748
"../../../Engine/Content/Internationalization/icudt64l/cnvalias.icu" 749
"../../../Engine/Content/Internationalization/icudt64l/res_index.res" 750
"../../../Engine/Content/Internationalization/icudt64l/plurals.res" 751
"../../../Engine/Content/Internationalization/icudt64l/lang/en.res" 752
"../../../Engine/Content/Internationalization/icudt64l/lang/pool.res" 753
"../../../Engine/Content/Internationalization/icudt64l/lang/root.res" 754
"../../../Engine/Content/Internationalization/icudt64l/region/en.res" 755
"../../../Engine/Content/Internationalization/icudt64l/region/pool.res" 756
"../../../Engine/Content/Internationalization/icudt64l/region/root.res" 757
"../../../Engine/Content/Internationalization/icudt64l/windowsZones.res" 758
"../../../Engine/Content/Internationalization/icudt64l/zoneinfo64.res" 759
"../../../Engine/Content/Internationalization/icudt64l/keyTypeData.res" 760
"../../../Engine/Content/Internationalization/icudt64l/timezoneTypes.res" 761
"../../../Engine/Content/Internationalization/icudt64l/likelySubtags.res" 762
"../../../Engine/Content/Internationalization/icudt64l/en_US.res" 763
"../../../Engine/Content/Internationalization/icudt64l/pool.res" 764
"../../../Engine/Content/Internationalization/icudt64l/en.res" 765
"../../../Engine/Content/Internationalization/icudt64l/root.res" 766
"../../../Engine/Content/Internationalization/icudt64l/supplementalData.res" 767
"../../../Engine/Config/ConfigRedirects.ini" 768
"C:/Users/marco/AppData/Local/UnrealEngine/5.6/Saved/Config/WindowsEditor/Manifest.ini" 769
"../../../Engine/Config/BaseEngine.ini" 770
"../../../Engine/Config/Windows/BaseWindowsEngine.ini" 771
"C:/Users/marco/Documents/Unreal Projects/Propulsive_Momentum/Config/DefaultEngine.ini" 772
"../../../Engine/Config/BaseGame.ini" 773
"C:/Users/marco/Documents/Unreal Projects/Propulsive_Momentum/Config/DefaultGame.ini" 774
"../../../Engine/Config/Windows/WindowsGame.ini" 775
"C:/Users/marco/Documents/Unreal Projects/Propulsive_Momentum/Saved/Config/WindowsEditor/Game.ini" 776
"../../../Engine/Config/BaseInput.ini" 777
"../../../Engine/Config/Windows/BaseWindowsInput.ini" 778
"C:/Users/marco/Documents/Unreal Projects/Propulsive_Momentum/Config/DefaultInput.ini" 779
"../../../Engine/Config/Windows/WindowsInput.ini" 780
"../../../Engine/Config/BaseDeviceProfiles.ini" 781
"../../../Engine/Config/BaseGameUserSettings.ini" 782
"C:/Users/marco/Documents/Unreal Projects/Propulsive_Momentum/Saved/Config/WindowsEditor/GameUserSettings.ini" 783
"../../../Engine/Config/BaseScalability.ini" 784
"../../../Engine/Config/BaseRuntimeOptions.ini" 785
"../../../Engine/Config/BaseInstallBundle.ini" 786
"../../../Engine/Config/BaseHardware.ini" 787
"C:/Users/marco/Documents/Unreal Projects/Propulsive_Momentum/Config/DefaultGameplayTags.ini" 788
"../../../Engine/Config/BaseCompat.ini" 789
"../../../Engine/Config/BaseLightmass.ini" 790
"../../../Engine/Config/BaseEditor.ini" 791
"C:/Users/marco/Documents/Unreal Projects/Propulsive_Momentum/Config/DefaultEditor.ini" 792
"C:/Users/marco/Documents/Unreal Projects/Propulsive_Momentum/Saved/Config/WindowsEditor/Editor.ini" 793
"../../../Engine/Config/BaseMaterialExpressions.ini" 794
"../../../Engine/Config/BaseEditorPerProjectUserSettings.ini" 795
"C:/Users/marco/Documents/Unreal Projects/Propulsive_Momentum/Config/DefaultEditorPerProjectUserSettings.ini" 796
"../../../Engine/Config/Windows/WindowsEditorPerProjectUserSettings.ini" 797
"C:/Users/marco/Documents/Unreal Projects/Propulsive_Momentum/Saved/Config/WindowsEditor/EditorPerProjectUserSettings.ini" 798
"../../../Engine/Config/BaseEditorSettings.ini" 799
"../../../Engine/Config/Windows/WindowsEditorSettings.ini" 800
"C:/Users/marco/AppData/Local/UnrealEngine/5.6/Saved/Config/WindowsEditor/EditorSettings.ini" 801
"../../../Engine/Config/BaseEditorKeyBindings.ini" 802
"C:/Users/marco/AppData/Local/UnrealEngine/5.6/Saved/Config/WindowsEditor/EditorLayout.ini" 803
"C:/Users/marco/Documents/Unreal Projects/Propulsive_Momentum/Binaries/Win64/Propulsive_Momentum.target" 804
"../../../Engine/Config/Android/BaseAndroidEngine.ini" 805
"../../../Engine/Binaries/Win64/BootstrapPackagedGame-Win64-Shipping.target" 806
"../../../Engine/Config/Android/AndroidEngine.ini" 807
"../../../Engine/Config/IOS/BaseIOSEngine.ini" 808
"../../../Engine/Binaries/Win64/BuildPatchTool-Win64-Shipping.target" 809
"../../../Engine/Binaries/Win64/CrashReportClient-Win64-Shipping.target" 810
"../../../Engine/Platforms/VisionOS/Config/BaseVisionOSEngine.ini" 811
"../../../Engine/Platforms/VisionOS/Config/VisionOSEngine.ini" 812
"../../../Engine/Binaries/Win64/CrashReportClientEditor-Win64-Shipping.target" 813
"../../../Engine/Binaries/Win64/DatasmithCADWorker.target" 814
"../../../Engine/Binaries/Win64/EpicWebHelper-Win64-Shipping.target" 815
"../../../Engine/Binaries/Win64/InterchangeWorker.target" 816
"../../../Engine/Binaries/Win64/LiveCodingConsole.target" 817
"../../../Engine/Config/Android/BaseAndroidGame.ini" 818
"../../../Engine/Binaries/Win64/LiveLinkHub.target" 819
"../../../Engine/Config/Mac/BaseMacEngine.ini" 820
"../../../Engine/Config/Linux/BaseLinuxEngine.ini" 821
"../../../Engine/Config/IOS/BaseIOSGame.ini" 822
"../../../Engine/Config/TVOS/TVOSEngine.ini" 823
"../../../Engine/Config/Unix/UnixEngine.ini" 824
"../../../Engine/Config/IOS/IOSGame.ini" 825
"../../../Engine/Config/Android/BaseAndroidInput.ini" 826
"../../../Engine/Config/Linux/LinuxEngine.ini" 827
"../../../Engine/Config/Mac/MacGame.ini" 828
"../../../Engine/Config/Mac/BaseMacInput.ini" 829
"../../../Engine/Config/IOS/BaseIOSInput.ini" 830
"../../../Engine/Config/Linux/LinuxGame.ini" 831
"../../../Engine/Config/Android/AndroidScalability.ini" 832
"../../../Engine/Config/IOS/IOSScalability.ini" 833
"../../../Engine/Config/Android/BaseAndroidInstallBundle.ini" 834
"../../../Engine/Binaries/Win64/ShaderCompileWorker.target" 835
"../../../Engine/Config/IOS/BaseIOSInstallBundle.ini" 836
"../../../Engine/Binaries/Win64/SwitchboardListener.target" 837
"../../../Engine/Binaries/Win64/SwitchboardListenerHelper.target" 838
"../../../Engine/Binaries/Win64/UnrealEditor-Win64-DebugGame.target" 839
"../../../Engine/Binaries/Win64/UnrealEditor.target" 840
"../../../Engine/Config/PluginBase.ini" 841
"../../../Engine/Plugins/ChaosVD/Config/DefaultChaosVD.ini" 842
"../../../Engine/Plugins/EnhancedInput/Config/BaseEnhancedInput.ini" 843
"../../../Engine/Plugins/Fab/Config/BaseFab.ini" 844
"../../../Engine/Plugins/TraceUtilities/Config/BaseTraceUtilities.ini" 845
"../../../Engine/Plugins/Interchange/Assets/Config/BaseInterchangeAssets.ini" 846
"../../../Engine/Plugins/Interchange/Runtime/Config/BaseInterchange.ini" 847
"../../../Engine/Plugins/Runtime/GameplayAbilities/Config/BaseGameplayAbilities.ini" 848
"../../../Engine/Plugins/Runtime/GameplayStateTree/Config/BaseGameplayStateTree.ini" 849
"../../../Engine/Plugins/Runtime/HairStrands/Config/BaseHairStrands.ini" 850
"../../../Engine/Plugins/Runtime/Metasound/Config/BaseMetasound.ini" 851
"../../../Engine/Plugins/Runtime/Metasound/Config/DefaultMetasound.ini" 852
"../../../Engine/Plugins/Runtime/PropertyBindingUtils/Config/BasePropertyBindingUtils.ini" 853
"../../../Engine/Plugins/Runtime/RigVM/Config/BaseRigVM.ini" 854
"../../../Engine/Plugins/Runtime/StateTree/Config/BaseStateTree.ini" 855
"../../../Engine/Plugins/Runtime/Synthesis/Config/BaseSynthesis.ini" 856
"../../../Engine/Plugins/2D/Paper2D/Config/BasePaper2D.ini" 857
"../../../Engine/Plugins/Animation/DeformerGraph/Config/BaseDeformerGraph.ini" 858
"../../../Engine/Plugins/Animation/ControlRig/Config/BaseControlRig.ini" 859
"../../../Engine/Plugins/Animation/IKRig/Config/BaseIKRig.ini" 860
"../../../Engine/Plugins/Cameras/GameplayCameras/Config/BaseGameplayCameras.ini" 861
"../../../Engine/Plugins/Editor/EditorScriptingUtilities/Config/BaseEditorScriptingUtilities.ini" 862
"../../../Engine/Plugins/Enterprise/GLTFExporter/Config/BaseGLTFExporter.ini" 863
"../../../Engine/Plugins/Enterprise/GLTFExporter/Config/DefaultGLTFExporter.ini" 864
"../../../Engine/Plugins/Enterprise/DatasmithContent/Config/BaseDatasmithContent.ini" 865
"../../../Engine/Plugins/Enterprise/VariantManagerContent/Config/BaseVariantManagerContent.ini" 866
"../../../Engine/Plugins/Experimental/FullBodyIK/Config/BaseFullBodyIK.ini" 867
"../../../Engine/Plugins/Experimental/ToolPresets/Config/BaseToolPresets.ini" 868
"../../../Engine/Plugins/FX/Niagara/Config/BaseNiagara.ini" 869
"../../../Engine/Plugins/MetaHuman/MetaHumanSDK/Config/BaseMetaHumanSDK.ini" 870
"../../../Engine/Plugins/VirtualProduction/CameraCalibrationCore/Config/BaseCameraCalibrationCore.ini" 871
"../../../Engine/Plugins/VirtualProduction/Takes/Config/BaseTakes.ini" 872
"../../../Engine/Plugins/Experimental/Compositing/CompositeCore/Config/BaseCompositeCore.ini" 873
"../../../Engine/Plugins/ChaosVD/Config/Engine.ini" 874
"../../../Engine/Plugins/EnhancedInput/Config/Input.ini" 875
"../../../Engine/Plugins/Runtime/GameplayAbilities/Config/Input.ini" 876
"../../../Engine/Plugins/Runtime/InputDebugging/Config/Input.ini" 877
"../../../Engine/Plugins/Runtime/Windows/XInputDevice/Config/Input.ini" 878
"../../../Engine/Plugins/Online/OnlineSubsystemUtils/Config/Editor.ini" 879
"../../../Engine/Plugins/Runtime/RigVM/Config/Editor.ini" 880
"../../../Engine/Plugins/NNE/NNEDenoiser/Config/Game.ini" 881
"../../../Engine/Plugins/Editor/ModelingToolsEditorMode/Binaries/Win64/UnrealEditor.modules" 882
"../../../Engine/Plugins/Runtime/MeshModelingToolset/Binaries/Win64/UnrealEditor.modules" 883
"../../../Engine/Plugins/Experimental/MeshModelingToolsetExp/Binaries/Win64/UnrealEditor.modules" 884
"../../../Engine/Plugins/Editor/MeshLODToolset/Binaries/Win64/UnrealEditor.modules" 885
"../../../Engine/Plugins/Experimental/ToolPresets/Binaries/Win64/UnrealEditor.modules" 886
"../../../Engine/Plugins/Editor/StylusInput/Binaries/Win64/UnrealEditor.modules" 887
"../../../Engine/Plugins/Runtime/GeometryProcessing/Binaries/Win64/UnrealEditor.modules" 888
"../../../Engine/Plugins/Editor/ProxyLODPlugin/Binaries/Win64/UnrealEditor.modules" 889
"../../../Engine/Plugins/Experimental/PlanarCutPlugin/Binaries/Win64/UnrealEditor.modules" 890
"../../../Engine/Plugins/Runtime/GeometryCache/Binaries/Win64/UnrealEditor.modules" 891
"../../../Engine/Plugins/Experimental/GeometryFlow/Binaries/Win64/UnrealEditor.modules" 892
"../../../Engine/Plugins/Editor/EditorScriptingUtilities/Binaries/Win64/UnrealEditor.modules" 893
"../../../Engine/Plugins/FX/Niagara/Binaries/Win64/UnrealEditor.modules" 894
"../../../Engine/Plugins/Experimental/PythonScriptPlugin/Binaries/Win64/UnrealEditor.modules" 895
"../../../Engine/Plugins/Editor/ContentBrowser/ContentBrowserFileDataSource/Binaries/Win64/UnrealEditor.modules" 896
"../../../Engine/Plugins/Runtime/GameplayStateTree/Binaries/Win64/UnrealEditor.modules" 897
"../../../Engine/Plugins/Runtime/StateTree/Binaries/Win64/UnrealEditor.modules" 898
"../../../Engine/Plugins/Animation/GameplayInsights/Binaries/Win64/UnrealEditor.modules" 899
"../../../Engine/Plugins/Runtime/PropertyAccess/Binaries/Win64/UnrealEditor.modules" 900
"../../../Engine/Plugins/Runtime/PropertyBindingUtils/Binaries/Win64/UnrealEditor.modules" 901
"../../../Engine/Plugins/Runtime/GameplayAbilities/Binaries/Win64/UnrealEditor.modules" 902
"../../../Engine/Plugins/Editor/GameplayTagsEditor/Binaries/Win64/UnrealEditor.modules" 903
"../../../Engine/Plugins/Runtime/DataRegistry/Binaries/Win64/UnrealEditor.modules" 904
"../../../Engine/Plugins/Bridge/Binaries/Win64/UnrealEditor.modules" 905
"../../../Engine/Plugins/MetaHuman/MetaHumanSDK/Binaries/Win64/UnrealEditor.modules" 906
"../../../Engine/Plugins/Animation/ControlRig/Binaries/Win64/UnrealEditor.modules" 907
"../../../Engine/Plugins/Runtime/HairStrands/Binaries/Win64/UnrealEditor.modules" 908
"../../../Engine/Plugins/Animation/RigLogic/Binaries/Win64/UnrealEditor.modules" 909
"../../../Engine/Plugins/Online/EOSShared/Binaries/Win64/UnrealEditor.modules" 910
"../../../Engine/Plugins/Runtime/RigVM/Binaries/Win64/UnrealEditor.modules" 911
"../../../Engine/Plugins/MovieScene/LevelSequenceEditor/Binaries/Win64/UnrealEditor.modules" 912
"../../../Engine/Plugins/MovieScene/SequencerScripting/Binaries/Win64/UnrealEditor.modules" 913
"../../../Engine/Plugins/Animation/TweeningUtils/Binaries/Win64/UnrealEditor.modules" 914
"../../../Engine/Plugins/Animation/DeformerGraph/Binaries/Win64/UnrealEditor.modules" 915
"../../../Engine/Plugins/Experimental/Dataflow/Binaries/Win64/UnrealEditor.modules" 916
"../../../Engine/Plugins/Runtime/ComputeFramework/Binaries/Win64/UnrealEditor.modules" 917
"../../../Engine/Plugins/Experimental/CharacterFXEditor/BaseCharacterFXEditor/Binaries/Win64/UnrealEditor.modules" 918
"../../../Engine/Plugins/Runtime/ProceduralMeshComponent/Binaries/Win64/UnrealEditor.modules" 919
"../../../Engine/Plugins/Experimental/ChaosCaching/Binaries/Win64/UnrealEditor.modules" 920
"../../../Engine/Plugins/Experimental/EditorDataStorage/Binaries/Win64/UnrealEditor.modules" 921
"../../../Engine/Plugins/Experimental/EditorDataStorageFeatures/Binaries/Win64/UnrealEditor.modules" 922
"../../../Engine/Plugins/VirtualProduction/Takes/Binaries/Win64/UnrealEditor.modules" 923
"../../../Engine/Plugins/Runtime/AudioCapture/Binaries/Win64/UnrealEditor.modules" 924
"../../../Engine/Plugins/Developer/NamingTokens/Binaries/Win64/UnrealEditor.modules" 925
"../../../Engine/Plugins/Editor/EngineAssetDefinitions/Binaries/Win64/UnrealEditor.modules" 926
"../../../Engine/Plugins/ChaosCloth/Binaries/Win64/UnrealEditor.modules" 927
"../../../Engine/Plugins/ChaosInsights/Binaries/Win64/UnrealEditor.modules" 928
"../../../Engine/Plugins/ChaosVD/Binaries/Win64/UnrealEditor.modules" 929
"../../../Engine/Plugins/CmdLinkServer/Binaries/Win64/UnrealEditor.modules" 930
"../../../Engine/Plugins/EnhancedInput/Binaries/Win64/UnrealEditor.modules" 931
"../../../Engine/Plugins/Editor/DataValidation/Binaries/Win64/UnrealEditor.modules" 932
"../../../Engine/Plugins/FastBuildController/Binaries/Win64/UnrealEditor.modules" 933
"../../../Engine/Plugins/Fab/Binaries/Win64/UnrealEditor.modules" 934
"../../../Engine/Plugins/Interchange/Runtime/Binaries/Win64/UnrealEditor.modules" 935
"../../../Engine/Plugins/Enterprise/VariantManagerContent/Binaries/Win64/UnrealEditor.modules" 936
"../../../Engine/Plugins/Enterprise/VariantManager/Binaries/Win64/UnrealEditor.modules" 937
"../../../Engine/Plugins/Interchange/Assets/Binaries/Win64/UnrealEditor.modules" 938
"../../../Engine/Plugins/IoStoreInsights/Binaries/Win64/UnrealEditor.modules" 939
"../../../Engine/Plugins/MassInsights/Binaries/Win64/UnrealEditor.modules" 940
"../../../Engine/Plugins/MeshPainting/Binaries/Win64/UnrealEditor.modules" 941
"../../../Engine/Plugins/Interchange/Editor/Binaries/Win64/UnrealEditor.modules" 942
"../../../Engine/Plugins/RenderGraphInsights/Binaries/Win64/UnrealEditor.modules" 943
"../../../Engine/Plugins/TraceUtilities/Binaries/Win64/UnrealEditor.modules" 944
"../../../Engine/Plugins/UbaController/Binaries/Win64/UnrealEditor.modules" 945
"../../../Engine/Plugins/XGEController/Binaries/Win64/UnrealEditor.modules" 946
"../../../Engine/Plugins/WorldMetrics/Binaries/Win64/UnrealEditor.modules" 947
"../../../Engine/Plugins/Messaging/TcpMessaging/Binaries/Win64/UnrealEditor.modules" 948
"../../../Engine/Plugins/Messaging/UdpMessaging/Binaries/Win64/UnrealEditor.modules" 949
"../../../Engine/Plugins/MovieScene/ActorSequence/Binaries/Win64/UnrealEditor.modules" 950
"../../../Engine/Plugins/Online/OnlineBase/Binaries/Win64/UnrealEditor.modules" 951
"../../../Engine/Plugins/Online/OnlineSubsystem/Binaries/Win64/UnrealEditor.modules" 952
"../../../Engine/Plugins/Online/OnlineSubsystemNull/Binaries/Win64/UnrealEditor.modules" 953
"../../../Engine/Plugins/Online/OnlineSubsystemUtils/Binaries/Win64/UnrealEditor.modules" 954
"../../../Engine/Plugins/Online/OnlineServices/Binaries/Win64/UnrealEditor.modules" 955
"../../../Engine/Plugins/Runtime/ActorLayerUtilities/Binaries/Win64/UnrealEditor.modules" 956
"../../../Engine/Plugins/Runtime/AndroidDeviceProfileSelector/Binaries/Win64/UnrealEditor.modules" 957
"../../../Engine/Plugins/Runtime/AndroidFileServer/Binaries/Win64/UnrealEditor.modules" 958
"../../../Engine/Plugins/Runtime/AndroidPermission/Binaries/Win64/UnrealEditor.modules" 959
"../../../Engine/Plugins/Runtime/AppleImageUtils/Binaries/Win64/UnrealEditor.modules" 960
"../../../Engine/Plugins/Runtime/ArchVisCharacter/Binaries/Win64/UnrealEditor.modules" 961
"../../../Engine/Plugins/Runtime/AssetTags/Binaries/Win64/UnrealEditor.modules" 962
"../../../Engine/Plugins/Runtime/CableComponent/Binaries/Win64/UnrealEditor.modules" 963
"../../../Engine/Plugins/Runtime/ChunkDownloader/Binaries/Win64/UnrealEditor.modules" 964
"../../../Engine/Plugins/Runtime/CustomMeshComponent/Binaries/Win64/UnrealEditor.modules" 965
"../../../Engine/Plugins/Runtime/ExampleDeviceProfileSelector/Binaries/Win64/UnrealEditor.modules" 966
"../../../Engine/Plugins/Runtime/GooglePAD/Binaries/Win64/UnrealEditor.modules" 967
"../../../Engine/Plugins/Runtime/InputDebugging/Binaries/Win64/UnrealEditor.modules" 968
"../../../Engine/Plugins/Runtime/LocationServicesBPLibrary/Binaries/Win64/UnrealEditor.modules" 969
"../../../Engine/Plugins/Runtime/Metasound/Binaries/Win64/UnrealEditor.modules" 970
"../../../Engine/Plugins/Runtime/AudioWidgets/Binaries/Win64/UnrealEditor.modules" 971
"../../../Engine/Plugins/Runtime/AudioSynesthesia/Binaries/Win64/UnrealEditor.modules" 972
"../../../Engine/Plugins/Editor/ContentBrowser/ContentBrowserAssetDataSource/Binaries/Win64/UnrealEditor.modules" 973
"../../../Engine/Plugins/Runtime/WaveTable/Binaries/Win64/UnrealEditor.modules" 974
"../../../Engine/Plugins/Runtime/MobilePatchingUtils/Binaries/Win64/UnrealEditor.modules" 975
"../../../Engine/Plugins/Runtime/MsQuic/Binaries/Win64/UnrealEditor.modules" 976
"../../../Engine/Plugins/Runtime/ResonanceAudio/Binaries/Win64/UnrealEditor.modules" 977
"../../../Engine/Plugins/Runtime/SoundFields/Binaries/Win64/UnrealEditor.modules" 978
"../../../Engine/Plugins/Runtime/Synthesis/Binaries/Win64/UnrealEditor.modules" 979
"../../../Engine/Plugins/Runtime/WebMMoviePlayer/Binaries/Win64/UnrealEditor.modules" 980
"../../../Engine/Plugins/Media/WebMMedia/Binaries/Win64/UnrealEditor.modules" 981
"../../../Engine/Plugins/Runtime/WindowsMoviePlayer/Binaries/Win64/UnrealEditor.modules" 982
"../../../Engine/Plugins/Runtime/WindowsDeviceProfileSelector/Binaries/Win64/UnrealEditor.modules" 983
"../../../Engine/Plugins/2D/Paper2D/Binaries/Win64/UnrealEditor.modules" 984
"../../../Engine/Plugins/AI/AISupport/Binaries/Win64/UnrealEditor.modules" 985
"../../../Engine/Plugins/AI/EnvironmentQueryEditor/Binaries/Win64/UnrealEditor.modules" 986
"../../../Engine/Plugins/Animation/AnimationData/Binaries/Win64/UnrealEditor.modules" 987
"../../../Engine/Plugins/Animation/AnimationModifierLibrary/Binaries/Win64/UnrealEditor.modules" 988
"../../../Engine/Plugins/Animation/ACLPlugin/Binaries/Win64/UnrealEditor.modules" 989
"../../../Engine/Plugins/Animation/BlendSpaceMotionAnalysis/Binaries/Win64/UnrealEditor.modules" 990
"../../../Engine/Plugins/Animation/ControlRigSpline/Binaries/Win64/UnrealEditor.modules" 991
"../../../Engine/Plugins/Animation/IKRig/Binaries/Win64/UnrealEditor.modules" 992
"../../../Engine/Plugins/Experimental/FullBodyIK/Binaries/Win64/UnrealEditor.modules" 993
"../../../Engine/Plugins/Animation/SkeletalMeshModelingTools/Binaries/Win64/UnrealEditor.modules" 994
"../../../Engine/Plugins/Cameras/CameraShakePreviewer/Binaries/Win64/UnrealEditor.modules" 995
"../../../Engine/Plugins/Cameras/GameplayCameras/Binaries/Win64/UnrealEditor.modules" 996
"../../../Engine/Plugins/VirtualProduction/CameraCalibrationCore/Binaries/Win64/UnrealEditor.modules" 997
"../../../Engine/Plugins/MovieScene/TemplateSequence/Binaries/Win64/UnrealEditor.modules" 998
"../../../Engine/Plugins/Cameras/EngineCameras/Binaries/Win64/UnrealEditor.modules" 999
"../../../Engine/Plugins/Developer/AnimationSharing/Binaries/Win64/UnrealEditor.modules" 1000
"../../../Engine/Plugins/Runtime/SignificanceManager/Binaries/Win64/UnrealEditor.modules" 1001
"../../../Engine/Plugins/Developer/CLionSourceCodeAccess/Binaries/Win64/UnrealEditor.modules" 1002
"../../../Engine/Plugins/Compression/OodleNetwork/Binaries/Win64/UnrealEditor.modules" 1003
"../../../Engine/Plugins/Developer/DumpGPUServices/Binaries/Win64/UnrealEditor.modules" 1004
"../../../Engine/Plugins/Developer/N10XSourceCodeAccess/Binaries/Win64/UnrealEditor.modules" 1005
"../../../Engine/Plugins/Developer/PerforceSourceControl/Binaries/Win64/UnrealEditor.modules" 1006
"../../../Engine/Plugins/Developer/PixWinPlugin/Binaries/Win64/UnrealEditor.modules" 1007
"../../../Engine/Plugins/Developer/PlasticSourceControl/Binaries/Win64/UnrealEditor.modules" 1008
"../../../Engine/Plugins/Developer/ProjectLauncher/Binaries/Win64/UnrealEditor.modules" 1009
"../../../Engine/Plugins/Developer/GitSourceControl/Binaries/Win64/UnrealEditor.modules" 1010
"../../../Engine/Plugins/Developer/PluginUtils/Binaries/Win64/UnrealEditor.modules" 1011
"../../../Engine/Plugins/Developer/RenderDocPlugin/Binaries/Win64/UnrealEditor.modules" 1012
"../../../Engine/Plugins/Developer/RiderSourceCodeAccess/Binaries/Win64/UnrealEditor.modules" 1013
"../../../Engine/Plugins/Developer/TextureFormatOodle/Binaries/Win64/UnrealEditor.modules" 1014
"../../../Engine/Plugins/Developer/PropertyAccessNode/Binaries/Win64/UnrealEditor.modules" 1015
"../../../Engine/Plugins/Developer/UObjectPlugin/Binaries/Win64/UnrealEditor.modules" 1016
"../../../Engine/Plugins/Developer/SubversionSourceControl/Binaries/Win64/UnrealEditor.modules" 1017
"../../../Engine/Plugins/Developer/VisualStudioSourceCodeAccess/Binaries/Win64/UnrealEditor.modules" 1018
"../../../Engine/Plugins/Developer/VisualStudioCodeSourceCodeAccess/Binaries/Win64/UnrealEditor.modules" 1019
"../../../Engine/Plugins/Editor/AssetManagerEditor/Binaries/Win64/UnrealEditor.modules" 1020
"../../../Engine/Plugins/Editor/BlueprintHeaderView/Binaries/Win64/UnrealEditor.modules" 1021
"../../../Engine/Plugins/Editor/ColorGrading/Binaries/Win64/UnrealEditor.modules" 1022
"../../../Engine/Plugins/Editor/ObjectMixer/ObjectMixer/Binaries/Win64/UnrealEditor.modules" 1023
"../../../Engine/Plugins/Editor/CryptoKeys/Binaries/Win64/UnrealEditor.modules" 1024
"../../../Engine/Plugins/Editor/ChangelistReview/Binaries/Win64/UnrealEditor.modules" 1025
"../../../Engine/Plugins/Editor/CurveEditorTools/Binaries/Win64/UnrealEditor.modules" 1026
"../../../Engine/Plugins/Editor/EditorDebugTools/Binaries/Win64/UnrealEditor.modules" 1027
"../../../Engine/Plugins/Editor/FacialAnimation/Binaries/Win64/UnrealEditor.modules" 1028
"../../../Engine/Plugins/Editor/GeometryMode/Binaries/Win64/UnrealEditor.modules" 1029
"../../../Engine/Plugins/Editor/MaterialAnalyzer/Binaries/Win64/UnrealEditor.modules" 1030
"../../../Engine/Plugins/Editor/MobileLauncherProfileWizard/Binaries/Win64/UnrealEditor.modules" 1031
"../../../Engine/Plugins/Editor/PluginBrowser/Binaries/Win64/UnrealEditor.modules" 1032
"../../../Engine/Plugins/Editor/SequencerAnimTools/Binaries/Win64/UnrealEditor.modules" 1033
"../../../Engine/Plugins/Editor/SpeedTreeImporter/Binaries/Win64/UnrealEditor.modules" 1034
"../../../Engine/Plugins/Editor/UVEditor/Binaries/Win64/UnrealEditor.modules" 1035
"../../../Engine/Plugins/Editor/UMGWidgetPreview/Binaries/Win64/UnrealEditor.modules" 1036
"../../../Engine/Plugins/Editor/WorldPartitionHLODUtilities/Binaries/Win64/UnrealEditor.modules" 1037
"../../../Engine/Plugins/Enterprise/GLTFExporter/Binaries/Win64/UnrealEditor.modules" 1038
"../../../Engine/Plugins/Enterprise/DatasmithContent/Binaries/Win64/UnrealEditor.modules" 1039
"../../../Engine/Plugins/Experimental/AdvancedRenamer/Binaries/Win64/UnrealEditor.modules" 1040
"../../../Engine/Plugins/Experimental/AutomationUtils/Binaries/Win64/UnrealEditor.modules" 1041
"../../../Engine/Plugins/Experimental/BackChannel/Binaries/Win64/UnrealEditor.modules" 1042
"../../../Engine/Plugins/Experimental/ChaosEditor/Binaries/Win64/UnrealEditor.modules" 1043
"../../../Engine/Plugins/Experimental/GeometryCollectionPlugin/Binaries/Win64/UnrealEditor.modules" 1044
"../../../Engine/Plugins/Experimental/Fracture/Binaries/Win64/UnrealEditor.modules" 1045
"../../../Engine/Plugins/Experimental/ChaosSolverPlugin/Binaries/Win64/UnrealEditor.modules" 1046
"../../../Engine/Plugins/Experimental/GeometryDataflow/Binaries/Win64/UnrealEditor.modules" 1047
"../../../Engine/Plugins/Experimental/ChaosNiagara/Binaries/Win64/UnrealEditor.modules" 1048
"../../../Engine/Plugins/Experimental/ChaosUserDataPT/Binaries/Win64/UnrealEditor.modules" 1049
"../../../Engine/Plugins/Experimental/CharacterAI/Binaries/Win64/UnrealEditor.modules" 1050
"../../../Engine/Plugins/Experimental/EditorTelemetry/Binaries/Win64/UnrealEditor.modules" 1051
"../../../Engine/Plugins/Experimental/EditorPerformance/Binaries/Win64/UnrealEditor.modules" 1052
"../../../Engine/Plugins/Experimental/LevelSequenceNavigatorBridge/Binaries/Win64/UnrealEditor.modules" 1053
"../../../Engine/Plugins/Experimental/SequenceNavigator/Binaries/Win64/UnrealEditor.modules" 1054
"../../../Engine/Plugins/Experimental/LocalizableMessage/Binaries/Win64/UnrealEditor.modules" 1055
"../../../Engine/Plugins/Experimental/NFORDenoise/Binaries/Win64/UnrealEditor.modules" 1056
"../../../Engine/Plugins/Experimental/PlatformCrypto/Binaries/Win64/UnrealEditor.modules" 1057
"../../../Engine/Plugins/Experimental/RuntimeTelemetry/Binaries/Win64/UnrealEditor.modules" 1058
"../../../Engine/Plugins/Experimental/SkeletalReduction/Binaries/Win64/UnrealEditor.modules" 1059
"../../../Engine/Plugins/FX/Cascade/Binaries/Win64/UnrealEditor.modules" 1060
"../../../Engine/Plugins/FX/NiagaraSimCaching/Binaries/Win64/UnrealEditor.modules" 1061
"../../../Engine/Plugins/Importers/AlembicImporter/Binaries/Win64/UnrealEditor.modules" 1062
"../../../Engine/Plugins/Media/AndroidMedia/Binaries/Win64/UnrealEditor.modules" 1063
"../../../Engine/Plugins/Media/AvfMedia/Binaries/Win64/UnrealEditor.modules" 1064
"../../../Engine/Plugins/Media/ImgMedia/Binaries/Win64/UnrealEditor.modules" 1065
"../../../Engine/Plugins/Media/MediaPlayerEditor/Binaries/Win64/UnrealEditor.modules" 1066
"../../../Engine/Plugins/Media/MediaCompositing/Binaries/Win64/UnrealEditor.modules" 1067
"../../../Engine/Plugins/Media/MediaPlate/Binaries/Win64/UnrealEditor.modules" 1068
"../../../Engine/Plugins/Experimental/Compositing/CompositeCore/Binaries/Win64/UnrealEditor.modules" 1069
"../../../Engine/Plugins/Media/WmfMedia/Binaries/Win64/UnrealEditor.modules" 1070
"../../../Engine/Plugins/NNE/NNEDenoiser/Binaries/Win64/UnrealEditor.modules" 1071
"../../../Engine/Plugins/NNE/NNERuntimeORT/Binaries/Win64/UnrealEditor.modules" 1072
"../../../Engine/Plugins/Portal/LauncherChunkInstaller/Binaries/Win64/UnrealEditor.modules" 1073
"../../../Engine/Plugins/Tests/InterchangeTests/Binaries/Win64/UnrealEditor.modules" 1074
"../../../Engine/Plugins/Runtime/Windows/XInputDevice/Binaries/Win64/UnrealEditor.modules" 1075
"../../../Engine/Plugins/Editor/ObjectMixer/LightMixer/Binaries/Win64/UnrealEditor.modules" 1076
"../../../Engine/Plugins/Editor/Localization/PortableObjectFileDataSource/Binaries/Win64/UnrealEditor.modules" 1077
"../../../Engine/Plugins/Editor/ContentBrowser/ContentBrowserClassDataSource/Binaries/Win64/UnrealEditor.modules" 1078
"../../../Engine/Config/BaseSourceControlSettings.ini" 1079
"C:/Users/marco/AppData/Local/UnrealEngine/5.6/Saved/Config/WindowsEditor/SourceControlSettings.ini" 1080
"C:/Users/marco/Documents/Unreal Projects/Propulsive_Momentum/Saved/Config/WindowsEditor/SourceControlSettings.ini" 1081
"../../../Engine/Content/Internationalization/icudt64l/coll/ucadata.icu" 1082
"../../../Engine/Content/Internationalization/icudt64l/coll/en_US.res" 1083
"../../../Engine/Content/Internationalization/icudt64l/coll/en.res" 1084
"../../../Engine/Content/Internationalization/icudt64l/coll/root.res" 1085
"../../../Engine/Content/Certificates/ThirdParty/cacert.pem" 1086
"../../../Engine/Config/ConsoleVariables.ini" 1087
"../../../Engine/Binaries/Win64/Android/UnrealEditor.modules" 1088
"../../../Engine/Binaries/Win64/IOS/UnrealEditor.modules" 1089
"../../../Engine/Binaries/Win64/Linux/UnrealEditor.modules" 1090
"../../../Engine/Content/Localization/Editor/en/Editor.locres" 1091
"../../../Engine/Content/Localization/EditorTutorials/en/EditorTutorials.locres" 1092
"../../../Engine/Content/Localization/Keywords/en/Keywords.locres" 1093
"../../../Engine/Content/Localization/Category/en/Category.locres" 1094
"../../../Engine/Content/Localization/ToolTips/en/ToolTips.locres" 1095
"../../../Engine/Content/Localization/PropertyNames/en/PropertyNames.locres" 1096
"../../../Engine/Content/Localization/Engine/en/Engine.locres" 1097
"../../../Engine/Plugins/Online/OnlineSubsystem/Content/Localization/OnlineSubsystem/en/OnlineSubsystem.locres" 1098
"../../../Engine/Plugins/Online/OnlineSubsystemUtils/Content/Localization/OnlineSubsystemUtils/en/OnlineSubsystemUtils.locres" 1099
"../../../Engine/Plugins/MetaHuman/MetaHumanSDK/Content/Localization/MetaHumanSDK/en/MetaHumanSDK.locres" 1100
"../../../Engine/Plugins/Online/Android/OnlineSubsystemGooglePlay/Content/Localization/OnlineSubsystemGooglePlay/en/OnlineSubsystemGooglePlay.locres" 1101
"../../../Engine/Plugins/Online/IOS/OnlineSubsystemIOS/Content/Localization/OnlineSubsystemIOS/en/OnlineSubsystemIOS.locres" 1102
"../../../Engine/Content/Internationalization/icudt64l/numberingSystems.res" 1103
"../../../Engine/Content/Internationalization/icudt64l/curr/supplementalData.res" 1104
"../../../Engine/Content/Internationalization/icudt64l/curr/en.res" 1105
"../../../Engine/Content/Internationalization/icudt64l/curr/pool.res" 1106
"../../../Engine/Content/Internationalization/icudt64l/curr/root.res" 1107
"../../../Engine/Content/Internationalization/icudt64l/lang/af.res" 1108
"../../../Engine/Content/Internationalization/icudt64l/region/af.res" 1109
"../../../Engine/Content/Internationalization/icudt64l/lang/agq.res" 1110
"../../../Engine/Content/Internationalization/icudt64l/region/agq.res" 1111
"../../../Engine/Content/Internationalization/icudt64l/lang/ak.res" 1112
"../../../Engine/Content/Internationalization/icudt64l/region/ak.res" 1113
"../../../Engine/Content/Internationalization/icudt64l/lang/am.res" 1114
"../../../Engine/Content/Internationalization/icudt64l/region/am.res" 1115
"../../../Engine/Content/Internationalization/icudt64l/lang/ar.res" 1116
"../../../Engine/Content/Internationalization/icudt64l/region/ar.res" 1117
"../../../Engine/Content/Internationalization/icudt64l/region/ar_AE.res" 1118
"../../../Engine/Content/Internationalization/icudt64l/lang/ar_EG.res" 1119
"../../../Engine/Content/Internationalization/icudt64l/lang/ar_LY.res" 1120
"../../../Engine/Content/Internationalization/icudt64l/region/ar_LY.res" 1121
"../../../Engine/Content/Internationalization/icudt64l/lang/ar_SA.res" 1122
"../../../Engine/Content/Internationalization/icudt64l/region/ar_SA.res" 1123
"../../../Engine/Content/Internationalization/icudt64l/lang/as.res" 1124
"../../../Engine/Content/Internationalization/icudt64l/region/as.res" 1125
"../../../Engine/Content/Internationalization/icudt64l/lang/asa.res" 1126
"../../../Engine/Content/Internationalization/icudt64l/region/asa.res" 1127
"../../../Engine/Content/Internationalization/icudt64l/lang/ast.res" 1128
"../../../Engine/Content/Internationalization/icudt64l/region/ast.res" 1129
"../../../Engine/Content/Internationalization/icudt64l/lang/az.res" 1130
"../../../Engine/Content/Internationalization/icudt64l/lang/az_Cyrl.res" 1131
"../../../Engine/Content/Internationalization/icudt64l/lang/az_AZ.res" 1132
"../../../Engine/Content/Internationalization/icudt64l/lang/az_Latn_AZ.res" 1133
"../../../Engine/Content/Internationalization/icudt64l/lang/az_Latn.res" 1134
"../../../Engine/Content/Internationalization/icudt64l/region/az_AZ.res" 1135
"../../../Engine/Content/Internationalization/icudt64l/region/az_Latn_AZ.res" 1136
"../../../Engine/Content/Internationalization/icudt64l/region/az_Latn.res" 1137
"../../../Engine/Content/Internationalization/icudt64l/region/az.res" 1138
"../../../Engine/Content/Internationalization/icudt64l/region/az_Cyrl.res" 1139
"../../../Engine/Content/Internationalization/icudt64l/lang/bas.res" 1140
"../../../Engine/Content/Internationalization/icudt64l/region/bas.res" 1141
"../../../Engine/Content/Internationalization/icudt64l/lang/be.res" 1142
"../../../Engine/Content/Internationalization/icudt64l/region/be.res" 1143
"../../../Engine/Content/Internationalization/icudt64l/lang/bem.res" 1144
"../../../Engine/Content/Internationalization/icudt64l/region/bem.res" 1145
"../../../Engine/Content/Internationalization/icudt64l/lang/bez.res" 1146
"../../../Engine/Content/Internationalization/icudt64l/region/bez.res" 1147
"../../../Engine/Content/Internationalization/icudt64l/lang/bg.res" 1148
"../../../Engine/Content/Internationalization/icudt64l/region/bg.res" 1149
"../../../Engine/Content/Internationalization/icudt64l/lang/bm.res" 1150
"../../../Engine/Content/Internationalization/icudt64l/region/bm.res" 1151
"../../../Engine/Content/Internationalization/icudt64l/lang/bn.res" 1152
"../../../Engine/Content/Internationalization/icudt64l/region/bn.res" 1153
"../../../Engine/Content/Internationalization/icudt64l/lang/bn_IN.res" 1154
"../../../Engine/Content/Internationalization/icudt64l/region/bn_IN.res" 1155
"../../../Engine/Content/Internationalization/icudt64l/lang/bo.res" 1156
"../../../Engine/Content/Internationalization/icudt64l/region/bo.res" 1157
"../../../Engine/Content/Internationalization/icudt64l/region/bo_IN.res" 1158
"../../../Engine/Content/Internationalization/icudt64l/lang/br.res" 1159
"../../../Engine/Content/Internationalization/icudt64l/region/br.res" 1160
"../../../Engine/Content/Internationalization/icudt64l/lang/brx.res" 1161
"../../../Engine/Content/Internationalization/icudt64l/region/brx.res" 1162
"../../../Engine/Content/Internationalization/icudt64l/lang/bs.res" 1163
"../../../Engine/Content/Internationalization/icudt64l/lang/bs_Cyrl.res" 1164
"../../../Engine/Content/Internationalization/icudt64l/lang/bs_BA.res" 1165
"../../../Engine/Content/Internationalization/icudt64l/lang/bs_Latn_BA.res" 1166
"../../../Engine/Content/Internationalization/icudt64l/lang/bs_Latn.res" 1167
"../../../Engine/Content/Internationalization/icudt64l/region/bs_BA.res" 1168
"../../../Engine/Content/Internationalization/icudt64l/region/bs_Latn_BA.res" 1169
"../../../Engine/Content/Internationalization/icudt64l/region/bs_Latn.res" 1170
"../../../Engine/Content/Internationalization/icudt64l/region/bs.res" 1171
"../../../Engine/Content/Internationalization/icudt64l/region/bs_Cyrl.res" 1172
"../../../Engine/Content/Internationalization/icudt64l/lang/ca.res" 1173
"../../../Engine/Content/Internationalization/icudt64l/region/ca.res" 1174
"../../../Engine/Content/Internationalization/icudt64l/lang/ccp.res" 1175
"../../../Engine/Content/Internationalization/icudt64l/region/ccp.res" 1176
"../../../Engine/Content/Internationalization/icudt64l/lang/ce.res" 1177
"../../../Engine/Content/Internationalization/icudt64l/region/ce.res" 1178
"../../../Engine/Content/Internationalization/icudt64l/lang/ceb.res" 1179
"../../../Engine/Content/Internationalization/icudt64l/region/ceb.res" 1180
"../../../Engine/Content/Internationalization/icudt64l/lang/cgg.res" 1181
"../../../Engine/Content/Internationalization/icudt64l/region/cgg.res" 1182
"../../../Engine/Content/Internationalization/icudt64l/lang/chr.res" 1183
"../../../Engine/Content/Internationalization/icudt64l/region/chr.res" 1184
"../../../Engine/Content/Internationalization/icudt64l/lang/ckb.res" 1185
"../../../Engine/Content/Internationalization/icudt64l/region/ckb.res" 1186
"../../../Engine/Content/Internationalization/icudt64l/lang/cs.res" 1187
"../../../Engine/Content/Internationalization/icudt64l/region/cs.res" 1188
"../../../Engine/Content/Internationalization/icudt64l/lang/cy.res" 1189
"../../../Engine/Content/Internationalization/icudt64l/region/cy.res" 1190
"../../../Engine/Content/Internationalization/icudt64l/lang/da.res" 1191
"../../../Engine/Content/Internationalization/icudt64l/region/da.res" 1192
"../../../Engine/Content/Internationalization/icudt64l/lang/dav.res" 1193
"../../../Engine/Content/Internationalization/icudt64l/region/dav.res" 1194
"../../../Engine/Content/Internationalization/icudt64l/lang/de.res" 1195
"../../../Engine/Content/Internationalization/icudt64l/lang/de_AT.res" 1196
"../../../Engine/Content/Internationalization/icudt64l/region/de_AT.res" 1197
"../../../Engine/Content/Internationalization/icudt64l/region/de.res" 1198
"../../../Engine/Content/Internationalization/icudt64l/lang/de_CH.res" 1199
"../../../Engine/Content/Internationalization/icudt64l/region/de_CH.res" 1200
"../../../Engine/Content/Internationalization/icudt64l/lang/de_LU.res" 1201
"../../../Engine/Content/Internationalization/icudt64l/lang/dje.res" 1202
"../../../Engine/Content/Internationalization/icudt64l/region/dje.res" 1203
"../../../Engine/Content/Internationalization/icudt64l/lang/dsb.res" 1204
"../../../Engine/Content/Internationalization/icudt64l/region/dsb.res" 1205
"../../../Engine/Content/Internationalization/icudt64l/lang/dua.res" 1206
"../../../Engine/Content/Internationalization/icudt64l/region/dua.res" 1207
"../../../Engine/Content/Internationalization/icudt64l/lang/dyo.res" 1208
"../../../Engine/Content/Internationalization/icudt64l/region/dyo.res" 1209
"../../../Engine/Content/Internationalization/icudt64l/lang/dz.res" 1210
"../../../Engine/Content/Internationalization/icudt64l/region/dz.res" 1211
"../../../Engine/Content/Internationalization/icudt64l/lang/ebu.res" 1212
"../../../Engine/Content/Internationalization/icudt64l/region/ebu.res" 1213
"../../../Engine/Content/Internationalization/icudt64l/lang/ee.res" 1214
"../../../Engine/Content/Internationalization/icudt64l/region/ee.res" 1215
"../../../Engine/Content/Internationalization/icudt64l/lang/el.res" 1216
"../../../Engine/Content/Internationalization/icudt64l/region/el.res" 1217
"../../../Engine/Content/Internationalization/icudt64l/lang/en_001.res" 1218
"../../../Engine/Content/Internationalization/icudt64l/lang/en_150.res" 1219
"../../../Engine/Content/Internationalization/icudt64l/region/en_150.res" 1220
"../../../Engine/Content/Internationalization/icudt64l/lang/en_AG.res" 1221
"../../../Engine/Content/Internationalization/icudt64l/region/en_AG.res" 1222
"../../../Engine/Content/Internationalization/icudt64l/lang/en_AI.res" 1223
"../../../Engine/Content/Internationalization/icudt64l/region/en_AI.res" 1224
"../../../Engine/Content/Internationalization/icudt64l/lang/en_AT.res" 1225
"../../../Engine/Content/Internationalization/icudt64l/region/en_AT.res" 1226
"../../../Engine/Content/Internationalization/icudt64l/lang/en_AU.res" 1227
"../../../Engine/Content/Internationalization/icudt64l/region/en_AU.res" 1228
"../../../Engine/Content/Internationalization/icudt64l/lang/en_BB.res" 1229
"../../../Engine/Content/Internationalization/icudt64l/region/en_BB.res" 1230
"../../../Engine/Content/Internationalization/icudt64l/lang/en_BE.res" 1231
"../../../Engine/Content/Internationalization/icudt64l/region/en_BE.res" 1232
"../../../Engine/Content/Internationalization/icudt64l/lang/en_BM.res" 1233
"../../../Engine/Content/Internationalization/icudt64l/region/en_BM.res" 1234
"../../../Engine/Content/Internationalization/icudt64l/lang/en_BS.res" 1235
"../../../Engine/Content/Internationalization/icudt64l/region/en_BS.res" 1236
"../../../Engine/Content/Internationalization/icudt64l/lang/en_BW.res" 1237
"../../../Engine/Content/Internationalization/icudt64l/region/en_BW.res" 1238
"../../../Engine/Content/Internationalization/icudt64l/lang/en_BZ.res" 1239
"../../../Engine/Content/Internationalization/icudt64l/region/en_BZ.res" 1240
"../../../Engine/Content/Internationalization/icudt64l/lang/en_CA.res" 1241
"../../../Engine/Content/Internationalization/icudt64l/region/en_CA.res" 1242
"../../../Engine/Content/Internationalization/icudt64l/lang/en_CC.res" 1243
"../../../Engine/Content/Internationalization/icudt64l/region/en_CC.res" 1244
"../../../Engine/Content/Internationalization/icudt64l/lang/en_CH.res" 1245
"../../../Engine/Content/Internationalization/icudt64l/region/en_CH.res" 1246
"../../../Engine/Content/Internationalization/icudt64l/lang/en_CK.res" 1247
"../../../Engine/Content/Internationalization/icudt64l/region/en_CK.res" 1248
"../../../Engine/Content/Internationalization/icudt64l/lang/en_CM.res" 1249
"../../../Engine/Content/Internationalization/icudt64l/region/en_CM.res" 1250
"../../../Engine/Content/Internationalization/icudt64l/lang/en_CX.res" 1251
"../../../Engine/Content/Internationalization/icudt64l/region/en_CX.res" 1252
"../../../Engine/Content/Internationalization/icudt64l/lang/en_CY.res" 1253
"../../../Engine/Content/Internationalization/icudt64l/region/en_CY.res" 1254
"../../../Engine/Content/Internationalization/icudt64l/lang/en_DE.res" 1255
"../../../Engine/Content/Internationalization/icudt64l/region/en_DE.res" 1256
"../../../Engine/Content/Internationalization/icudt64l/lang/en_DG.res" 1257
"../../../Engine/Content/Internationalization/icudt64l/region/en_DG.res" 1258
"../../../Engine/Content/Internationalization/icudt64l/lang/en_DK.res" 1259
"../../../Engine/Content/Internationalization/icudt64l/region/en_DK.res" 1260
"../../../Engine/Content/Internationalization/icudt64l/lang/en_DM.res" 1261
"../../../Engine/Content/Internationalization/icudt64l/region/en_DM.res" 1262
"../../../Engine/Content/Internationalization/icudt64l/lang/en_ER.res" 1263
"../../../Engine/Content/Internationalization/icudt64l/region/en_ER.res" 1264
"../../../Engine/Content/Internationalization/icudt64l/lang/en_FI.res" 1265
"../../../Engine/Content/Internationalization/icudt64l/region/en_FI.res" 1266
"../../../Engine/Content/Internationalization/icudt64l/lang/en_FJ.res" 1267
"../../../Engine/Content/Internationalization/icudt64l/region/en_FJ.res" 1268
"../../../Engine/Content/Internationalization/icudt64l/lang/en_FK.res" 1269
"../../../Engine/Content/Internationalization/icudt64l/region/en_FK.res" 1270
"../../../Engine/Content/Internationalization/icudt64l/lang/en_FM.res" 1271
"../../../Engine/Content/Internationalization/icudt64l/region/en_FM.res" 1272
"../../../Engine/Content/Internationalization/icudt64l/lang/en_GB.res" 1273
"../../../Engine/Content/Internationalization/icudt64l/region/en_GB.res" 1274
"../../../Engine/Content/Internationalization/icudt64l/lang/en_GD.res" 1275
"../../../Engine/Content/Internationalization/icudt64l/region/en_GD.res" 1276
"../../../Engine/Content/Internationalization/icudt64l/lang/en_GG.res" 1277
"../../../Engine/Content/Internationalization/icudt64l/region/en_GG.res" 1278
"../../../Engine/Content/Internationalization/icudt64l/lang/en_GH.res" 1279
"../../../Engine/Content/Internationalization/icudt64l/region/en_GH.res" 1280
"../../../Engine/Content/Internationalization/icudt64l/lang/en_GI.res" 1281
"../../../Engine/Content/Internationalization/icudt64l/region/en_GI.res" 1282
"../../../Engine/Content/Internationalization/icudt64l/lang/en_GM.res" 1283
"../../../Engine/Content/Internationalization/icudt64l/region/en_GM.res" 1284
"../../../Engine/Content/Internationalization/icudt64l/lang/en_GY.res" 1285
"../../../Engine/Content/Internationalization/icudt64l/region/en_GY.res" 1286
"../../../Engine/Content/Internationalization/icudt64l/lang/en_HK.res" 1287
"../../../Engine/Content/Internationalization/icudt64l/region/en_HK.res" 1288
"../../../Engine/Content/Internationalization/icudt64l/lang/en_IE.res" 1289
"../../../Engine/Content/Internationalization/icudt64l/region/en_IE.res" 1290
"../../../Engine/Content/Internationalization/icudt64l/lang/en_IL.res" 1291
"../../../Engine/Content/Internationalization/icudt64l/region/en_IL.res" 1292
"../../../Engine/Content/Internationalization/icudt64l/lang/en_IM.res" 1293
"../../../Engine/Content/Internationalization/icudt64l/region/en_IM.res" 1294
"../../../Engine/Content/Internationalization/icudt64l/lang/en_IN.res" 1295
"../../../Engine/Content/Internationalization/icudt64l/region/en_IN.res" 1296
"../../../Engine/Content/Internationalization/icudt64l/lang/en_IO.res" 1297
"../../../Engine/Content/Internationalization/icudt64l/region/en_IO.res" 1298
"../../../Engine/Content/Internationalization/icudt64l/lang/en_JE.res" 1299
"../../../Engine/Content/Internationalization/icudt64l/region/en_JE.res" 1300
"../../../Engine/Content/Internationalization/icudt64l/lang/en_JM.res" 1301
"../../../Engine/Content/Internationalization/icudt64l/region/en_JM.res" 1302
"../../../Engine/Content/Internationalization/icudt64l/lang/en_KE.res" 1303
"../../../Engine/Content/Internationalization/icudt64l/region/en_KE.res" 1304
"../../../Engine/Content/Internationalization/icudt64l/lang/en_KI.res" 1305
"../../../Engine/Content/Internationalization/icudt64l/region/en_KI.res" 1306
"../../../Engine/Content/Internationalization/icudt64l/lang/en_KN.res" 1307
"../../../Engine/Content/Internationalization/icudt64l/region/en_KN.res" 1308
"../../../Engine/Content/Internationalization/icudt64l/lang/en_KY.res" 1309
"../../../Engine/Content/Internationalization/icudt64l/region/en_KY.res" 1310
"../../../Engine/Content/Internationalization/icudt64l/lang/en_LC.res" 1311
"../../../Engine/Content/Internationalization/icudt64l/region/en_LC.res" 1312
"../../../Engine/Content/Internationalization/icudt64l/lang/en_LR.res" 1313
"../../../Engine/Content/Internationalization/icudt64l/region/en_LR.res" 1314
"../../../Engine/Content/Internationalization/icudt64l/lang/en_LS.res" 1315
"../../../Engine/Content/Internationalization/icudt64l/region/en_LS.res" 1316
"../../../Engine/Content/Internationalization/icudt64l/lang/en_MG.res" 1317
"../../../Engine/Content/Internationalization/icudt64l/region/en_MG.res" 1318
"../../../Engine/Content/Internationalization/icudt64l/lang/en_MO.res" 1319
"../../../Engine/Content/Internationalization/icudt64l/region/en_MO.res" 1320
"../../../Engine/Content/Internationalization/icudt64l/lang/en_MS.res" 1321
"../../../Engine/Content/Internationalization/icudt64l/region/en_MS.res" 1322
"../../../Engine/Content/Internationalization/icudt64l/lang/en_MT.res" 1323
"../../../Engine/Content/Internationalization/icudt64l/region/en_MT.res" 1324
"../../../Engine/Content/Internationalization/icudt64l/lang/en_MU.res" 1325
"../../../Engine/Content/Internationalization/icudt64l/region/en_MU.res" 1326
"../../../Engine/Content/Internationalization/icudt64l/lang/en_MW.res" 1327
"../../../Engine/Content/Internationalization/icudt64l/region/en_MW.res" 1328
"../../../Engine/Content/Internationalization/icudt64l/lang/en_MY.res" 1329
"../../../Engine/Content/Internationalization/icudt64l/region/en_MY.res" 1330
"../../../Engine/Content/Internationalization/icudt64l/lang/en_NA.res" 1331
"../../../Engine/Content/Internationalization/icudt64l/region/en_NA.res" 1332
"../../../Engine/Content/Internationalization/icudt64l/lang/en_NF.res" 1333
"../../../Engine/Content/Internationalization/icudt64l/region/en_NF.res" 1334
"../../../Engine/Content/Internationalization/icudt64l/lang/en_NG.res" 1335
"../../../Engine/Content/Internationalization/icudt64l/region/en_NG.res" 1336
"../../../Engine/Content/Internationalization/icudt64l/lang/en_NL.res" 1337
"../../../Engine/Content/Internationalization/icudt64l/region/en_NL.res" 1338
"../../../Engine/Content/Internationalization/icudt64l/lang/en_NR.res" 1339
"../../../Engine/Content/Internationalization/icudt64l/region/en_NR.res" 1340
"../../../Engine/Content/Internationalization/icudt64l/lang/en_NU.res" 1341
"../../../Engine/Content/Internationalization/icudt64l/region/en_NU.res" 1342
"../../../Engine/Content/Internationalization/icudt64l/lang/en_NZ.res" 1343
"../../../Engine/Content/Internationalization/icudt64l/region/en_NZ.res" 1344
"../../../Engine/Content/Internationalization/icudt64l/lang/en_PG.res" 1345
"../../../Engine/Content/Internationalization/icudt64l/region/en_PG.res" 1346
"../../../Engine/Content/Internationalization/icudt64l/lang/en_PH.res" 1347
"../../../Engine/Content/Internationalization/icudt64l/region/en_PH.res" 1348
"../../../Engine/Content/Internationalization/icudt64l/lang/en_PK.res" 1349
"../../../Engine/Content/Internationalization/icudt64l/region/en_PK.res" 1350
"../../../Engine/Content/Internationalization/icudt64l/lang/en_PN.res" 1351
"../../../Engine/Content/Internationalization/icudt64l/region/en_PN.res" 1352
"../../../Engine/Content/Internationalization/icudt64l/lang/en_PW.res" 1353
"../../../Engine/Content/Internationalization/icudt64l/region/en_PW.res" 1354
"../../../Engine/Content/Internationalization/icudt64l/lang/en_RW.res" 1355
"../../../Engine/Content/Internationalization/icudt64l/region/en_RW.res" 1356
"../../../Engine/Content/Internationalization/icudt64l/lang/en_SB.res" 1357
"../../../Engine/Content/Internationalization/icudt64l/region/en_SB.res" 1358
"../../../Engine/Content/Internationalization/icudt64l/lang/en_SC.res" 1359
"../../../Engine/Content/Internationalization/icudt64l/region/en_SC.res" 1360
"../../../Engine/Content/Internationalization/icudt64l/lang/en_SD.res" 1361
"../../../Engine/Content/Internationalization/icudt64l/region/en_SD.res" 1362
"../../../Engine/Content/Internationalization/icudt64l/lang/en_SE.res" 1363
"../../../Engine/Content/Internationalization/icudt64l/region/en_SE.res" 1364
"../../../Engine/Content/Internationalization/icudt64l/lang/en_SG.res" 1365
"../../../Engine/Content/Internationalization/icudt64l/region/en_SG.res" 1366
"../../../Engine/Content/Internationalization/icudt64l/lang/en_SH.res" 1367
"../../../Engine/Content/Internationalization/icudt64l/region/en_SH.res" 1368
"../../../Engine/Content/Internationalization/icudt64l/lang/en_SI.res" 1369
"../../../Engine/Content/Internationalization/icudt64l/region/en_SI.res" 1370
"../../../Engine/Content/Internationalization/icudt64l/lang/en_SL.res" 1371
"../../../Engine/Content/Internationalization/icudt64l/region/en_SL.res" 1372
"../../../Engine/Content/Internationalization/icudt64l/lang/en_SS.res" 1373
"../../../Engine/Content/Internationalization/icudt64l/region/en_SS.res" 1374
"../../../Engine/Content/Internationalization/icudt64l/lang/en_SX.res" 1375
"../../../Engine/Content/Internationalization/icudt64l/region/en_SX.res" 1376
"../../../Engine/Content/Internationalization/icudt64l/lang/en_SZ.res" 1377
"../../../Engine/Content/Internationalization/icudt64l/region/en_SZ.res" 1378
"../../../Engine/Content/Internationalization/icudt64l/lang/en_TC.res" 1379
"../../../Engine/Content/Internationalization/icudt64l/region/en_TC.res" 1380
"../../../Engine/Content/Internationalization/icudt64l/lang/en_TK.res" 1381
"../../../Engine/Content/Internationalization/icudt64l/region/en_TK.res" 1382
"../../../Engine/Content/Internationalization/icudt64l/lang/en_TO.res" 1383
"../../../Engine/Content/Internationalization/icudt64l/region/en_TO.res" 1384
"../../../Engine/Content/Internationalization/icudt64l/lang/en_TT.res" 1385
"../../../Engine/Content/Internationalization/icudt64l/region/en_TT.res" 1386
"../../../Engine/Content/Internationalization/icudt64l/lang/en_TV.res" 1387
"../../../Engine/Content/Internationalization/icudt64l/region/en_TV.res" 1388
"../../../Engine/Content/Internationalization/icudt64l/lang/en_TZ.res" 1389
"../../../Engine/Content/Internationalization/icudt64l/region/en_TZ.res" 1390
"../../../Engine/Content/Internationalization/icudt64l/lang/en_UG.res" 1391
"../../../Engine/Content/Internationalization/icudt64l/region/en_UG.res" 1392
"../../../Engine/Content/Internationalization/icudt64l/lang/en_VC.res" 1393
"../../../Engine/Content/Internationalization/icudt64l/region/en_VC.res" 1394
"../../../Engine/Content/Internationalization/icudt64l/lang/en_VG.res" 1395
"../../../Engine/Content/Internationalization/icudt64l/region/en_VG.res" 1396
"../../../Engine/Content/Internationalization/icudt64l/lang/en_VU.res" 1397
"../../../Engine/Content/Internationalization/icudt64l/region/en_VU.res" 1398
"../../../Engine/Content/Internationalization/icudt64l/lang/en_WS.res" 1399
"../../../Engine/Content/Internationalization/icudt64l/region/en_WS.res" 1400
"../../../Engine/Content/Internationalization/icudt64l/lang/en_ZA.res" 1401
"../../../Engine/Content/Internationalization/icudt64l/region/en_ZA.res" 1402
"../../../Engine/Content/Internationalization/icudt64l/lang/en_ZM.res" 1403
"../../../Engine/Content/Internationalization/icudt64l/region/en_ZM.res" 1404
"../../../Engine/Content/Internationalization/icudt64l/lang/en_ZW.res" 1405
"../../../Engine/Content/Internationalization/icudt64l/region/en_ZW.res" 1406
"../../../Engine/Content/Internationalization/icudt64l/lang/eo.res" 1407
"../../../Engine/Content/Internationalization/icudt64l/region/eo.res" 1408
"../../../Engine/Content/Internationalization/icudt64l/lang/es.res" 1409
"../../../Engine/Content/Internationalization/icudt64l/lang/es_419.res" 1410
"../../../Engine/Content/Internationalization/icudt64l/region/es_419.res" 1411
"../../../Engine/Content/Internationalization/icudt64l/region/es.res" 1412
"../../../Engine/Content/Internationalization/icudt64l/lang/es_AR.res" 1413
"../../../Engine/Content/Internationalization/icudt64l/region/es_AR.res" 1414
"../../../Engine/Content/Internationalization/icudt64l/lang/es_BO.res" 1415
"../../../Engine/Content/Internationalization/icudt64l/region/es_BO.res" 1416
"../../../Engine/Content/Internationalization/icudt64l/lang/es_BR.res" 1417
"../../../Engine/Content/Internationalization/icudt64l/region/es_BR.res" 1418
"../../../Engine/Content/Internationalization/icudt64l/lang/es_BZ.res" 1419
"../../../Engine/Content/Internationalization/icudt64l/region/es_BZ.res" 1420
"../../../Engine/Content/Internationalization/icudt64l/lang/es_CL.res" 1421
"../../../Engine/Content/Internationalization/icudt64l/region/es_CL.res" 1422
"../../../Engine/Content/Internationalization/icudt64l/lang/es_CO.res" 1423
"../../../Engine/Content/Internationalization/icudt64l/region/es_CO.res" 1424
"../../../Engine/Content/Internationalization/icudt64l/lang/es_CR.res" 1425
"../../../Engine/Content/Internationalization/icudt64l/region/es_CR.res" 1426
"../../../Engine/Content/Internationalization/icudt64l/lang/es_CU.res" 1427
"../../../Engine/Content/Internationalization/icudt64l/region/es_CU.res" 1428
"../../../Engine/Content/Internationalization/icudt64l/lang/es_DO.res" 1429
"../../../Engine/Content/Internationalization/icudt64l/region/es_DO.res" 1430
"../../../Engine/Content/Internationalization/icudt64l/lang/es_EC.res" 1431
"../../../Engine/Content/Internationalization/icudt64l/region/es_EC.res" 1432
"../../../Engine/Content/Internationalization/icudt64l/lang/es_GT.res" 1433
"../../../Engine/Content/Internationalization/icudt64l/region/es_GT.res" 1434
"../../../Engine/Content/Internationalization/icudt64l/lang/es_HN.res" 1435
"../../../Engine/Content/Internationalization/icudt64l/region/es_HN.res" 1436
"../../../Engine/Content/Internationalization/icudt64l/lang/es_MX.res" 1437
"../../../Engine/Content/Internationalization/icudt64l/region/es_MX.res" 1438
"../../../Engine/Content/Internationalization/icudt64l/lang/es_NI.res" 1439
"../../../Engine/Content/Internationalization/icudt64l/region/es_NI.res" 1440
"../../../Engine/Content/Internationalization/icudt64l/lang/es_PA.res" 1441
"../../../Engine/Content/Internationalization/icudt64l/region/es_PA.res" 1442
"../../../Engine/Content/Internationalization/icudt64l/lang/es_PE.res" 1443
"../../../Engine/Content/Internationalization/icudt64l/region/es_PE.res" 1444
"../../../Engine/Content/Internationalization/icudt64l/lang/es_PR.res" 1445
"../../../Engine/Content/Internationalization/icudt64l/region/es_PR.res" 1446
"../../../Engine/Content/Internationalization/icudt64l/lang/es_PY.res" 1447
"../../../Engine/Content/Internationalization/icudt64l/region/es_PY.res" 1448
"../../../Engine/Content/Internationalization/icudt64l/lang/es_SV.res" 1449
"../../../Engine/Content/Internationalization/icudt64l/region/es_SV.res" 1450
"../../../Engine/Content/Internationalization/icudt64l/lang/es_US.res" 1451
"../../../Engine/Content/Internationalization/icudt64l/region/es_US.res" 1452
"../../../Engine/Content/Internationalization/icudt64l/lang/es_UY.res" 1453
"../../../Engine/Content/Internationalization/icudt64l/region/es_UY.res" 1454
"../../../Engine/Content/Internationalization/icudt64l/lang/es_VE.res" 1455
"../../../Engine/Content/Internationalization/icudt64l/region/es_VE.res" 1456
"../../../Engine/Content/Internationalization/icudt64l/lang/et.res" 1457
"../../../Engine/Content/Internationalization/icudt64l/region/et.res" 1458
"../../../Engine/Content/Internationalization/icudt64l/lang/eu.res" 1459
"../../../Engine/Content/Internationalization/icudt64l/region/eu.res" 1460
"../../../Engine/Content/Internationalization/icudt64l/lang/ewo.res" 1461
"../../../Engine/Content/Internationalization/icudt64l/region/ewo.res" 1462
"../../../Engine/Content/Internationalization/icudt64l/lang/fa.res" 1463
"../../../Engine/Content/Internationalization/icudt64l/lang/fa_AF.res" 1464
"../../../Engine/Content/Internationalization/icudt64l/region/fa_AF.res" 1465
"../../../Engine/Content/Internationalization/icudt64l/region/fa.res" 1466
"../../../Engine/Content/Internationalization/icudt64l/lang/ff.res" 1467
"../../../Engine/Content/Internationalization/icudt64l/lang/ff_Latn.res" 1468
"../../../Engine/Content/Internationalization/icudt64l/region/ff.res" 1469
"../../../Engine/Content/Internationalization/icudt64l/region/ff_Latn.res" 1470
"../../../Engine/Content/Internationalization/icudt64l/lang/ff_CM.res" 1471
"../../../Engine/Content/Internationalization/icudt64l/lang/ff_Latn_CM.res" 1472
"../../../Engine/Content/Internationalization/icudt64l/region/ff_CM.res" 1473
"../../../Engine/Content/Internationalization/icudt64l/region/ff_Latn_CM.res" 1474
"../../../Engine/Content/Internationalization/icudt64l/lang/ff_GN.res" 1475
"../../../Engine/Content/Internationalization/icudt64l/lang/ff_Latn_GN.res" 1476
"../../../Engine/Content/Internationalization/icudt64l/region/ff_GN.res" 1477
"../../../Engine/Content/Internationalization/icudt64l/region/ff_Latn_GN.res" 1478
"../../../Engine/Content/Internationalization/icudt64l/lang/ff_MR.res" 1479
"../../../Engine/Content/Internationalization/icudt64l/lang/ff_Latn_MR.res" 1480
"../../../Engine/Content/Internationalization/icudt64l/region/ff_MR.res" 1481
"../../../Engine/Content/Internationalization/icudt64l/region/ff_Latn_MR.res" 1482
"../../../Engine/Content/Internationalization/icudt64l/lang/ff_SN.res" 1483
"../../../Engine/Content/Internationalization/icudt64l/lang/ff_Latn_SN.res" 1484
"../../../Engine/Content/Internationalization/icudt64l/region/ff_SN.res" 1485
"../../../Engine/Content/Internationalization/icudt64l/region/ff_Latn_SN.res" 1486
"../../../Engine/Content/Internationalization/icudt64l/lang/fi.res" 1487
"../../../Engine/Content/Internationalization/icudt64l/region/fi.res" 1488
"../../../Engine/Content/Internationalization/icudt64l/lang/fil.res" 1489
"../../../Engine/Content/Internationalization/icudt64l/lang/fil_PH.res" 1490
"../../../Engine/Content/Internationalization/icudt64l/region/fil_PH.res" 1491
"../../../Engine/Content/Internationalization/icudt64l/region/fil.res" 1492
"../../../Engine/Content/Internationalization/icudt64l/lang/fo.res" 1493
"../../../Engine/Content/Internationalization/icudt64l/region/fo.res" 1494
"../../../Engine/Content/Internationalization/icudt64l/lang/fr.res" 1495
"../../../Engine/Content/Internationalization/icudt64l/lang/fr_BE.res" 1496
"../../../Engine/Content/Internationalization/icudt64l/region/fr_BE.res" 1497
"../../../Engine/Content/Internationalization/icudt64l/region/fr.res" 1498
"../../../Engine/Content/Internationalization/icudt64l/lang/fr_CA.res" 1499
"../../../Engine/Content/Internationalization/icudt64l/region/fr_CA.res" 1500
"../../../Engine/Content/Internationalization/icudt64l/lang/fr_CH.res" 1501
"../../../Engine/Content/Internationalization/icudt64l/lang/fur.res" 1502
"../../../Engine/Content/Internationalization/icudt64l/region/fur.res" 1503
"../../../Engine/Content/Internationalization/icudt64l/lang/fy.res" 1504
"../../../Engine/Content/Internationalization/icudt64l/region/fy.res" 1505
"../../../Engine/Content/Internationalization/icudt64l/lang/ga.res" 1506
"../../../Engine/Content/Internationalization/icudt64l/region/ga.res" 1507
"../../../Engine/Content/Internationalization/icudt64l/lang/gd.res" 1508
"../../../Engine/Content/Internationalization/icudt64l/region/gd.res" 1509
"../../../Engine/Content/Internationalization/icudt64l/lang/gl.res" 1510
"../../../Engine/Content/Internationalization/icudt64l/region/gl.res" 1511
"../../../Engine/Content/Internationalization/icudt64l/lang/gsw.res" 1512
"../../../Engine/Content/Internationalization/icudt64l/region/gsw.res" 1513
"../../../Engine/Content/Internationalization/icudt64l/lang/gu.res" 1514
"../../../Engine/Content/Internationalization/icudt64l/region/gu.res" 1515
"../../../Engine/Content/Internationalization/icudt64l/lang/guz.res" 1516
"../../../Engine/Content/Internationalization/icudt64l/region/guz.res" 1517
"../../../Engine/Content/Internationalization/icudt64l/lang/gv.res" 1518
"../../../Engine/Content/Internationalization/icudt64l/region/gv.res" 1519
"../../../Engine/Content/Internationalization/icudt64l/lang/ha.res" 1520
"../../../Engine/Content/Internationalization/icudt64l/region/ha.res" 1521
"../../../Engine/Content/Internationalization/icudt64l/lang/ha_NE.res" 1522
"../../../Engine/Content/Internationalization/icudt64l/region/ha_NE.res" 1523
"../../../Engine/Content/Internationalization/icudt64l/lang/haw.res" 1524
"../../../Engine/Content/Internationalization/icudt64l/region/haw.res" 1525
"../../../Engine/Content/Internationalization/icudt64l/lang/he.res" 1526
"../../../Engine/Content/Internationalization/icudt64l/lang/he_IL.res" 1527
"../../../Engine/Content/Internationalization/icudt64l/region/he_IL.res" 1528
"../../../Engine/Content/Internationalization/icudt64l/region/he.res" 1529
"../../../Engine/Content/Internationalization/icudt64l/lang/hi.res" 1530
"../../../Engine/Content/Internationalization/icudt64l/region/hi.res" 1531
"../../../Engine/Content/Internationalization/icudt64l/lang/hr.res" 1532
"../../../Engine/Content/Internationalization/icudt64l/region/hr.res" 1533
"../../../Engine/Content/Internationalization/icudt64l/lang/hsb.res" 1534
"../../../Engine/Content/Internationalization/icudt64l/region/hsb.res" 1535
"../../../Engine/Content/Internationalization/icudt64l/lang/hu.res" 1536
"../../../Engine/Content/Internationalization/icudt64l/region/hu.res" 1537
"../../../Engine/Content/Internationalization/icudt64l/lang/hy.res" 1538
"../../../Engine/Content/Internationalization/icudt64l/region/hy.res" 1539
"../../../Engine/Content/Internationalization/icudt64l/lang/ia.res" 1540
"../../../Engine/Content/Internationalization/icudt64l/region/ia.res" 1541
"../../../Engine/Content/Internationalization/icudt64l/lang/id.res" 1542
"../../../Engine/Content/Internationalization/icudt64l/lang/id_ID.res" 1543
"../../../Engine/Content/Internationalization/icudt64l/region/id_ID.res" 1544
"../../../Engine/Content/Internationalization/icudt64l/region/id.res" 1545
"../../../Engine/Content/Internationalization/icudt64l/lang/ig.res" 1546
"../../../Engine/Content/Internationalization/icudt64l/region/ig.res" 1547
"../../../Engine/Content/Internationalization/icudt64l/lang/ii.res" 1548
"../../../Engine/Content/Internationalization/icudt64l/region/ii.res" 1549
"../../../Engine/Content/Internationalization/icudt64l/lang/is.res" 1550
"../../../Engine/Content/Internationalization/icudt64l/region/is.res" 1551
"../../../Engine/Content/Internationalization/icudt64l/lang/it.res" 1552
"../../../Engine/Content/Internationalization/icudt64l/region/it.res" 1553
"../../../Engine/Content/Internationalization/icudt64l/lang/ja.res" 1554
"../../../Engine/Content/Internationalization/icudt64l/lang/ja_JP.res" 1555
"../../../Engine/Content/Internationalization/icudt64l/region/ja_JP.res" 1556
"../../../Engine/Content/Internationalization/icudt64l/region/ja.res" 1557
"../../../Engine/Content/Internationalization/icudt64l/lang/jgo.res" 1558
"../../../Engine/Content/Internationalization/icudt64l/region/jgo.res" 1559
"../../../Engine/Content/Internationalization/icudt64l/lang/jmc.res" 1560
"../../../Engine/Content/Internationalization/icudt64l/region/jmc.res" 1561
"../../../Engine/Content/Internationalization/icudt64l/lang/jv.res" 1562
"../../../Engine/Content/Internationalization/icudt64l/region/jv.res" 1563
"../../../Engine/Content/Internationalization/icudt64l/lang/ka.res" 1564
"../../../Engine/Content/Internationalization/icudt64l/region/ka.res" 1565
"../../../Engine/Content/Internationalization/icudt64l/lang/kab.res" 1566
"../../../Engine/Content/Internationalization/icudt64l/region/kab.res" 1567
"../../../Engine/Content/Internationalization/icudt64l/lang/kam.res" 1568
"../../../Engine/Content/Internationalization/icudt64l/region/kam.res" 1569
"../../../Engine/Content/Internationalization/icudt64l/lang/kde.res" 1570
"../../../Engine/Content/Internationalization/icudt64l/region/kde.res" 1571
"../../../Engine/Content/Internationalization/icudt64l/lang/kea.res" 1572
"../../../Engine/Content/Internationalization/icudt64l/region/kea.res" 1573
"../../../Engine/Content/Internationalization/icudt64l/lang/khq.res" 1574
"../../../Engine/Content/Internationalization/icudt64l/region/khq.res" 1575
"../../../Engine/Content/Internationalization/icudt64l/lang/ki.res" 1576
"../../../Engine/Content/Internationalization/icudt64l/region/ki.res" 1577
"../../../Engine/Content/Internationalization/icudt64l/lang/kk.res" 1578
"../../../Engine/Content/Internationalization/icudt64l/region/kk.res" 1579
"../../../Engine/Content/Internationalization/icudt64l/lang/kkj.res" 1580
"../../../Engine/Content/Internationalization/icudt64l/region/kkj.res" 1581
"../../../Engine/Content/Internationalization/icudt64l/lang/kl.res" 1582
"../../../Engine/Content/Internationalization/icudt64l/region/kl.res" 1583
"../../../Engine/Content/Internationalization/icudt64l/lang/kln.res" 1584
"../../../Engine/Content/Internationalization/icudt64l/region/kln.res" 1585
"../../../Engine/Content/Internationalization/icudt64l/lang/km.res" 1586
"../../../Engine/Content/Internationalization/icudt64l/region/km.res" 1587
"../../../Engine/Content/Internationalization/icudt64l/lang/kn.res" 1588
"../../../Engine/Content/Internationalization/icudt64l/region/kn.res" 1589
"../../../Engine/Content/Internationalization/icudt64l/lang/ko.res" 1590
"../../../Engine/Content/Internationalization/icudt64l/region/ko_KP.res" 1591
"../../../Engine/Content/Internationalization/icudt64l/region/ko.res" 1592
"../../../Engine/Content/Internationalization/icudt64l/lang/kok.res" 1593
"../../../Engine/Content/Internationalization/icudt64l/region/kok.res" 1594
"../../../Engine/Content/Internationalization/icudt64l/lang/ks.res" 1595
"../../../Engine/Content/Internationalization/icudt64l/region/ks.res" 1596
"../../../Engine/Content/Internationalization/icudt64l/lang/ksb.res" 1597
"../../../Engine/Content/Internationalization/icudt64l/region/ksb.res" 1598
"../../../Engine/Content/Internationalization/icudt64l/lang/ksf.res" 1599
"../../../Engine/Content/Internationalization/icudt64l/region/ksf.res" 1600
"../../../Engine/Content/Internationalization/icudt64l/lang/ksh.res" 1601
"../../../Engine/Content/Internationalization/icudt64l/region/ksh.res" 1602
"../../../Engine/Content/Internationalization/icudt64l/lang/ku.res" 1603
"../../../Engine/Content/Internationalization/icudt64l/region/ku.res" 1604
"../../../Engine/Content/Internationalization/icudt64l/lang/kw.res" 1605
"../../../Engine/Content/Internationalization/icudt64l/region/kw.res" 1606
"../../../Engine/Content/Internationalization/icudt64l/lang/ky.res" 1607
"../../../Engine/Content/Internationalization/icudt64l/region/ky.res" 1608
"../../../Engine/Content/Internationalization/icudt64l/lang/lag.res" 1609
"../../../Engine/Content/Internationalization/icudt64l/region/lag.res" 1610
"../../../Engine/Content/Internationalization/icudt64l/lang/lb.res" 1611
"../../../Engine/Content/Internationalization/icudt64l/region/lb.res" 1612
"../../../Engine/Content/Internationalization/icudt64l/lang/lg.res" 1613
"../../../Engine/Content/Internationalization/icudt64l/region/lg.res" 1614
"../../../Engine/Content/Internationalization/icudt64l/lang/lkt.res" 1615
"../../../Engine/Content/Internationalization/icudt64l/region/lkt.res" 1616
"../../../Engine/Content/Internationalization/icudt64l/lang/ln.res" 1617
"../../../Engine/Content/Internationalization/icudt64l/region/ln.res" 1618
"../../../Engine/Content/Internationalization/icudt64l/lang/lo.res" 1619
"../../../Engine/Content/Internationalization/icudt64l/region/lo.res" 1620
"../../../Engine/Content/Internationalization/icudt64l/lang/lrc.res" 1621
"../../../Engine/Content/Internationalization/icudt64l/region/lrc.res" 1622
"../../../Engine/Content/Internationalization/icudt64l/lang/lt.res" 1623
"../../../Engine/Content/Internationalization/icudt64l/region/lt.res" 1624
"../../../Engine/Content/Internationalization/icudt64l/lang/lu.res" 1625
"../../../Engine/Content/Internationalization/icudt64l/region/lu.res" 1626
"../../../Engine/Content/Internationalization/icudt64l/lang/luo.res" 1627
"../../../Engine/Content/Internationalization/icudt64l/region/luo.res" 1628
"../../../Engine/Content/Internationalization/icudt64l/lang/luy.res" 1629
"../../../Engine/Content/Internationalization/icudt64l/region/luy.res" 1630
"../../../Engine/Content/Internationalization/icudt64l/lang/lv.res" 1631
"../../../Engine/Content/Internationalization/icudt64l/region/lv.res" 1632
"../../../Engine/Content/Internationalization/icudt64l/lang/mas.res" 1633
"../../../Engine/Content/Internationalization/icudt64l/region/mas.res" 1634
"../../../Engine/Content/Internationalization/icudt64l/lang/mer.res" 1635
"../../../Engine/Content/Internationalization/icudt64l/region/mer.res" 1636
"../../../Engine/Content/Internationalization/icudt64l/lang/mfe.res" 1637
"../../../Engine/Content/Internationalization/icudt64l/region/mfe.res" 1638
"../../../Engine/Content/Internationalization/icudt64l/lang/mg.res" 1639
"../../../Engine/Content/Internationalization/icudt64l/region/mg.res" 1640
"../../../Engine/Content/Internationalization/icudt64l/lang/mgh.res" 1641
"../../../Engine/Content/Internationalization/icudt64l/region/mgh.res" 1642
"../../../Engine/Content/Internationalization/icudt64l/lang/mgo.res" 1643
"../../../Engine/Content/Internationalization/icudt64l/region/mgo.res" 1644
"../../../Engine/Content/Internationalization/icudt64l/lang/mi.res" 1645
"../../../Engine/Content/Internationalization/icudt64l/region/mi.res" 1646
"../../../Engine/Content/Internationalization/icudt64l/lang/mk.res" 1647
"../../../Engine/Content/Internationalization/icudt64l/region/mk.res" 1648
"../../../Engine/Content/Internationalization/icudt64l/lang/ml.res" 1649
"../../../Engine/Content/Internationalization/icudt64l/region/ml.res" 1650
"../../../Engine/Content/Internationalization/icudt64l/lang/mn.res" 1651
"../../../Engine/Content/Internationalization/icudt64l/region/mn.res" 1652
"../../../Engine/Content/Internationalization/icudt64l/lang/mr.res" 1653
"../../../Engine/Content/Internationalization/icudt64l/region/mr.res" 1654
"../../../Engine/Content/Internationalization/icudt64l/lang/ms.res" 1655
"../../../Engine/Content/Internationalization/icudt64l/region/ms.res" 1656
"../../../Engine/Content/Internationalization/icudt64l/lang/mt.res" 1657
"../../../Engine/Content/Internationalization/icudt64l/region/mt.res" 1658
"../../../Engine/Content/Internationalization/icudt64l/lang/mua.res" 1659
"../../../Engine/Content/Internationalization/icudt64l/region/mua.res" 1660
"../../../Engine/Content/Internationalization/icudt64l/lang/my.res" 1661
"../../../Engine/Content/Internationalization/icudt64l/region/my.res" 1662
"../../../Engine/Content/Internationalization/icudt64l/lang/mzn.res" 1663
"../../../Engine/Content/Internationalization/icudt64l/region/mzn.res" 1664
"../../../Engine/Content/Internationalization/icudt64l/lang/naq.res" 1665
"../../../Engine/Content/Internationalization/icudt64l/region/naq.res" 1666
"../../../Engine/Content/Internationalization/icudt64l/lang/nb.res" 1667
"../../../Engine/Content/Internationalization/icudt64l/lang/nb_NO.res" 1668
"../../../Engine/Content/Internationalization/icudt64l/region/nb_NO.res" 1669
"../../../Engine/Content/Internationalization/icudt64l/region/nb.res" 1670
"../../../Engine/Content/Internationalization/icudt64l/lang/nd.res" 1671
"../../../Engine/Content/Internationalization/icudt64l/region/nd.res" 1672
"../../../Engine/Content/Internationalization/icudt64l/lang/nds.res" 1673
"../../../Engine/Content/Internationalization/icudt64l/region/nds.res" 1674
"../../../Engine/Content/Internationalization/icudt64l/lang/ne.res" 1675
"../../../Engine/Content/Internationalization/icudt64l/region/ne.res" 1676
"../../../Engine/Content/Internationalization/icudt64l/lang/nl.res" 1677
"../../../Engine/Content/Internationalization/icudt64l/region/nl.res" 1678
"../../../Engine/Content/Internationalization/icudt64l/lang/nmg.res" 1679
"../../../Engine/Content/Internationalization/icudt64l/region/nmg.res" 1680
"../../../Engine/Content/Internationalization/icudt64l/lang/nn.res" 1681
"../../../Engine/Content/Internationalization/icudt64l/lang/nn_NO.res" 1682
"../../../Engine/Content/Internationalization/icudt64l/region/nn_NO.res" 1683
"../../../Engine/Content/Internationalization/icudt64l/region/nn.res" 1684
"../../../Engine/Content/Internationalization/icudt64l/lang/nnh.res" 1685
"../../../Engine/Content/Internationalization/icudt64l/region/nnh.res" 1686
"../../../Engine/Content/Internationalization/icudt64l/lang/nus.res" 1687
"../../../Engine/Content/Internationalization/icudt64l/region/nus.res" 1688
"../../../Engine/Content/Internationalization/icudt64l/lang/nyn.res" 1689
"../../../Engine/Content/Internationalization/icudt64l/region/nyn.res" 1690
"../../../Engine/Content/Internationalization/icudt64l/lang/om.res" 1691
"../../../Engine/Content/Internationalization/icudt64l/region/om.res" 1692
"../../../Engine/Content/Internationalization/icudt64l/lang/or.res" 1693
"../../../Engine/Content/Internationalization/icudt64l/region/or.res" 1694
"../../../Engine/Content/Internationalization/icudt64l/lang/os.res" 1695
"../../../Engine/Content/Internationalization/icudt64l/region/os.res" 1696
"../../../Engine/Content/Internationalization/icudt64l/lang/pa.res" 1697
"../../../Engine/Content/Internationalization/icudt64l/lang/pa_Arab.res" 1698
"../../../Engine/Content/Internationalization/icudt64l/lang/pa_PK.res" 1699
"../../../Engine/Content/Internationalization/icudt64l/lang/pa_Arab_PK.res" 1700
"../../../Engine/Content/Internationalization/icudt64l/region/pa_PK.res" 1701
"../../../Engine/Content/Internationalization/icudt64l/region/pa_Arab_PK.res" 1702
"../../../Engine/Content/Internationalization/icudt64l/region/pa_Arab.res" 1703
"../../../Engine/Content/Internationalization/icudt64l/lang/pa_Guru.res" 1704
"../../../Engine/Content/Internationalization/icudt64l/lang/pa_IN.res" 1705
"../../../Engine/Content/Internationalization/icudt64l/lang/pa_Guru_IN.res" 1706
"../../../Engine/Content/Internationalization/icudt64l/region/pa_IN.res" 1707
"../../../Engine/Content/Internationalization/icudt64l/region/pa_Guru_IN.res" 1708
"../../../Engine/Content/Internationalization/icudt64l/region/pa_Guru.res" 1709
"../../../Engine/Content/Internationalization/icudt64l/region/pa.res" 1710
"../../../Engine/Content/Internationalization/icudt64l/lang/pl.res" 1711
"../../../Engine/Content/Internationalization/icudt64l/region/pl.res" 1712
"../../../Engine/Content/Internationalization/icudt64l/lang/ps.res" 1713
"../../../Engine/Content/Internationalization/icudt64l/region/ps.res" 1714
"../../../Engine/Content/Internationalization/icudt64l/lang/ps_PK.res" 1715
"../../../Engine/Content/Internationalization/icudt64l/region/ps_PK.res" 1716
"../../../Engine/Content/Internationalization/icudt64l/lang/pt.res" 1717
"../../../Engine/Content/Internationalization/icudt64l/lang/pt_AO.res" 1718
"../../../Engine/Content/Internationalization/icudt64l/lang/pt_PT.res" 1719
"../../../Engine/Content/Internationalization/icudt64l/region/pt_AO.res" 1720
"../../../Engine/Content/Internationalization/icudt64l/region/pt_PT.res" 1721
"../../../Engine/Content/Internationalization/icudt64l/region/pt.res" 1722
"../../../Engine/Content/Internationalization/icudt64l/lang/pt_CH.res" 1723
"../../../Engine/Content/Internationalization/icudt64l/region/pt_CH.res" 1724
"../../../Engine/Content/Internationalization/icudt64l/lang/pt_CV.res" 1725
"../../../Engine/Content/Internationalization/icudt64l/region/pt_CV.res" 1726
"../../../Engine/Content/Internationalization/icudt64l/lang/pt_GQ.res" 1727
"../../../Engine/Content/Internationalization/icudt64l/region/pt_GQ.res" 1728
"../../../Engine/Content/Internationalization/icudt64l/lang/pt_GW.res" 1729
"../../../Engine/Content/Internationalization/icudt64l/region/pt_GW.res" 1730
"../../../Engine/Content/Internationalization/icudt64l/lang/pt_LU.res" 1731
"../../../Engine/Content/Internationalization/icudt64l/region/pt_LU.res" 1732
"../../../Engine/Content/Internationalization/icudt64l/lang/pt_MO.res" 1733
"../../../Engine/Content/Internationalization/icudt64l/region/pt_MO.res" 1734
"../../../Engine/Content/Internationalization/icudt64l/lang/pt_MZ.res" 1735
"../../../Engine/Content/Internationalization/icudt64l/region/pt_MZ.res" 1736
"../../../Engine/Content/Internationalization/icudt64l/lang/pt_ST.res" 1737
"../../../Engine/Content/Internationalization/icudt64l/region/pt_ST.res" 1738
"../../../Engine/Content/Internationalization/icudt64l/lang/pt_TL.res" 1739
"../../../Engine/Content/Internationalization/icudt64l/region/pt_TL.res" 1740
"../../../Engine/Content/Internationalization/icudt64l/lang/qu.res" 1741
"../../../Engine/Content/Internationalization/icudt64l/region/qu.res" 1742
"../../../Engine/Content/Internationalization/icudt64l/lang/rm.res" 1743
"../../../Engine/Content/Internationalization/icudt64l/region/rm.res" 1744
"../../../Engine/Content/Internationalization/icudt64l/lang/rn.res" 1745
"../../../Engine/Content/Internationalization/icudt64l/region/rn.res" 1746
"../../../Engine/Content/Internationalization/icudt64l/lang/ro.res" 1747
"../../../Engine/Content/Internationalization/icudt64l/lang/ro_MD.res" 1748
"../../../Engine/Content/Internationalization/icudt64l/region/ro_MD.res" 1749
"../../../Engine/Content/Internationalization/icudt64l/region/ro.res" 1750
"../../../Engine/Content/Internationalization/icudt64l/lang/rof.res" 1751
"../../../Engine/Content/Internationalization/icudt64l/region/rof.res" 1752
"../../../Engine/Content/Internationalization/icudt64l/lang/ru.res" 1753
"../../../Engine/Content/Internationalization/icudt64l/region/ru.res" 1754
"../../../Engine/Content/Internationalization/icudt64l/region/ru_UA.res" 1755
"../../../Engine/Content/Internationalization/icudt64l/lang/rw.res" 1756
"../../../Engine/Content/Internationalization/icudt64l/region/rw.res" 1757
"../../../Engine/Content/Internationalization/icudt64l/lang/rwk.res" 1758
"../../../Engine/Content/Internationalization/icudt64l/region/rwk.res" 1759
"../../../Engine/Content/Internationalization/icudt64l/lang/sah.res" 1760
"../../../Engine/Content/Internationalization/icudt64l/region/sah.res" 1761
"../../../Engine/Content/Internationalization/icudt64l/lang/saq.res" 1762
"../../../Engine/Content/Internationalization/icudt64l/region/saq.res" 1763
"../../../Engine/Content/Internationalization/icudt64l/lang/sbp.res" 1764
"../../../Engine/Content/Internationalization/icudt64l/region/sbp.res" 1765
"../../../Engine/Content/Internationalization/icudt64l/lang/sd.res" 1766
"../../../Engine/Content/Internationalization/icudt64l/region/sd.res" 1767
"../../../Engine/Content/Internationalization/icudt64l/lang/se.res" 1768
"../../../Engine/Content/Internationalization/icudt64l/lang/se_FI.res" 1769
"../../../Engine/Content/Internationalization/icudt64l/region/se_FI.res" 1770
"../../../Engine/Content/Internationalization/icudt64l/region/se.res" 1771
"../../../Engine/Content/Internationalization/icudt64l/lang/seh.res" 1772
"../../../Engine/Content/Internationalization/icudt64l/region/seh.res" 1773
"../../../Engine/Content/Internationalization/icudt64l/lang/ses.res" 1774
"../../../Engine/Content/Internationalization/icudt64l/region/ses.res" 1775
"../../../Engine/Content/Internationalization/icudt64l/lang/sg.res" 1776
"../../../Engine/Content/Internationalization/icudt64l/region/sg.res" 1777
"../../../Engine/Content/Internationalization/icudt64l/lang/shi.res" 1778
"../../../Engine/Content/Internationalization/icudt64l/lang/shi_Latn.res" 1779
"../../../Engine/Content/Internationalization/icudt64l/lang/shi_MA.res" 1780
"../../../Engine/Content/Internationalization/icudt64l/lang/shi_Tfng_MA.res" 1781
"../../../Engine/Content/Internationalization/icudt64l/lang/shi_Tfng.res" 1782
"../../../Engine/Content/Internationalization/icudt64l/region/shi_MA.res" 1783
"../../../Engine/Content/Internationalization/icudt64l/region/shi_Tfng_MA.res" 1784
"../../../Engine/Content/Internationalization/icudt64l/region/shi_Tfng.res" 1785
"../../../Engine/Content/Internationalization/icudt64l/region/shi.res" 1786
"../../../Engine/Content/Internationalization/icudt64l/region/shi_Latn.res" 1787
"../../../Engine/Content/Internationalization/icudt64l/lang/si.res" 1788
"../../../Engine/Content/Internationalization/icudt64l/region/si.res" 1789
"../../../Engine/Content/Internationalization/icudt64l/lang/sk.res" 1790
"../../../Engine/Content/Internationalization/icudt64l/region/sk.res" 1791
"../../../Engine/Content/Internationalization/icudt64l/lang/sl.res" 1792
"../../../Engine/Content/Internationalization/icudt64l/region/sl.res" 1793
"../../../Engine/Content/Internationalization/icudt64l/lang/smn.res" 1794
"../../../Engine/Content/Internationalization/icudt64l/region/smn.res" 1795
"../../../Engine/Content/Internationalization/icudt64l/lang/sn.res" 1796
"../../../Engine/Content/Internationalization/icudt64l/region/sn.res" 1797
"../../../Engine/Content/Internationalization/icudt64l/lang/so.res" 1798
"../../../Engine/Content/Internationalization/icudt64l/region/so.res" 1799
"../../../Engine/Content/Internationalization/icudt64l/lang/sq.res" 1800
"../../../Engine/Content/Internationalization/icudt64l/region/sq.res" 1801
"../../../Engine/Content/Internationalization/icudt64l/lang/sr.res" 1802
"../../../Engine/Content/Internationalization/icudt64l/lang/sr_Cyrl.res" 1803
"../../../Engine/Content/Internationalization/icudt64l/lang/sr_BA.res" 1804
"../../../Engine/Content/Internationalization/icudt64l/lang/sr_Cyrl_BA.res" 1805
"../../../Engine/Content/Internationalization/icudt64l/region/sr_BA.res" 1806
"../../../Engine/Content/Internationalization/icudt64l/region/sr_Cyrl_BA.res" 1807
"../../../Engine/Content/Internationalization/icudt64l/region/sr_Cyrl.res" 1808
"../../../Engine/Content/Internationalization/icudt64l/region/sr.res" 1809
"../../../Engine/Content/Internationalization/icudt64l/lang/sr_ME.res" 1810
"../../../Engine/Content/Internationalization/icudt64l/lang/sr_Latn_ME.res" 1811
"../../../Engine/Content/Internationalization/icudt64l/lang/sr_Latn.res" 1812
"../../../Engine/Content/Internationalization/icudt64l/region/sr_ME.res" 1813
"../../../Engine/Content/Internationalization/icudt64l/region/sr_Latn_ME.res" 1814
"../../../Engine/Content/Internationalization/icudt64l/region/sr_Latn.res" 1815
"../../../Engine/Content/Internationalization/icudt64l/lang/sr_Cyrl_ME.res" 1816
"../../../Engine/Content/Internationalization/icudt64l/region/sr_Cyrl_ME.res" 1817
"../../../Engine/Content/Internationalization/icudt64l/lang/sr_RS.res" 1818
"../../../Engine/Content/Internationalization/icudt64l/lang/sr_Cyrl_RS.res" 1819
"../../../Engine/Content/Internationalization/icudt64l/region/sr_RS.res" 1820
"../../../Engine/Content/Internationalization/icudt64l/region/sr_Cyrl_RS.res" 1821
"../../../Engine/Content/Internationalization/icudt64l/lang/sr_XK.res" 1822
"../../../Engine/Content/Internationalization/icudt64l/lang/sr_Cyrl_XK.res" 1823
"../../../Engine/Content/Internationalization/icudt64l/region/sr_XK.res" 1824
"../../../Engine/Content/Internationalization/icudt64l/region/sr_Cyrl_XK.res" 1825
"../../../Engine/Content/Internationalization/icudt64l/lang/sr_Latn_BA.res" 1826
"../../../Engine/Content/Internationalization/icudt64l/region/sr_Latn_BA.res" 1827
"../../../Engine/Content/Internationalization/icudt64l/lang/sr_Latn_RS.res" 1828
"../../../Engine/Content/Internationalization/icudt64l/region/sr_Latn_RS.res" 1829
"../../../Engine/Content/Internationalization/icudt64l/lang/sr_Latn_XK.res" 1830
"../../../Engine/Content/Internationalization/icudt64l/region/sr_Latn_XK.res" 1831
"../../../Engine/Content/Internationalization/icudt64l/lang/sv.res" 1832
"../../../Engine/Content/Internationalization/icudt64l/region/sv.res" 1833
"../../../Engine/Content/Internationalization/icudt64l/lang/sv_FI.res" 1834
"../../../Engine/Content/Internationalization/icudt64l/lang/sw.res" 1835
"../../../Engine/Content/Internationalization/icudt64l/lang/sw_CD.res" 1836
"../../../Engine/Content/Internationalization/icudt64l/region/sw_CD.res" 1837
"../../../Engine/Content/Internationalization/icudt64l/region/sw.res" 1838
"../../../Engine/Content/Internationalization/icudt64l/lang/sw_KE.res" 1839
"../../../Engine/Content/Internationalization/icudt64l/region/sw_KE.res" 1840
"../../../Engine/Content/Internationalization/icudt64l/lang/ta.res" 1841
"../../../Engine/Content/Internationalization/icudt64l/region/ta.res" 1842
"../../../Engine/Content/Internationalization/icudt64l/lang/te.res" 1843
"../../../Engine/Content/Internationalization/icudt64l/region/te.res" 1844
"../../../Engine/Content/Internationalization/icudt64l/lang/teo.res" 1845
"../../../Engine/Content/Internationalization/icudt64l/region/teo.res" 1846
"../../../Engine/Content/Internationalization/icudt64l/lang/tg.res" 1847
"../../../Engine/Content/Internationalization/icudt64l/region/tg.res" 1848
"../../../Engine/Content/Internationalization/icudt64l/lang/th.res" 1849
"../../../Engine/Content/Internationalization/icudt64l/lang/th_TH.res" 1850
"../../../Engine/Content/Internationalization/icudt64l/region/th_TH.res" 1851
"../../../Engine/Content/Internationalization/icudt64l/region/th.res" 1852
"../../../Engine/Content/Internationalization/icudt64l/lang/ti.res" 1853
"../../../Engine/Content/Internationalization/icudt64l/region/ti.res" 1854
"../../../Engine/Content/Internationalization/icudt64l/lang/tk.res" 1855
"../../../Engine/Content/Internationalization/icudt64l/region/tk.res" 1856
"../../../Engine/Content/Internationalization/icudt64l/lang/to.res" 1857
"../../../Engine/Content/Internationalization/icudt64l/region/to.res" 1858
"../../../Engine/Content/Internationalization/icudt64l/lang/tr.res" 1859
"../../../Engine/Content/Internationalization/icudt64l/region/tr.res" 1860
"../../../Engine/Content/Internationalization/icudt64l/lang/tt.res" 1861
"../../../Engine/Content/Internationalization/icudt64l/region/tt.res" 1862
"../../../Engine/Content/Internationalization/icudt64l/lang/twq.res" 1863
"../../../Engine/Content/Internationalization/icudt64l/region/twq.res" 1864
"../../../Engine/Content/Internationalization/icudt64l/lang/tzm.res" 1865
"../../../Engine/Content/Internationalization/icudt64l/region/tzm.res" 1866
"../../../Engine/Content/Internationalization/icudt64l/lang/ug.res" 1867
"../../../Engine/Content/Internationalization/icudt64l/region/ug.res" 1868
"../../../Engine/Content/Internationalization/icudt64l/lang/uk.res" 1869
"../../../Engine/Content/Internationalization/icudt64l/region/uk.res" 1870
"../../../Engine/Content/Internationalization/icudt64l/lang/ur.res" 1871
"../../../Engine/Content/Internationalization/icudt64l/lang/ur_IN.res" 1872
"../../../Engine/Content/Internationalization/icudt64l/region/ur_IN.res" 1873
"../../../Engine/Content/Internationalization/icudt64l/region/ur.res" 1874
"../../../Engine/Content/Internationalization/icudt64l/lang/uz.res" 1875
"../../../Engine/Content/Internationalization/icudt64l/lang/uz_Arab.res" 1876
"../../../Engine/Content/Internationalization/icudt64l/lang/uz_AF.res" 1877
"../../../Engine/Content/Internationalization/icudt64l/lang/uz_Arab_AF.res" 1878
"../../../Engine/Content/Internationalization/icudt64l/region/uz_AF.res" 1879
"../../../Engine/Content/Internationalization/icudt64l/region/uz_Arab_AF.res" 1880
"../../../Engine/Content/Internationalization/icudt64l/region/uz_Arab.res" 1881
"../../../Engine/Content/Internationalization/icudt64l/lang/uz_Cyrl.res" 1882
"../../../Engine/Content/Internationalization/icudt64l/lang/uz_UZ.res" 1883
"../../../Engine/Content/Internationalization/icudt64l/lang/uz_Latn_UZ.res" 1884
"../../../Engine/Content/Internationalization/icudt64l/lang/uz_Latn.res" 1885
"../../../Engine/Content/Internationalization/icudt64l/region/uz_UZ.res" 1886
"../../../Engine/Content/Internationalization/icudt64l/region/uz_Latn_UZ.res" 1887
"../../../Engine/Content/Internationalization/icudt64l/region/uz_Latn.res" 1888
"../../../Engine/Content/Internationalization/icudt64l/region/uz.res" 1889
"../../../Engine/Content/Internationalization/icudt64l/region/uz_Cyrl.res" 1890
"../../../Engine/Content/Internationalization/icudt64l/lang/vai.res" 1891
"../../../Engine/Content/Internationalization/icudt64l/lang/vai_Latn.res" 1892
"../../../Engine/Content/Internationalization/icudt64l/lang/vai_LR.res" 1893
"../../../Engine/Content/Internationalization/icudt64l/lang/vai_Vaii_LR.res" 1894
"../../../Engine/Content/Internationalization/icudt64l/lang/vai_Vaii.res" 1895
"../../../Engine/Content/Internationalization/icudt64l/region/vai_LR.res" 1896
"../../../Engine/Content/Internationalization/icudt64l/region/vai_Vaii_LR.res" 1897
"../../../Engine/Content/Internationalization/icudt64l/region/vai_Vaii.res" 1898
"../../../Engine/Content/Internationalization/icudt64l/region/vai.res" 1899
"../../../Engine/Content/Internationalization/icudt64l/region/vai_Latn.res" 1900
"../../../Engine/Content/Internationalization/icudt64l/lang/vi.res" 1901
"../../../Engine/Content/Internationalization/icudt64l/region/vi.res" 1902
"../../../Engine/Content/Internationalization/icudt64l/lang/vun.res" 1903
"../../../Engine/Content/Internationalization/icudt64l/region/vun.res" 1904
"../../../Engine/Content/Internationalization/icudt64l/lang/wae.res" 1905
"../../../Engine/Content/Internationalization/icudt64l/region/wae.res" 1906
"../../../Engine/Content/Internationalization/icudt64l/lang/wo.res" 1907
"../../../Engine/Content/Internationalization/icudt64l/region/wo.res" 1908
"../../../Engine/Content/Internationalization/icudt64l/lang/xh.res" 1909
"../../../Engine/Content/Internationalization/icudt64l/region/xh.res" 1910
"../../../Engine/Content/Internationalization/icudt64l/lang/xog.res" 1911
"../../../Engine/Content/Internationalization/icudt64l/region/xog.res" 1912
"../../../Engine/Content/Internationalization/icudt64l/lang/yav.res" 1913
"../../../Engine/Content/Internationalization/icudt64l/region/yav.res" 1914
"../../../Engine/Content/Internationalization/icudt64l/lang/yi.res" 1915
"../../../Engine/Content/Internationalization/icudt64l/region/yi.res" 1916
"../../../Engine/Content/Internationalization/icudt64l/lang/yo.res" 1917
"../../../Engine/Content/Internationalization/icudt64l/lang/yo_BJ.res" 1918
"../../../Engine/Content/Internationalization/icudt64l/region/yo_BJ.res" 1919
"../../../Engine/Content/Internationalization/icudt64l/region/yo.res" 1920
"../../../Engine/Content/Internationalization/icudt64l/lang/yue.res" 1921
"../../../Engine/Content/Internationalization/icudt64l/lang/yue_Hans.res" 1922
"../../../Engine/Content/Internationalization/icudt64l/lang/yue_CN.res" 1923
"../../../Engine/Content/Internationalization/icudt64l/lang/yue_Hans_CN.res" 1924
"../../../Engine/Content/Internationalization/icudt64l/region/yue_CN.res" 1925
"../../../Engine/Content/Internationalization/icudt64l/region/yue_Hans_CN.res" 1926
"../../../Engine/Content/Internationalization/icudt64l/region/yue_Hans.res" 1927
"../../../Engine/Content/Internationalization/icudt64l/lang/yue_Hant.res" 1928
"../../../Engine/Content/Internationalization/icudt64l/lang/yue_HK.res" 1929
"../../../Engine/Content/Internationalization/icudt64l/lang/yue_Hant_HK.res" 1930
"../../../Engine/Content/Internationalization/icudt64l/region/yue_HK.res" 1931
"../../../Engine/Content/Internationalization/icudt64l/region/yue_Hant_HK.res" 1932
"../../../Engine/Content/Internationalization/icudt64l/region/yue_Hant.res" 1933
"../../../Engine/Content/Internationalization/icudt64l/region/yue.res" 1934
"../../../Engine/Content/Internationalization/icudt64l/lang/zgh.res" 1935
"../../../Engine/Content/Internationalization/icudt64l/region/zgh.res" 1936
"../../../Engine/Content/Internationalization/icudt64l/lang/zh.res" 1937
"../../../Engine/Content/Internationalization/icudt64l/lang/zh_Hans.res" 1938
"../../../Engine/Content/Internationalization/icudt64l/lang/zh_CN.res" 1939
"../../../Engine/Content/Internationalization/icudt64l/lang/zh_Hans_CN.res" 1940
"../../../Engine/Content/Internationalization/icudt64l/region/zh_CN.res" 1941
"../../../Engine/Content/Internationalization/icudt64l/region/zh_Hans_CN.res" 1942
"../../../Engine/Content/Internationalization/icudt64l/region/zh_Hans.res" 1943
"../../../Engine/Content/Internationalization/icudt64l/region/zh.res" 1944
"../../../Engine/Content/Internationalization/icudt64l/lang/zh_HK.res" 1945
"../../../Engine/Content/Internationalization/icudt64l/lang/zh_Hant_HK.res" 1946
"../../../Engine/Content/Internationalization/icudt64l/lang/zh_Hant.res" 1947
"../../../Engine/Content/Internationalization/icudt64l/region/zh_HK.res" 1948
"../../../Engine/Content/Internationalization/icudt64l/region/zh_Hant_HK.res" 1949
"../../../Engine/Content/Internationalization/icudt64l/region/zh_Hant.res" 1950
"../../../Engine/Content/Internationalization/icudt64l/lang/zh_MO.res" 1951
"../../../Engine/Content/Internationalization/icudt64l/lang/zh_Hant_MO.res" 1952
"../../../Engine/Content/Internationalization/icudt64l/region/zh_MO.res" 1953
"../../../Engine/Content/Internationalization/icudt64l/region/zh_Hant_MO.res" 1954
"../../../Engine/Content/Internationalization/icudt64l/lang/zh_SG.res" 1955
"../../../Engine/Content/Internationalization/icudt64l/lang/zh_Hans_SG.res" 1956
"../../../Engine/Content/Internationalization/icudt64l/region/zh_SG.res" 1957
"../../../Engine/Content/Internationalization/icudt64l/region/zh_Hans_SG.res" 1958
"../../../Engine/Content/Internationalization/icudt64l/lang/zh_TW.res" 1959
"../../../Engine/Content/Internationalization/icudt64l/lang/zh_Hant_TW.res" 1960
"../../../Engine/Content/Internationalization/icudt64l/region/zh_TW.res" 1961
"../../../Engine/Content/Internationalization/icudt64l/region/zh_Hant_TW.res" 1962
"../../../Engine/Content/Internationalization/icudt64l/lang/zu.res" 1963
"../../../Engine/Content/Internationalization/icudt64l/region/zu.res" 1964
"../../../Engine/Content/Internationalization/icudt64l/lang/no.res" 1965
"../../../Engine/Content/Internationalization/icudt64l/lang/tl.res" 1966
"../../../Engine/Config/Android/DataDrivenPlatformInfo.ini" 1967
"../../../Engine/Config/IOS/DataDrivenPlatformInfo.ini" 1968
"../../../Engine/Config/Linux/DataDrivenPlatformInfo.ini" 1969
"../../../Engine/Config/Mac/DataDrivenPlatformInfo.ini" 1970
"../../../Engine/Config/TVOS/DataDrivenPlatformInfo.ini" 1971
"../../../Engine/Config/Unix/DataDrivenPlatformInfo.ini" 1972
"../../../Engine/Config/VulkanPC/DataDrivenPlatformInfo.ini" 1973
"../../../Engine/Config/Windows/DataDrivenPlatformInfo.ini" 1974
"../../../Engine/Platforms/VisionOS/Config/DataDrivenPlatformInfo.ini" 1975
"../../../Engine/Content/Renderer/TessellationTable.bin" 1976
"../../../Engine/DerivedDataCache/Compressed.ddp" 1977
"C:/Users/marco/AppData/Local/UnrealEngine/5.6/Saved/Zen/zen.version" 1978
"C:/Users/marco/AppData/Local/UnrealEngine/Common/Zen/Install/zen.version" 1979
"C:/Users/marco/AppData/Local/UnrealEngine/Common/Zen/Install/zenserver.runcontext" 1980
"C:/Users/marco/AppData/Local/UnrealEngine/Common/DerivedDataCache/TestData/0/TestData_4kb.dat" 1981
"C:/Users/marco/AppData/Local/UnrealEngine/Common/DerivedDataCache/TestData/1/TestData_4kb.dat" 1982
"C:/Users/marco/AppData/Local/UnrealEngine/Common/DerivedDataCache/TestData/0/TestData_8kb.dat" 1983
"C:/Users/marco/AppData/Local/UnrealEngine/Common/DerivedDataCache/TestData/1/TestData_8kb.dat" 1984
"C:/Users/marco/AppData/Local/UnrealEngine/Common/DerivedDataCache/TestData/0/TestData_16kb.dat" 1985
"C:/Users/marco/AppData/Local/UnrealEngine/Common/DerivedDataCache/TestData/1/TestData_16kb.dat" 1986
"C:/Users/marco/AppData/Local/UnrealEngine/Common/DerivedDataCache/TestData/0/TestData_64kb.dat" 1987
"C:/Users/marco/AppData/Local/UnrealEngine/Common/DerivedDataCache/TestData/1/TestData_64kb.dat" 1988
"C:/Users/marco/AppData/Local/UnrealEngine/Common/DerivedDataCache/TestData/0/TestData_128kb.dat" 1989
"C:/Users/marco/AppData/Local/UnrealEngine/Common/DerivedDataCache/TestData/1/TestData_128kb.dat" 1990
"C:/Users/marco/AppData/Local/UnrealEngine/Common/DerivedDataCache/TestData/0/TestData_256kb.dat" 1991
"C:/Users/marco/AppData/Local/UnrealEngine/Common/DerivedDataCache/TestData/1/TestData_256kb.dat" 1992
"C:/Users/marco/AppData/Roaming/Unreal Engine/UnrealBuildTool/BuildConfiguration.xml" 1993
"C:/Users/marco/Documents/Unreal Projects/Propulsive_Momentum/Intermediate/ShaderAutogen/PCD3D_SM6/AutogenShaderHeaders.ush" 1994
"../../../Engine/Shaders/Private/HairStrands/HairStrandsVertexFactory.ush" 1995
"../../../Engine/Shaders/Private/VertexFactoryCommon.ush" 1996
"../../../Engine/Shaders/Private/Common.ush" 1997
"../../../Engine/Shaders/Public/Platform.ush" 1998
"../../../Engine/Shaders/Public/FP16Math.ush" 1999
"../../../Engine/Shaders/Public/Platform/D3D/D3DCommon.ush" 2000
"../../../Engine/Shaders/Shared/HLSLReservedSpaces.h" 2001
"../../../Engine/Shaders/Public/BindlessResources.ush" 2002
"../../../Engine/Shaders/Public/Platform/D3D/PlatformBindlessResources.ush" 2003
"../../../Engine/Shaders/Shared/RayTracingBuiltInResources.h" 2004
"../../../Engine/Shaders/Shared/RayTracingDefinitions.h" 2005
"../../../Engine/Shaders/Public/OverloadMacros.ush" 2006
"../../../Engine/Shaders/Public/ShaderVersion.ush" 2007
"../../../Engine/Shaders/Shared/ThirdParty/NVIDIA/nvHLSLExtns.h" 2008
"../../../Engine/Shaders/Shared/ThirdParty/NVIDIA/nvHLSLExtnsInternal.h" 2009
"../../../Engine/Shaders/Shared/ThirdParty/NVIDIA/nvShaderExtnEnums.h" 2010
"../../../Engine/Shaders/Private/PackUnpack.ush" 2011
"../../../Engine/Shaders/Private/GeneratedUniformBufferTypes.ush" 2012
"../../../Engine/Shaders/Private/Nanite/NanitePackedNaniteView.ush" 2013
"../../../Engine/Shaders/Private/HairStrands/HairStrandsVisibilityCommonStruct.ush" 2014
"../../../Engine/Shaders/Private/HairStrands/HairStrandsVoxelPageCommonStruct.ush" 2015
"../../../Engine/Shaders/Private/HairStrands/HairStrandsDeepShadowCommonStruct.ush" 2016
"../../../Engine/Shaders/Shared/LightSceneData.h" 2017
"../../../Engine/Shaders/Shared/HLSLTypeAliases.h" 2018
"../../../Engine/Shaders/Private/LargeWorldCoordinates.ush" 2019
"../../../Engine/Shaders/Private/DoubleFloat.ush" 2020
"../../../Engine/Shaders/Private/RandomPCG.ush" 2021
"../../../Engine/Shaders/Private/DoubleFloatOperations.ush" 2022
"../../../Engine/Shaders/Private/DoubleFloatVectorDefinition.ush" 2023
"../../../Engine/Shaders/Private/LWCOperations.ush" 2024
"../../../Engine/Shaders/Shared/LightViewData.h" 2025
"../../../Engine/Shaders/Shared/RayTracingTypes.h" 2026
"../../../Engine/Shaders/Shared/HLSLStaticAssert.h" 2027
"../../../Engine/Shaders/Private/CommonViewUniformBuffer.ush" 2028
"../../../Engine/Shaders/Private/InstancedStereo.ush" 2029
"../../../Engine/Shaders/Private/Definitions.usf" 2030
"../../../Engine/Shaders/Private/AssertionMacros.ush" 2031
"../../../Engine/Shaders/Private/FastMath.ush" 2032
"../../../Engine/Shaders/Private/FastMathThirdParty.ush" 2033
"../../../Engine/Shaders/Private/Random.ush" 2034
"../../../Engine/Shaders/Private/RandomInterleavedGradientNoise.ush" 2035
"../../../Engine/Shaders/Private/SceneData.ush" 2036
"../../../Engine/Shaders/Private/OctahedralCommon.ush" 2037
"../../../Engine/Shaders/Private/WaveOpUtil.ush" 2038
"../../../Engine/Shaders/Private/ByteBuffer.ush" 2039
"../../../Engine/Shaders/Shared/SceneDefinitions.h" 2040
"../../../Engine/Shaders/Private/SceneDataMobileLoader.ush" 2041
"../../../Engine/Shaders/Private/LocalVertexFactoryCommon.ush" 2042
"../../../Engine/Shaders/Private/HairStrands/HairStrandsVisibilityCommon.ush" 2043
"../../../Engine/Shaders/Shared/HairStrandsDefinitions.h" 2044
"../../../Engine/Shaders/Private/HairStrands/HairStrandsVertexFactoryCommon.ush" 2045
"../../../Engine/Shaders/Private/HairStrands/HairStrandsPack.ush" 2046
"../../../Engine/Shaders/Private/HairStrands/HairStrandsAttributeCommon.ush" 2047
"../../../Engine/Shaders/Private/HairStrands/HairStrandsAttributeTemplate.ush" 2048
"../../../Engine/Shaders/Private/VertexFactoryDefaultInterface.ush" 2049
"../../../Engine/Shaders/Private/HairStrands/HairCardsVertexFactory.ush" 2050
"../../../Engine/Shaders/Private/HairStrands/HairCardsAttributeCommon.ush" 2051
"../../../Engine/Shaders/Private/RayTracing/RayTracingCommon.ush" 2052
"../../../Engine/Shaders/Private/ShadingCommon.ush" 2053
"../../../Engine/Shaders/Shared/RayTracingPayloadType.h" 2054
"../../../Engine/Shaders/Private/RayTracing/RayTracingRayCone.ush" 2055
"../../../Engine/Shaders/Private/Substrate/Substrate.ush" 2056
"../../../Engine/Shaders/Private/ShadingEnergyConservation.ush" 2057
"../../../Engine/Shaders/Private/ShadingEnergyConservationTemplate.ush" 2058
"../../../Engine/Shaders/Private/BRDF.ush" 2059
"../../../Engine/Shaders/Private/ColorSpace.ush" 2060
"../../../Engine/Shaders/Private/DeferredShadingCommon.ush" 2061
"../../../Engine/Shaders/Private/LightAccumulator.ush" 2062
"../../../Engine/Shaders/Private/SceneTexturesCommon.ush" 2063
"../../../Engine/Shaders/Private/MonteCarlo.ush" 2064
"../../../Engine/Shaders/Private/GBufferHelpers.ush" 2065
"../../../Engine/Shaders/Private/SceneTextureParameters.ush" 2066
"../../../Engine/Shaders/Private/ParticipatingMediaCommon.ush" 2067
"../../../Engine/Shaders/Private/ThinFilmBSDF.ush" 2068
"../../../Engine/Shaders/Private/MortonCode.ush" 2069
"../../../Engine/Shaders/Private/SubsurfaceProfileCommon.ush" 2070
"../../../Engine/Shaders/Private/BurleyNormalizedSSSCommon.ush" 2071
"../../../Engine/Shaders/Private/GammaCorrectionCommon.ush" 2072
"../../../Engine/Shaders/Shared/SubstrateDefinitions.h" 2073
"../../../Engine/Shaders/Private/Substrate/SubstrateStatisticalOperators.ush" 2074
"../../../Engine/Shaders/Private/Substrate/SubstrateSubsurface.ush" 2075
"../../../Engine/Shaders/Private/TransmissionCommon.ush" 2076
"../../../Engine/Shaders/Private/Substrate/SubstrateExportCommon.ush" 2077
"../../../Engine/Shaders/Private/SpecularProfileCommon.ush" 2078
"../../../Engine/Shaders/Private/RayTracing/RayTracingCommonMetal.ush" 2079
"../../../Engine/Shaders/Private/PositionReconstructionCommon.ush" 2080
"../../../Engine/Shaders/Private/RayTracing/TraceRayInline.ush" 2081
"../../../Engine/Shaders/Private/RayTracing/TraceRayInlineCommon.ush" 2082
"../../../Engine/Shaders/Private/RayTracing/TraceRayInlineVulkan.ush" 2083
"../../../Engine/Shaders/Private/RayTracing/TraceRayInlineMetal.ush" 2084
"../../../Engine/Shaders/Private/RayTracing/TraceRayInlineD3D12.ush" 2085
"../../../Engine/Shaders/Private/RayTracing/RayTracingHitGroupCommon.ush" 2086
"../../../Engine/Shaders/Private/Nanite/NaniteRayTrace.ush" 2087
"../../../Engine/Shaders/Private/Nanite/NaniteDataDecode.ush" 2088
"../../../Engine/Shaders/Private/BitPacking.ush" 2089
"../../../Engine/Shaders/Private/BitStreamReaderImplementation.ush" 2090
"../../../Engine/Shaders/Private/BoneTransform.ush" 2091
"../../../Engine/Shaders/Private/Quaternion.ush" 2092
"../../../Engine/Shaders/Shared/NaniteDefinitions.h" 2093
"../../../Engine/Shaders/Shared/SkinningDefinitions.h" 2094
"../../../Engine/Shaders/Private/Nanite/NaniteAttributeDecode.ush" 2095
"../../../Engine/Shaders/Private/Barycentrics.ush" 2096
"../../../Engine/Shaders/Private/DualNumber.ush" 2097
"../../../Engine/Shaders/Shared/ThirdParty/RayTriangleIntersection.h" 2098
"../../../Engine/Shaders/Private/Nanite/NaniteVertexFetch.ush" 2099
"../../../Engine/Shaders/Private/Nanite/NaniteSceneCommon.ush" 2100
"../../../Engine/Plugins/FX/Niagara/Shaders/Private/NiagaraSpriteVertexFactory.ush" 2101
"../../../Engine/Shaders/Private/ParticleVertexFactoryCommon.ush" 2102
"../../../Engine/Plugins/FX/Niagara/Shaders/Private/NiagaraVFCommon.usf" 2103
"../../../Engine/Plugins/FX/Niagara/Shaders/Private/NiagaraVFParticleAccess.usf" 2104
"../../../Engine/Plugins/FX/Niagara/Shaders/Private/NiagaraParticleAccess.ush" 2105
"../../../Engine/Plugins/FX/Niagara/Shaders/Private/NiagaraRibbonVertexFactory.ush" 2106
"../../../Engine/Plugins/FX/Niagara/Shaders/Private/NiagaraMeshVertexFactory.ush" 2107
"../../../Engine/Plugins/FX/Niagara/Shaders/Private/NiagaraCommon.ush" 2108
"../../../Engine/Plugins/FX/Niagara/Shaders/Private/NiagaraMeshParticleUtils.ush" 2109
"../../../Engine/Shaders/Private/VectorFieldVisualizationVertexFactory.ush" 2110
"../../../Engine/Shaders/Private/Nanite/NaniteVertexFactory.ush" 2111
"../../../Engine/Shaders/Private/LightmapData.ush" 2112
"../../../Engine/Shaders/Private/SplineMeshCommon.ush" 2113
"../../../Engine/Shaders/Shared/SplineMeshShaderParams.h" 2114
"../../../Engine/Shaders/Private/ShaderPrint.ush" 2115
"../../../Engine/Shaders/Private/ShaderPrintCommon.ush" 2116
"../../../Engine/Shaders/Private/MiniFontCommon.ush" 2117
"../../../Engine/Shaders/Private/MaterialCache/MaterialCacheCommon.ush" 2118
"../../../Engine/Shaders/Shared/MaterialCacheDefinitions.h" 2119
"../../../Engine/Shaders/Private/Nanite/NaniteVertexDeformation.ush" 2120
"../../../Engine/Shaders/Private/ViewData.ush" 2121
"../../../Engine/Shaders/Shared/ViewDefinitions.h" 2122
"../../../Engine/Shaders/Private/Matrices.ush" 2123
"../../../Engine/Shaders/Private/ParticleSpriteVertexFactory.ush" 2124
"../../../Engine/Shaders/Private/ParticleGPUSpriteVertexFactory.ush" 2125
"../../../Engine/Shaders/Private/ParticleSimulationCommon.ush" 2126
"../../../Engine/Shaders/Private/ParticleBeamTrailVertexFactory.ush" 2127
"../../../Engine/Shaders/Private/MeshParticleVertexFactory.ush" 2128
"../../../Engine/Shaders/Private/LocalVertexFactory.ush" 2129
"../../../Engine/Shaders/Private/GpuSkinCommon.ush" 2130
"../../../Engine/Shaders/Private/GpuSkinVertexFactory.ush" 2131
"../../../Engine/Shaders/Private/GeometryCollectionVertexFactory.ush" 2132
"../../../Engine/Shaders/Private/GeometryCacheVertexFactory.ush" 2133
"../../../Engine/Shaders/Private/LandscapeVertexFactory.ush" 2134
"../../../Engine/Plugins/Experimental/Compositing/CompositeCore/Shaders/Private/CompositeCoreMerge.usf" 2135
"../../../Engine/Shaders/Private/ScreenPass.ush" 2136
"../../../Engine/Shaders/Private/LensDistortion.ush" 2137
"../../../Engine/Plugins/Experimental/Compositing/CompositeCore/Shaders/Private/CompositeCoreDisplayTransform.usf" 2138
"../../../Engine/Plugins/Experimental/Compositing/CompositeCore/Shaders/Private/CompositeCoreDilate.usf" 2139
"../../../Engine/Plugins/VirtualProduction/CameraCalibrationCore/Shaders/Private/CrosshairOverlay.usf" 2140
"../../../Engine/Plugins/VirtualProduction/CameraCalibrationCore/Shaders/Private/DisplacementMapBlending.usf" 2141
"../../../Engine/Plugins/VirtualProduction/CameraCalibrationCore/Shaders/Private/RecenterSTDisplacementMaps.usf" 2142
"../../../Engine/Plugins/VirtualProduction/CameraCalibrationCore/Shaders/Private/FillSTDisplacementMap.usf" 2143
"../../../Engine/Plugins/VirtualProduction/CameraCalibrationCore/Shaders/Private/InvertDisplacementMap.usf" 2144
"../../../Engine/Plugins/VirtualProduction/CameraCalibrationCore/Shaders/Private/CropDisplacementMap.usf" 2145
"../../../Engine/Plugins/VirtualProduction/CameraCalibrationCore/Shaders/Private/BlendDisplacementMaps.usf" 2146
"../../../Engine/Plugins/VirtualProduction/CameraCalibrationCore/Shaders/Private/DrawDisplacementMaps.usf" 2147
"../../../Engine/Plugins/VirtualProduction/CameraCalibrationCore/Shaders/Private/UndistortImagePoints.usf" 2148
"../../../Engine/Plugins/VirtualProduction/CameraCalibrationCore/Shaders/Private/DistortionSTMapProcessor.usf" 2149
"../../../Engine/Plugins/NNE/NNEDenoiser/Shaders/NNEDenoiserShadersTransferFunctionOidn.usf" 2150
"../../../Engine/Plugins/NNE/NNEDenoiser/Shaders/NNEDenoiserShadersMappedCopy.usf" 2151
"../../../Engine/Plugins/NNE/NNEDenoiser/Shaders/NNEDenoiserShadersDefaultIOProcess.usf" 2152
"../../../Engine/Plugins/NNE/NNEDenoiser/Shaders/NNEDenoiserShadersAutoExposureReduceFinal.usf" 2153
"../../../Engine/Plugins/NNE/NNEDenoiser/Shaders/NNEDenoiserShadersAutoExposureReduce.usf" 2154
"../../../Engine/Plugins/NNE/NNEDenoiser/Shaders/NNEDenoiserShadersAutoExposureDownsample.usf" 2155
"../../../Engine/Plugins/Media/WmfMedia/Shaders/Private/MediaHardwareVideoDecoding.usf" 2156
"../../../Engine/Shaders/Private/ColorUtils.ush" 2157
"../../../Engine/Plugins/Media/ImgMedia/Shaders/Private/ExrSwizzler.usf" 2158
"../../../Engine/Plugins/Experimental/NFORDenoise/Shaders/NFORDenoise.usf" 2159
"../../../Engine/Plugins/Experimental/NFORDenoise/Shaders/NFORRegressionCommon.ush" 2160
"../../../Engine/Plugins/Experimental/NFORDenoise/Shaders/NFORRegression.ush" 2161
"../../../Engine/Plugins/Enterprise/GLTFExporter/Shaders/Private/SimpleTexture2DPS.usf" 2162
"../../../Engine/Shaders/Private/SimpleElementNormalMapPixelShader.usf" 2163
"../../../Engine/Plugins/Runtime/HairStrands/Shaders/Private/NiagaraCopyVelocityGrid.usf" 2164
"../../../Engine/Plugins/Runtime/HairStrands/Shaders/Private/NiagaraClearVelocityGrid.usf" 2165
"../../../Engine/Plugins/Runtime/HairStrands/Shaders/Private/NiagaraClearPressureGrid.usf" 2166
"../../../Engine/Plugins/Runtime/HairStrands/Shaders/Private/NiagaraInterpolateGroomGuides.usf" 2167
"../../../Engine/Plugins/Runtime/HairStrands/Shaders/Private/NiagaraGroomInterpolationUtils.ush" 2168
"../../../Engine/Plugins/FX/Niagara/Shaders/Private/NiagaraQuaternionUtils.ush" 2169
"../../../Engine/Shaders/Private/HairStrands/HairStrandsMesh.usf" 2170
"../../../Engine/Shaders/Private/HairStrands/HairStrandsBindingCommon.ush" 2171
"../../../Engine/Shaders/Private/HairStrands/HairStrandsFollicleMask.usf" 2172
"../../../Engine/Shaders/Private/HairStrands/HairStrandsSkinUpdate.usf" 2173
"../../../Engine/Shaders/Private/HairStrands/HairStrandsClusterCulling.usf" 2174
"../../../Engine/Shaders/Private/ColorMap.ush" 2175
"../../../Engine/Shaders/Private/HairStrands/HairStrandsAABBCommon.ush" 2176
"../../../Engine/Shaders/Private/HairStrands/HairStrandsClusterCommon.ush" 2177
"../../../Engine/Shaders/Private/ThreadGroupPrefixSum.ush" 2178
"../../../Engine/Shaders/Private/HairStrands/HairStrandsRaytracingGeometry.usf" 2179
"../../../Engine/Shaders/Private/HairStrands/HairStrandsTangent.usf" 2180
"../../../Engine/Shaders/Private/HairStrands/HairCardsDeformation.usf" 2181
"../../../Engine/Shaders/Private/HairStrands/HairStrandsInterpolation.usf" 2182
"../../../Engine/Shaders/Private/HairStrands/HairStrandsGuideDeform.usf" 2183
"../../../Engine/Shaders/Private/HairStrands/HairStrandsTexturesGeneration.usf" 2184
"../../../Engine/Shaders/Private/HairStrands/HairCardsTextureCommon.ush" 2185
"../../../Engine/Shaders/Private/HairStrands/HairStrandsTranscode.usf" 2186
"../../../Engine/Shaders/Private/HairStrands/HairStrandsDebug.usf" 2187
"../../../Engine/Shaders/Private/HairShadingCommon.ush" 2188
"../../../Engine/Shaders/Private/PostProcessCommon.ush" 2189
"../../../Engine/Shaders/Private/ShadingModels.ush" 2190
"../../../Engine/Shaders/Private/CapsuleLight.ush" 2191
"../../../Engine/Shaders/Private/RectLight.ush" 2192
"../../../Engine/Shaders/Private/LightData.ush" 2193
"../../../Engine/Shaders/Shared/LightDefinitions.h" 2194
"../../../Engine/Shaders/Private/AreaLightCommon.ush" 2195
"../../../Engine/Shaders/Private/HairBsdf.ush" 2196
"../../../Engine/Shaders/Private/MobileGGX.ush" 2197
"../../../Engine/Shaders/Private/HairStrands/HairStrandsCommon.ush" 2198
"../../../Engine/Shaders/Private/HairStrands/HairStrandsEnvironmentLightingCommon.ush" 2199
"../../../Engine/Shaders/Private/HairStrands/HairStrandsDeepTransmittanceCommon.ush" 2200
"../../../Engine/Shaders/Private/HairStrands/HairStrandsDeepTransmittanceDualScattering.ush" 2201
"../../../Engine/Shaders/Private/HairStrands/HairStrandsDeepShadowCommon.ush" 2202
"../../../Engine/Shaders/Private/HairStrands/HairStrandsDebugCommonStruct.ush" 2203
"../../../Engine/Plugins/FX/Niagara/Shaders/Private/NiagaraVertexFactoryExport.usf" 2204
"../../../Engine/Shaders/Private/ComputeShaderUtils.ush" 2205
"../../../Engine/Shaders/Private/MaterialTemplate.ush" 2206
"../../../Engine/Shaders/Private/WorldSpaceMath.ush" 2207
"../../../Engine/Shaders/Private/EyeAdaptationCommon.ush" 2208
"../../../Engine/Shaders/Private/SobolRandom.ush" 2209
"../../../Engine/Shaders/Private/DepthOfFieldCommon.ush" 2210
"../../../Engine/Shaders/Private/CircleDOFCommon.ush" 2211
"../../../Engine/Shaders/Private/DistanceField/GlobalDistanceFieldShared.ush" 2212
"../../../Engine/Shaders/Private/PhysicsFieldSampler.ush" 2213
"../../../Engine/Shaders/Private/PhysicsFieldShared.ush" 2214
"../../../Engine/Shaders/Private/SparseVolumeTexture/SparseVolumeTextureCommon.ush" 2215
"../../../Engine/Shaders/Shared/EnvironmentComponentsFlags.h" 2216
"../../../Engine/Shaders/Private/MeshPaintTextureCommon.ush" 2217
"../../../Engine/Shaders/Private/VirtualTextureMaterial.ush" 2218
"../../../Engine/Shaders/Private/MaterialCache/MaterialCacheMaterialCommon.ush" 2219
"../../../Engine/Shaders/Private/MaterialCache/MaterialCacheABuffer.ush" 2220
"../../../Engine/Shaders/Private/SpeedTreeCommon.ush" 2221
"../../../Engine/Shaders/Private/VirtualTextureCommon.ush" 2222
"../../../Engine/Shaders/Private/MaterialTexture.ush" 2223
"../../../Engine/Shaders/Private/MinMaterialTexCoords.ush" 2224
"../../../Engine/Shaders/Private/SkyAtmosphereCommon.ush" 2225
"../../../Engine/Shaders/Private/SingleLayerWaterCommon.ush" 2226
"../../../Engine/Shaders/Private/TextureSampling.ush" 2227
"../../../Engine/Shaders/Private/PaniniProjection.ush" 2228
"../../../Engine/Shaders/Private/DBufferNormalReprojection.ush" 2229
"../../../Engine/Shaders/Public/SubstratePublic.ush" 2230
"../../../Engine/Shaders/Private/Substrate/SubstrateTree.ush" 2231
"../../../Engine/Shaders/Private/Substrate/SubstrateEvaluation.ush" 2232
"../../../Engine/Shaders/Private/Substrate/Glint/GlintThirdParty.ush" 2233
"../../../Engine/Shaders/Private/BlueNoise.ush" 2234
"../../../Engine/Shaders/Private/SHCommon.ush" 2235
"../../../Engine/Shaders/Private/ShadingModelsSampling.ush" 2236
"../../../Engine/Shaders/Private/HairStrands/HairBsdfSample.ush" 2237
"../../../Engine/Shaders/Private/Substrate/SubstrateLegacyConversion.ush" 2238
"../../../Engine/Shaders/Private/DBufferDecalShared.ush" 2239
"../../../Engine/Plugins/FX/Niagara/Shaders/Private/NiagaraSortKeyGen.usf" 2240
"../../../Engine/Plugins/FX/Niagara/Shaders/Private/NiagaraGPURayTracingTransforms.usf" 2241
"../../../Engine/Plugins/FX/Niagara/Shaders/Private/NiagaraDrawIndirectArgsGen.usf" 2242
"../../../Engine/Plugins/FX/Niagara/Shaders/Private/NiagaraDispatchIndirectArgsGen.usf" 2243
"../../../Engine/Plugins/FX/Niagara/Shaders/Private/Stateless/NiagaraStatelessSimulationDefault.usf" 2244
"../../../Engine/Plugins/FX/Niagara/Shaders/Private/Stateless/NiagaraStatelessSimulationTemplate.ush" 2245
"../../../Engine/Plugins/FX/Niagara/Shaders/Private/Stateless/NiagaraStatelessCommon.ush" 2246
"../../../Engine/Plugins/FX/Niagara/Shaders/Shared/NiagaraStatelessDefinitions.h" 2247
"../../../Engine/Plugins/FX/Niagara/Shaders/Shared/NiagaraStatelessBuiltDistribution.h" 2248
"../../../Engine/Plugins/FX/Niagara/Shaders/Private/Stateless/NiagaraStatelessDistribution.ush" 2249
"../../../Engine/Plugins/FX/Niagara/Shaders/Private/Stateless/Modules/NiagaraStatelessModule_CalculateAccurateVelocity.ush" 2250
"../../../Engine/Plugins/FX/Niagara/Shaders/Private/Stateless/Modules/NiagaraStatelessModule_CameraOffset.ush" 2251
"../../../Engine/Plugins/FX/Niagara/Shaders/Private/Stateless/Modules/NiagaraStatelessModule_DynamicMaterialParameters.ush" 2252
"../../../Engine/Plugins/FX/Niagara/Shaders/Private/Stateless/Modules/NiagaraStatelessModule_InitializeParticle.ush" 2253
"../../../Engine/Plugins/FX/Niagara/Shaders/Private/Stateless/Modules/NiagaraStatelessModule_InitialMeshOrientation.ush" 2254
"../../../Engine/Plugins/FX/Niagara/Shaders/Private/Stateless/Modules/NiagaraStatelessModule_MeshIndex.ush" 2255
"../../../Engine/Plugins/FX/Niagara/Shaders/Private/Stateless/Modules/NiagaraStatelessModule_MeshRotationRate.ush" 2256
"../../../Engine/Plugins/FX/Niagara/Shaders/Private/Stateless/Modules/NiagaraStatelessModule_RotateAroundPoint.ush" 2257
"../../../Engine/Plugins/FX/Niagara/Shaders/Private/Stateless/Modules/NiagaraStatelessModule_ShapeLocation.ush" 2258
"../../../Engine/Plugins/FX/Niagara/Shaders/Private/Stateless/Modules/NiagaraStatelessModule_ScaleColor.ush" 2259
"../../../Engine/Plugins/FX/Niagara/Shaders/Private/Stateless/Modules/NiagaraStatelessModule_ScaleRibbonWidth.ush" 2260
"../../../Engine/Plugins/FX/Niagara/Shaders/Private/Stateless/Modules/NiagaraStatelessModule_ScaleSpriteSize.ush" 2261
"../../../Engine/Plugins/FX/Niagara/Shaders/Private/Stateless/Modules/NiagaraStatelessModule_ScaleSpriteSizeBySpeed.ush" 2262
"../../../Engine/Plugins/FX/Niagara/Shaders/Private/Stateless/Modules/NiagaraStatelessModule_ScaleMeshSize.ush" 2263
"../../../Engine/Plugins/FX/Niagara/Shaders/Private/Stateless/Modules/NiagaraStatelessModule_ScaleMeshSizebySpeed.ush" 2264
"../../../Engine/Plugins/FX/Niagara/Shaders/Private/Stateless/Modules/NiagaraStatelessModule_SolveVelocitiesAndForces.ush" 2265
"../../../Engine/Plugins/FX/Niagara/Shaders/Private/Stateless/Modules/NiagaraStatelessModule_SpriteFacingAndAlignment.ush" 2266
"../../../Engine/Plugins/FX/Niagara/Shaders/Private/Stateless/Modules/NiagaraStatelessModule_SpriteRotationRate.ush" 2267
"../../../Engine/Plugins/FX/Niagara/Shaders/Private/Stateless/Modules/NiagaraStatelessModule_SubUVAnimation.ush" 2268
"../../../Engine/Plugins/FX/Niagara/Shaders/Private/NiagaraBlendSVTsToDenseBuffer.usf" 2269
"../../../Engine/Plugins/FX/Niagara/Shaders/Private/NiagaraSVTToDenseBuffer.usf" 2270
"../../../Engine/Plugins/FX/Niagara/Shaders/Private/NiagaraFillIntBuffer.usf" 2271
"../../../Engine/Plugins/FX/Niagara/Shaders/Private/NiagaraComputeFreeIDs.usf" 2272
"../../../Engine/Plugins/FX/Niagara/Shaders/Private/NiagaraInitFreeIDBuffer.usf" 2273
"../../../Engine/Plugins/FX/Niagara/Shaders/Private/NiagaraEmitterInstanceShader.usf" 2274
"../../../Engine/Plugins/FX/Niagara/Shaders/Private/NiagaraShaderVersion.ush" 2275
"../../../Engine/Plugins/FX/Niagara/Shaders/Private/NiagaraPhysicsCommon.ush" 2276
"../../../Engine/Plugins/FX/Niagara/Shaders/Private/Ribbons/NiagaraRibbonAggregationApply.usf" 2277
"../../../Engine/Plugins/FX/Niagara/Shaders/Private/Ribbons/NiagaraRibbonCommon.ush" 2278
"../../../Engine/Plugins/FX/Niagara/Shaders/Private/Ribbons/NiagaraRibbonAggregationStep.usf" 2279
"../../../Engine/Plugins/FX/Niagara/Shaders/Private/Ribbons/NiagaraRibbonGenerateIndices.usf" 2280
"../../../Engine/Plugins/FX/Niagara/Shaders/Private/Ribbons/NiagaraRibbonInitializeIndices.usf" 2281
"../../../Engine/Plugins/FX/Niagara/Shaders/Private/Ribbons/NiagaraRibbonRibbonUVParamCalculation.usf" 2282
"../../../Engine/Plugins/FX/Niagara/Shaders/Private/Ribbons/NiagaraRibbonVertexReductionFinalization.usf" 2283
"../../../Engine/Plugins/FX/Niagara/Shaders/Private/Ribbons/NiagaraRibbonVertexReductionInitialization.usf" 2284
"../../../Engine/Plugins/FX/Niagara/Shaders/Private/Ribbons/NiagaraRibbonSortParticles.usf" 2285
"../../../Engine/Plugins/FX/Niagara/Shaders/Private/NiagaraLWCHelper.usf" 2286
"../../../Engine/Plugins/FX/Niagara/Shaders/Private/NiagaraUpdateMeshGPUSceneInstances.usf" 2287
"../../../Engine/Shaders/Private/GPUScene/GPUSceneWriter.ush" 2288
"../../../Engine/Plugins/FX/Niagara/Shaders/Private/NiagaraGenerateMips.usf" 2289
"../../../Engine/Plugins/FX/Niagara/Shaders/Private/NiagaraDebugDraw.usf" 2290
"../../../Engine/Plugins/FX/Niagara/Shaders/Private/NiagaraDebugDraw.ush" 2291
"../../../Engine/Plugins/FX/Niagara/Shaders/Private/NiagaraVisualizeTexture.usf" 2292
"../../../Engine/Plugins/FX/Niagara/Shaders/Private/NiagaraClearCounts.usf" 2293
"../../../Engine/Plugins/FX/Niagara/Shaders/Private/NiagaraBatchedElements.usf" 2294
"../../../Engine/Plugins/FX/Niagara/Shaders/Private/NiagaraRayTracingShaders.usf" 2295
"../../../Engine/Plugins/FX/Niagara/Shaders/Private/NiagaraAsyncGpuTraceCommon.ush" 2296
"../../../Engine/Shaders/Private/HashTable.ush" 2297
"../../../Engine/Shaders/Private/Hash.ush" 2298
"../../../Engine/Shaders/Private/RayTracing/VFXTraceRay.ush" 2299
"../../../Engine/Plugins/FX/Niagara/Shaders/Private/NiagaraRayMarchingShaders.usf" 2300
"../../../Engine/Plugins/FX/Niagara/Shaders/Private/NiagaraRayTraceCollisionGroupShaders.usf" 2301
"../../../Engine/Plugins/FX/Niagara/Shaders/Private/NiagaraAsyncGpuTraceUtils.usf" 2302
"../../../Engine/Plugins/Runtime/ComputeFramework/Shaders/Private/ComputeKernel.usf" 2303
"../../../Engine/Plugins/Runtime/ComputeFramework/Shaders/Private/ComputeKernelCommon.ush" 2304
"../../../Engine/Shaders/Private/VirtualTextureAdapter.usf" 2305
"../../../Engine/Shaders/Private/BlockCompressionCommon.ush" 2306
"../../../Engine/Shaders/Private/BCCompressionCommon.ush" 2307
"../../../Engine/Shaders/Private/TranslucentLightingShaders.usf" 2308
"../../../Engine/Shaders/Private/CubemapCommon.ush" 2309
"../../../Engine/Shaders/Private/VectorFieldCompositeShaders.usf" 2310
"../../../Engine/Shaders/Private/UpdateTextureShaders.usf" 2311
"../../../Engine/Shaders/Private/StereoLayerShader.usf" 2312
"../../../Engine/Shaders/Private/SparseVolumeTexture/UpdateSparseVolumeTexture.usf" 2313
"../../../Engine/Shaders/Private/MorphTargets.usf" 2314
"../../../Engine/Shaders/Private/SimpleElementColorChannelMaskPixelShader.usf" 2315
"../../../Engine/Shaders/Private/SimpleElementHitProxyPixelShader.usf" 2316
"../../../Engine/Shaders/Private/SimpleElementPixelShader.usf" 2317
"../../../Engine/Shaders/Private/IESLightProfilesCommon.ush" 2318
"../../../Engine/Shaders/Private/SimpleElementVertexShader.usf" 2319
"../../../Engine/Shaders/Private/ScreenPixelShaderOES.usf" 2320
"../../../Engine/Shaders/Private/ScreenVertexShader.usf" 2321
"../../../Engine/Shaders/Private/ScreenPixelShader.usf" 2322
"../../../Engine/Shaders/Private/SSProfilePreIntegratedMobile.usf" 2323
"../../../Engine/Shaders/Private/SpecularProfile.usf" 2324
"../../../Engine/Shaders/Private/Nanite/NaniteStreaming.usf" 2325
"../../../Engine/Shaders/Private/Nanite/NaniteStreaming.ush" 2326
"../../../Engine/Shaders/Private/Nanite/NaniteTranscode.usf" 2327
"../../../Engine/Shaders/Private/VolumetricLightmapStreaming.usf" 2328
"../../../Engine/Shaders/Private/PhysicsFieldReset.usf" 2329
"../../../Engine/Shaders/Private/PhysicsFieldBuilder.usf" 2330
"../../../Engine/Shaders/Private/PhysicsFieldEval.ush" 2331
"../../../Engine/Shaders/Private/ParticleSortKeyGen.usf" 2332
"../../../Engine/Shaders/Private/ParticleBoundsShader.usf" 2333
"../../../Engine/Shaders/Private/ParticleSimVisualizeShader.usf" 2334
"../../../Engine/Shaders/Private/ParticleInjectionShader.usf" 2335
"../../../Engine/Shaders/Private/ParticleSimulationShader.usf" 2336
"../../../Engine/Shaders/Private/ParticleCurveInjectionShader.usf" 2337
"../../../Engine/Shaders/Private/CopyUIntBuffer.usf" 2338
"../../../Engine/Shaders/Private/RadixSortShaders.usf" 2339
"../../../Engine/Shaders/Private/RecomputeTangentsPerVertexPass.usf" 2340
"../../../Engine/Shaders/Private/RecomputeTangentsCommon.ush" 2341
"../../../Engine/Shaders/Private/RecomputeTangentsPerTrianglePass.usf" 2342
"../../../Engine/Shaders/Private/GpuSkinCacheComputeShader.usf" 2343
"../../../Engine/Shaders/Private/HeightFieldAtlasManagement.usf" 2344
"../../../Engine/Shaders/Private/Landscape/LandscapeEditLayersUtils.usf" 2345
"../../../Engine/Shaders/Private/Landscape/LandscapeCommon.ush" 2346
"../../../Engine/Shaders/Private/Landscape/LandscapeEditLayersWeightmaps.usf" 2347
"../../../Engine/Shaders/Private/Landscape/LandscapeEditLayersHeightmaps.usf" 2348
"../../../Engine/Shaders/Private/Landscape/LandscapeLayersWeightmapsPS.usf" 2349
"../../../Engine/Shaders/Private/Landscape/LandscapeLayersHeightmapsPS.usf" 2350
"../../../Engine/Shaders/Private/LandscapeLayersCS.usf" 2351
"../../../Engine/Shaders/Private/LandscapeLayersPS.usf" 2352
"../../../Engine/Shaders/Private/LandscapeLayersVS.usf" 2353
"../../../Engine/Shaders/Private/LandscapePhysicalMaterial.usf" 2354
"../../../Engine/Shaders/Private/LandscapeGrassWeight.usf" 2355
"../../../Engine/Shaders/Private/Landscape/LandscapeCulling.usf" 2356
"../../../Engine/Shaders/Private/Nanite/NaniteHZBCull.ush" 2357
"../../../Engine/Shaders/Private/HZB.ush" 2358
"../../../Engine/Shaders/Private/Landscape/LandscapeMergeTexturesPS.usf" 2359
"../../../Engine/Shaders/Private/WideCustomResolveShaders.usf" 2360
"../../../Engine/Shaders/Private/WideCustomResolve_Wide.ush" 2361
"../../../Engine/Shaders/Private/WideCustomResolve_Wider.ush" 2362
"../../../Engine/Shaders/Private/WideCustomResolve_Widest.ush" 2363
"../../../Engine/Shaders/Private/WaterInfoTextureBlur.usf" 2364
"../../../Engine/Shaders/Private/WaterInfoTextureMerge.usf" 2365
"../../../Engine/Shaders/Private/PageTableUpdate.usf" 2366
"../../../Engine/Shaders/Private/VirtualTextureCompress.usf" 2367
"../../../Engine/Shaders/Private/ASTCCompressionCommon.ush" 2368
"../../../Engine/Shaders/Private/IntegerSequenceEncoding.ush" 2369
"../../../Engine/Shaders/Private/ETCCompressionCommon.ush" 2370
"../../../Engine/Shaders/Private/VirtualTextureMaterial.usf" 2371
"../../../Engine/Shaders/Private/PixelShaderOutputCommon.ush" 2372
"../../../Engine/Shaders/Private/ShaderOutputCommon.ush" 2373
"../../../Engine/Shaders/Private/VolumetricRenderTarget.usf" 2374
"../../../Engine/Shaders/Private/HeightFogCommon.ush" 2375
"../../../Engine/Shaders/Private/LocalFogVolumes/LocalFogVolumeCommon.ush" 2376
"../../../Engine/Shaders/Private/ReflectionEnvironmentShared.ush" 2377
"../../../Engine/Shaders/Private/VolumetricFogVoxelization.usf" 2378
"../../../Engine/Shaders/Private/VolumetricCloudMaterialPixelCommon.ush" 2379
"../../../Engine/Shaders/Private/VolumetricFogLightFunction.usf" 2380
"../../../Engine/Shaders/Private/LightFunctionCommon.ush" 2381
"../../../Engine/Shaders/Private/VolumetricFog.usf" 2382
"../../../Engine/Shaders/Private/DeferredLightingCommon.ush" 2383
"../../../Engine/Shaders/Private/DynamicLightingCommon.ush" 2384
"../../../Engine/Shaders/Private/CapsuleLightIntegrate.ush" 2385
"../../../Engine/Shaders/Private/CapsuleLightSampling.ush" 2386
"../../../Engine/Shaders/Private/RectLightIntegrate.ush" 2387
"../../../Engine/Shaders/Private/ScreenSpaceShadowRayCast.ush" 2388
"../../../Engine/Shaders/Private/LightFunctionAtlas/LightFunctionAtlasCommon.usf" 2389
"../../../Engine/Shaders/Private/HeterogeneousVolumes/HeterogeneousVolumesAdaptiveVolumetricShadowMapSampling.ush" 2390
"../../../Engine/Shaders/Private/HeterogeneousVolumes/HeterogeneousVolumesAdaptiveVolumetricShadowMapUtils.ush" 2391
"../../../Engine/Shaders/Private/HeterogeneousVolumes/HeterogeneousVolumesRayMarchingUtils.ush" 2392
"../../../Engine/Shaders/Private/HeterogeneousVolumes/HeterogeneousVolumesRayMarchingTypes.ush" 2393
"../../../Engine/Shaders/Private/PathTracing/Utilities/PathTracingRandomSequence.ush" 2394
"../../../Engine/Shaders/Private/HeterogeneousVolumes/HeterogeneousVolumesTracingUtils.ush" 2395
"../../../Engine/Shaders/Private/VelocityCommon.ush" 2396
"../../../Engine/Shaders/Private/HeterogeneousVolumes/HeterogeneousVolumesTransmittanceVolumeUtils.ush" 2397
"../../../Engine/Shaders/Private/ForwardShadowingCommon.ush" 2398
"../../../Engine/Shaders/Private/ShadowFilteringCommon.ush" 2399
"../../../Engine/Shaders/Private/PixelQuadMessagePassing.ush" 2400
"../../../Engine/Shaders/Private/VolumeLightingCommon.ush" 2401
"../../../Engine/Shaders/Private/ShadowProjectionCommon.ush" 2402
"../../../Engine/Shaders/Private/VolumeLightingCommonSampling.ush" 2403
"../../../Engine/Shaders/Private/Lumen/LumenTranslucencyVolumeShared.ush" 2404
"../../../Engine/Shaders/Private/Lumen/LumenRadianceCacheInterpolation.ush" 2405
"../../../Engine/Shaders/Private/HeterogeneousVolumes/HeterogeneousVolumesAdaptiveVolumetricShadowMapSampler.ush" 2406
"../../../Engine/Shaders/Private/LightGridCommon.ush" 2407
"../../../Engine/Shaders/Private/DistanceFieldAOShared.ush" 2408
"../../../Engine/Shaders/Private/IntersectionUtils.ush" 2409
"../../../Engine/Shaders/Private/VolumetricLightmapShared.ush" 2410
"../../../Engine/Shaders/Private/LightDataUniforms.ush" 2411
"../../../Engine/Shaders/Private/VirtualShadowMaps/VirtualShadowMapProjectionCommon.ush" 2412
"../../../Engine/Shaders/Private/VirtualShadowMaps/VirtualShadowMapPageAccessCommon.ush" 2413
"../../../Engine/Shaders/Shared/VirtualShadowMapDefinitions.h" 2414
"../../../Engine/Shaders/Shared/HLSLMathAliases.h" 2415
"../../../Engine/Shaders/Private/VirtualShadowMaps/VirtualShadowMapProjectionStructs.ush" 2416
"../../../Engine/Shaders/Private/VolumetricCloudCommon.ush" 2417
"../../../Engine/Shaders/Private/VolumetricCloud.usf" 2418
"../../../Engine/Shaders/Private/VisualizeVolumetricLightmap.usf" 2419
"../../../Engine/Shaders/Private/VirtualShadowMaps/VirtualShadowMapProjectionComposite.usf" 2420
"../../../Engine/Shaders/Private/LightShaderParameters.ush" 2421
"../../../Engine/Shaders/Private/VirtualShadowMaps/VirtualShadowMapMaskBitsCommon.ush" 2422
"../../../Engine/Shaders/Private/VirtualShadowMaps/VirtualShadowMapLightGrid.ush" 2423
"../../../Engine/Shaders/Private/VirtualShadowMaps/VirtualShadowMapProjection.usf" 2424
"../../../Engine/Shaders/Private/Visualization.ush" 2425
"../../../Engine/Shaders/Private/VirtualShadowMaps/VirtualShadowMapProjectionFilter.ush" 2426
"../../../Engine/Shaders/Private/VirtualShadowMaps/VirtualShadowMapProjectionDirectional.ush" 2427
"../../../Engine/Shaders/Private/VirtualShadowMaps/VirtualShadowMapSMRTCommon.ush" 2428
"../../../Engine/Shaders/Private/VirtualShadowMaps/VirtualShadowMapSMRTTemplate.ush" 2429
"../../../Engine/Shaders/Private/VirtualShadowMaps/VirtualShadowMapProjectionSpot.ush" 2430
"../../../Engine/Shaders/Private/VirtualShadowMaps/VirtualShadowMapTransmissionCommon.ush" 2431
"../../../Engine/Shaders/Private/VirtualShadowMaps/VirtualShadowMapScreenRayTrace.ush" 2432
"../../../Engine/Shaders/Private/VirtualShadowMaps/VirtualShadowMapStats.ush" 2433
"../../../Engine/Shaders/Private/HairStrands/HairStrandsVoxelPageCommon.ush" 2434
"../../../Engine/Shaders/Private/HairStrands/HairStrandsVoxelPageTraversal.ush" 2435
"../../../Engine/Shaders/Private/VirtualShadowMaps/VirtualShadowMapCacheGPUInvalidation.usf" 2436
"../../../Engine/Shaders/Private/VirtualShadowMaps/VirtualShadowMapPageCacheCommon.ush" 2437
"../../../Engine/Shaders/Private/VirtualShadowMaps/VirtualShadowMapCacheInvalidation.ush" 2438
"../../../Engine/Shaders/Private/VirtualShadowMaps/VirtualShadowMapPageOverlap.ush" 2439
"../../../Engine/Shaders/Private/ScreenSpaceDenoise/SSDDefinitions.ush" 2440
"../../../Engine/Shaders/Private/InstanceCulling/InstanceCullingLoadBalancer.ush" 2441
"../../../Engine/Shaders/Private/VirtualShadowMaps/VirtualShadowMapCacheLoadBalancer.usf" 2442
"../../../Engine/Shaders/Private/VirtualShadowMaps/VirtualShadowMapCopyStats.usf" 2443
"../../../Engine/Shaders/Private/VirtualShadowMaps/VirtualShadowMapDebug.usf" 2444
"../../../Engine/Shaders/Private/VirtualShadowMaps/Desaturate.usf" 2445
"../../../Engine/Shaders/Private/VirtualShadowMaps/VirtualShadowMapPhysicalPageManagement.usf" 2446
"../../../Engine/Shaders/Private/ReductionCommon.ush" 2447
"../../../Engine/Shaders/Private/GPUMessaging.ush" 2448
"../../../Engine/Shaders/Private/VirtualShadowMaps/VirtualShadowMapPerPageDispatch.ush" 2449
"../../../Engine/Shaders/Private/VirtualShadowMaps/VirtualShadowMapCompactViews.usf" 2450
"../../../Engine/Shaders/Shared/SceneCullingDefinitions.h" 2451
"../../../Engine/Shaders/Private/VirtualShadowMaps/VirtualShadowMapBuildPerPageDrawCommands.usf" 2452
"../../../Engine/Shaders/Private/Nanite/NaniteCullingCommon.ush" 2453
"../../../Engine/Shaders/Private/Nanite/NaniteCulling.ush" 2454
"../../../Engine/Shaders/Private/Nanite/NaniteHierarchyTraversalCommon.ush" 2455
"../../../Engine/Shaders/Private/InstanceCulling/InstanceCullingCommon.ush" 2456
"../../../Engine/Shaders/Shared/InstanceCullingDefinitions.h" 2457
"../../../Engine/Shaders/Private/VirtualShadowMaps/VirtualShadowMapPrintStats.usf" 2458
"../../../Engine/Shaders/Private/VirtualShadowMaps/VirtualShadowMapPageManagement.usf" 2459
"../../../Engine/Shaders/Private/VirtualShadowMaps/VirtualShadowMapPageMarking.usf" 2460
"../../../Engine/Shaders/Shared/SingleLayerWaterDefinitions.h" 2461
"../../../Engine/Shaders/Private/HairStrands/HairStrandsTileCommon.ush" 2462
"../../../Engine/Shaders/Private/Froxel/Froxel.ush" 2463
"../../../Engine/Shaders/Shared/FroxelDefinitions.h" 2464
"../../../Engine/Shaders/Private/DiaphragmDOF/DOFCommon.ush" 2465
"../../../Engine/Shaders/Private/VariableRateShading/VRSShadingRatePreview.usf" 2466
"../../../Engine/Shaders/Private/VariableRateShading/VRSShadingRateCommon.ush" 2467
"../../../Engine/Shaders/Private/VariableRateShading/VRSShadingRateCombine.usf" 2468
"../../../Engine/Shaders/Private/VariableRateShading/VRSShadingRateFoveated.usf" 2469
"../../../Engine/Shaders/Private/VariableRateShading/VRSShadingRateReproject.usf" 2470
"../../../Engine/Shaders/Private/VariableRateShading/VRSShadingRateCalculate.usf" 2471
"../../../Engine/Shaders/Private/TranslucencyUpsampling.usf" 2472
"../../../Engine/Shaders/Private/ComposeSeparateTranslucency.usf" 2473
"../../../Engine/Shaders/Private/SeparateTranslucency.ush" 2474
"../../../Engine/Shaders/Private/TranslucentLightInjectionShaders.usf" 2475
"../../../Engine/Shaders/Private/TranslucentShadowDepthShaders.usf" 2476
"../../../Engine/Shaders/Private/ShadowDepthCommon.ush" 2477
"../../../Engine/Shaders/Private/RayTracing/RayTracingTest.usf" 2478
"../../../Engine/Shaders/Private/PostprocessSubsurfaceTile.usf" 2479
"../../../Engine/Shaders/Private/PostProcessSubsurfaceCommon.ush" 2480
"../../../Engine/Shaders/Private/Substrate/SubstrateVisualize.usf" 2481
"../../../Engine/Shaders/Private/Substrate/SubstrateTile.ush" 2482
"../../../Engine/Shaders/Shared/SubstrateVisualizeDefinitions.h" 2483
"../../../Engine/Shaders/Private/Substrate/SubstrateVisualizeCommon.ush" 2484
"../../../Engine/Shaders/Private/SkyLightingDiffuseShared.ush" 2485
"../../../Engine/Shaders/Private/SkyLightingShared.ush" 2486
"../../../Engine/Shaders/Private/ClearCoatCommon.ush" 2487
"../../../Engine/Shaders/Private/ReflectionEnvironmentComposite.ush" 2488
"../../../Engine/Shaders/Private/Substrate/SubstrateLightingCommon.ush" 2489
"../../../Engine/Shaders/Private/Substrate/SubstrateRoughRefraction.usf" 2490
"../../../Engine/Shaders/Private/PathTracing/Material/PathTracingFresnel.ush" 2491
"../../../Engine/Shaders/Private/PathTracing/Material/PathTracingGlossy.ush" 2492
"../../../Engine/Shaders/Private/Substrate/SubstrateMaterialSampling.usf" 2493
"../../../Engine/Shaders/Private/Substrate/SubstrateMaterialSampling.ush" 2494
"../../../Engine/Shaders/Private/Lumen/LumenPosition.ush" 2495
"../../../Engine/Shaders/Private/Substrate/SubstrateTile.usf" 2496
"../../../Engine/Shaders/Private/Substrate/SubstrateMaterialClassification.usf" 2497
"../../../Engine/Shaders/Private/Substrate/SubstrateDBuffer.usf" 2498
"../../../Engine/Shaders/Private/StochasticLighting/StochasticLightingDenoising.usf" 2499
"../../../Engine/Shaders/Private/Lumen/LumenMaterial.ush" 2500
"../../../Engine/Shaders/Private/StochasticLighting/StochasticLightingCommon.ush" 2501
"../../../Engine/Shaders/Private/SplineMeshSceneTexture.usf" 2502
"../../../Engine/Shaders/Private/SparseVolumeTexture/VisualizeSparseVolumeTexture.usf" 2503
"../../../Engine/Shaders/Private/SkyAtmosphere.usf" 2504
"../../../Engine/Shaders/Private/Skinning/SkinnedMeshDebug.usf" 2505
"../../../Engine/Shaders/Private/Skinning/AnimBankEval.usf" 2506
"../../../Engine/Shaders/Private/SingleLayerWaterComposite.usf" 2507
"../../../Engine/Shaders/Private/Froxel/FroxelBuild.ush" 2508
"../../../Engine/Shaders/Private/SingleLayerWaterRefractionCulling.usf" 2509
"../../../Engine/Shaders/Private/ScreenSpaceShadows.usf" 2510
"../../../Engine/Shaders/Private/bend_sss_gpu.ush" 2511
"../../../Engine/Shaders/Private/ShadowFactorsUpsampleCommon.ush" 2512
"../../../Engine/Shaders/Private/FirstPersonSelfShadow.usf" 2513
"../../../Engine/Shaders/Private/HZBTracing.ush" 2514
"../../../Engine/Shaders/Private/ShadowProjectionVertexShader.usf" 2515
"../../../Engine/Shaders/Private/ShadowProjectionPixelShader.usf" 2516
"../../../Engine/Shaders/Private/MobileLightingCommon.ush" 2517
"../../../Engine/Shaders/Private/PlanarReflectionShared.ush" 2518
"../../../Engine/Shaders/Private/MobileSSR.ush" 2519
"../../../Engine/Shaders/Private/SSRT/SSRTRayCast.ush" 2520
"../../../Engine/Shaders/Private/ShadowPercentageCloserFiltering.ush" 2521
"../../../Engine/Shaders/Private/TransmissionThickness.ush" 2522
"../../../Engine/Shaders/Private/CopyShadowMaps.usf" 2523
"../../../Engine/Shaders/Private/ShadowDepthPixelShader.usf" 2524
"../../../Engine/Shaders/Private/ShadowDepthVertexShader.usf" 2525
"../../../Engine/Shaders/Private/ShadingEnergyConservationTable.usf" 2526
"../../../Engine/Shaders/Shared/PathTracingDefinitions.h" 2527
"../../../Engine/Shaders/Private/ShadingFurnaceTest.usf" 2528
"../../../Engine/Shaders/Private/Substrate/SubstrateDeferredLighting.ush" 2529
"../../../Engine/Shaders/Private/ShaderPrintDraw.usf" 2530
"../../../Engine/Shaders/Private/ShaderPrintDrawPrimitive.usf" 2531
"../../../Engine/Shaders/Private/DefaultSSRTiles.usf" 2532
"../../../Engine/Shaders/Private/ScreenSpaceReflectionTileCommons.ush" 2533
"../../../Engine/Shaders/Private/SSRT/SSRTDiffuseIndirect.usf" 2534
"../../../Engine/Shaders/Private/SSRT/SSRTTileClassificationBuffer.ush" 2535
"../../../Engine/Shaders/Private/SSRT/SSRTReflections.usf" 2536
"../../../Engine/Shaders/Private/ScreenSpaceDenoise/SSDPublic.ush" 2537
"../../../Engine/Shaders/Private/SSRT/SSRTTileClassification.usf" 2538
"../../../Engine/Shaders/Private/SSRT/SSRTPrevFrameReduction.usf" 2539
"../../../Engine/Shaders/Private/ScreenSpaceDenoise/SSDComposeHarmonics.usf" 2540
"../../../Engine/Shaders/Private/ScreenSpaceDenoise/SSDPublicHarmonics.ush" 2541
"../../../Engine/Shaders/Private/ScreenSpaceDenoise/SSDSignalFramework.ush" 2542
"../../../Engine/Shaders/Private/ScreenSpaceDenoise/SSDCommon.ush" 2543
"../../../Engine/Shaders/Private/SphericalGaussian.ush" 2544
"../../../Engine/Shaders/Public/WaveBroadcastIntrinsics.ush" 2545
"../../../Engine/Shaders/Private/ScreenSpaceDenoise/SSDMetadata.ush" 2546
"../../../Engine/Shaders/Private/ScreenSpaceDenoise/SSDSignalCore.ush" 2547
"../../../Engine/Shaders/Private/ScreenSpaceDenoise/DenoisingCommon.ush" 2548
"../../../Engine/Shaders/Private/ScreenSpaceDenoise/SSDSignalArray.ush" 2549
"../../../Engine/Shaders/Private/ScreenSpaceDenoise/SSDSignalBufferEncoding.ush" 2550
"../../../Engine/Shaders/Private/ScreenSpaceDenoise/SSDPublicBufferEncoding.ush" 2551
"../../../Engine/Shaders/Private/Lumen/LumenBufferEncoding.ush" 2552
"../../../Engine/Shaders/Private/ScreenSpaceDenoise/SSDTemporalAccumulation.usf" 2553
"../../../Engine/Shaders/Private/ScreenSpaceDenoise/SSDSpatialKernel.ush" 2554
"../../../Engine/Shaders/Private/ScreenSpaceDenoise/SSDSignalAccumulatorArray.ush" 2555
"../../../Engine/Shaders/Private/ScreenSpaceDenoise/SSDSignalAccumulator.ush" 2556
"../../../Engine/Shaders/Private/ScreenSpaceDenoise/SSDSignalCompression.ush" 2557
"../../../Engine/Shaders/Private/ScreenSpaceDenoise/SSDSpatialAccumulation.usf" 2558
"../../../Engine/Shaders/Private/ScreenSpaceDenoise/SSDInjest.usf" 2559
"../../../Engine/Shaders/Private/ScreenSpaceDenoise/SSDCompressMetadata.usf" 2560
"../../../Engine/Shaders/Private/DownsampleDepthPixelShader.usf" 2561
"../../../Engine/Shaders/Private/ScreenPass.usf" 2562
"../../../Engine/Shaders/Private/HZB.usf" 2563
"../../../Engine/Shaders/Private/OcclusionFeedbackShaders.usf" 2564
"../../../Engine/Shaders/Private/HZBOcclusion.usf" 2565
"../../../Engine/Shaders/Private/OcclusionQueryPixelShader.usf" 2566
"../../../Engine/Shaders/Private/OcclusionQueryVertexShader.usf" 2567
"../../../Engine/Shaders/Private/HitProxyCopy.usf" 2568
"../../../Engine/Shaders/Private/HitProxyPixelShader.usf" 2569
"../../../Engine/Shaders/Private/HitProxyVertexShader.usf" 2570
"../../../Engine/Shaders/Private/SceneCulling/SceneCullingDebugRender.usf" 2571
"../../../Engine/Shaders/Private/SceneCulling/SceneCulling.ush" 2572
"../../../Engine/Shaders/Private/SceneCulling/SceneCullingBuildExplicitBounds.usf" 2573
"../../../Engine/Shaders/Private/SceneCapturePixelShader.usf" 2574
"../../../Engine/Shaders/Private/RendererUtils.usf" 2575
"../../../Engine/Shaders/Private/RTWriteMaskDecode.usf" 2576
"../../../Engine/Shaders/Private/ReflectionEnvironmentShaders.usf" 2577
"../../../Engine/Shaders/Private/RectLightAtlas.usf" 2578
"../../../Engine/Shaders/Private/RayTracing/TraceRayInlineStatistics.usf" 2579
"../../../Engine/Shaders/Private/RayTracing/CompositeSkyLightPS.usf" 2580
"../../../Engine/Shaders/Private/RayTracing/GenerateSkyLightVisibilityRaysCS.usf" 2581
"../../../Engine/Shaders/Private/RayTracing/RayTracingSkyLightCommon.ush" 2582
"../../../Engine/Shaders/Private/RayTracing/SkyLightVisibilityRaysData.ush" 2583
"../../../Engine/Shaders/Private/Raytracing/RaytracingSkylightRGS.usf" 2584
"../../../Engine/Shaders/Private/HairStrands/HairStrandsRaytracing.ush" 2585
"../../../Engine/Shaders/Private/Raytracing/RayTracingSkyLightEvaluation.ush" 2586
"../../../Engine/Shaders/Private/Raytracing/RayTracingDeferredShadingCommon.ush" 2587
"../../../Engine/Shaders/Private/RayTracing/RayTracingOcclusionRGS.usf" 2588
"../../../Engine/Shaders/Private/RayTracing/RayTracingDirectionalLight.ush" 2589
"../../../Engine/Shaders/Private/RayTracing/RayTracingRectLight.ush" 2590
"../../../Engine/Shaders/Private/RayTracing/RayTracingSphereLight.ush" 2591
"../../../Engine/Shaders/Private/RayTracing/RayTracingCapsuleLight.ush" 2592
"../../../Engine/Shaders/Private/Raytracing/RayTracingFeedback.usf" 2593
"../../../Engine/Shaders/Shared/RayTracingDebugTypes.h" 2594
"../../../Engine/Shaders/Private/RayTracing/RayTracingPrimaryRays.usf" 2595
"../../../Engine/Shaders/Private/RayTracing/RayTracingLightingCommon.ush" 2596
"../../../Engine/Shaders/Private/RayTracing/RayTracingLightCullingCommon.ush" 2597
"../../../Engine/Shaders/Private/RayTracing/RayTracingMaterialDefaultHitShaders.usf" 2598
"../../../Engine/Shaders/Private/RayTracing/RayTracingMaterialHitShaders.usf" 2599
"../../../Engine/Shaders/Private/RayTracing/RayTracingShaderUtils.ush" 2600
"../../../Engine/Shaders/Private/RayTracing/RayTracingCalcInterpolants.ush" 2601
"../../../Engine/Shaders/Private/LightmapCommon.ush" 2602
"../../../Engine/Shaders/Private/Lumen/LumenHardwareRayTracingPayloadCommon.ush" 2603
"../../../Engine/Shaders/Shared/LumenDefinitions.h" 2604
"../../../Engine/Shaders/Private/Substrate/SubstrateExport.ush" 2605
"../../../Engine/Shaders/Private/RayTracing/RayTracingLightingMS.usf" 2606
"../../../Engine/Shaders/Private/Lumen/LumenDiffuseColorBoost.ush" 2607
"../../../Engine/Shaders/Private/RayTracing/RayTracingLightFunctionCommon.ush" 2608
"../../../Engine/Shaders/Private/RayTracing/RayTracingBuildLightGrid.usf" 2609
"../../../Engine/Shaders/Private/Raytracing/RayTracingInstanceBufferUtil.usf" 2610
"../../../Engine/Shaders/Private/RayTracing/RayTracingDynamicMesh.usf" 2611
"../../../Engine/Shaders/Private/RayTracing/RayTracingDefaultDecalHitShader.usf" 2612
"../../../Engine/Shaders/Private/RayTracing/RayTracingDecalMaterialShader.usf" 2613
"../../../Engine/Shaders/Private/PathTracing/PathTracingShaderUtils.ush" 2614
"../../../Engine/Shaders/Private/PathTracing/PathTracingCommon.ush" 2615
"../../../Engine/Shaders/Private/PathTracing/Material/PathTracingMaterialCommon.ush" 2616
"../../../Engine/Shaders/Private/PathTracing/Utilities/PathTracingRIS.ush" 2617
"../../../Engine/Shaders/Private/RayTracing/RayTracingBuildDecalGrid.usf" 2618
"../../../Engine/Shaders/Private/RayTracing/RayTracingDebugHitStatsUtils.usf" 2619
"../../../Engine/Shaders/Private/RayTracing/RayTracingDebugInstanceOverlap.usf" 2620
"../../../Engine/Shaders/Private/RayTracing/RayTracingDebugPicking.usf" 2621
"../../../Engine/Shaders/Private/RayTracing/RayTracingDebugUtils.ush" 2622
"../../../Engine/Shaders/Private/RayTracing/RayTracingDebugTraversal.usf" 2623
"../../../Engine/Shaders/Private/RayTracing/RayTracingDeferredMaterials.ush" 2624
"../../../Engine/Shaders/Shared/ThirdParty/AMD/ags_shader_intrinsics_dx12.h" 2625
"../../../Engine/Shaders/Shared/RayTracingDebugDefinitions.h" 2626
"../../../Engine/Shaders/Private/RayTracing/RayTracingDebugHitStatsCHS.usf" 2627
"../../../Engine/Shaders/Private/RayTracing/RayTracingDebugHitStats.usf" 2628
"../../../Engine/Shaders/Private/RayTracing/RayTracingDebugMS.usf" 2629
"../../../Engine/Shaders/Private/RayTracing/RayTracingDebugCHS.usf" 2630
"../../../Engine/Shaders/Private/RayTracing/RayTracingDebug.usf" 2631
"../../../Engine/Shaders/Private/RayTracing/RayTracingBuiltInShaders.usf" 2632
"../../../Engine/Shaders/Private/RayTracing/RayTracingBarycentrics.usf" 2633
"../../../Engine/Shaders/Private/RayTracing/RayTracingAmbientOcclusionRGS.usf" 2634
"../../../Engine/Shaders/Private/VisualizeShadingModels.usf" 2635
"../../../Engine/Shaders/Private/MotionBlur/VisualizeMotionVectors.usf" 2636
"../../../Engine/Shaders/Private/TemporalSuperResolution/TSRVisualize.usf" 2637
"../../../Engine/Shaders/Private/TemporalSuperResolution/TSRColorSpace.ush" 2638
"../../../Engine/Shaders/Private/TemporalSuperResolution/TSRCommon.ush" 2639
"../../../Engine/Shaders/Public/DualPixelVectorization.ush" 2640
"../../../Engine/Shaders/Private/TemporalSuperResolution/TSRReprojectionField.ush" 2641
"../../../Engine/Shaders/Private/TemporalSuperResolution/TSRResolveHistory.usf" 2642
"../../../Engine/Shaders/Private/TemporalSuperResolution/TSRConvolutionNetwork.ush" 2643
"../../../Engine/Shaders/Private/TemporalSuperResolution/TSRKernels.ush" 2644
"../../../Engine/Shaders/Public/LaneVectorization.ush" 2645
"../../../Engine/Shaders/Private/TemporalSuperResolution/TSRUpdateHistory.usf" 2646
"../../../Engine/Shaders/Private/TemporalSuperResolution/TSRSpatialAntiAliasing.ush" 2647
"../../../Engine/Shaders/Private/TemporalSuperResolution/TSRSpatialAntiAliasing.usf" 2648
"../../../Engine/Shaders/Private/TemporalSuperResolution/TSRRejectShading.usf" 2649
"../../../Engine/Shaders/Private/TemporalSuperResolution/TSRShadingAnalysis.ush" 2650
"../../../Engine/Shaders/Private/TemporalSuperResolution/TSRConvolutionNetworkPass.ush" 2651
"../../../Engine/Shaders/Private/TemporalSuperResolution/TSRDecimateHistory.usf" 2652
"../../../Engine/Shaders/Private/TemporalSuperResolution/TSRDepthVelocityAnalysis.ush" 2653
"../../../Engine/Shaders/Private/TemporalSuperResolution/TSRClosestOccluder.ush" 2654
"../../../Engine/Shaders/Private/TemporalSuperResolution/TSRWeightRelaxation.usf" 2655
"../../../Engine/Shaders/Private/TemporalSuperResolution/TSRThinGeometryCommon.ush" 2656
"../../../Engine/Shaders/Private/TemporalSuperResolution/TSRDetectThinGeometry.usf" 2657
"../../../Engine/Shaders/Private/TemporalSuperResolution/TSRDilateVelocity.usf" 2658
"../../../Engine/Shaders/Private/MotionBlur/MotionBlurVelocityFlatten.ush" 2659
"../../../Engine/Shaders/Private/MotionBlur/MotionBlurCommon.ush" 2660
"../../../Engine/Shaders/Private/TemporalSuperResolution/TSRClearPrevTextures.usf" 2661
"../../../Engine/Shaders/Private/TemporalSuperResolution/TSRMeasureCoverage.usf" 2662
"../../../Engine/Shaders/Private/TemporalSuperResolution/TSRMeasureFlickeringLuma.usf" 2663
"../../../Engine/Shaders/Private/TemporalAA.usf" 2664
"../../../Engine/Shaders/Private/FilterPixelShader.usf" 2665
"../../../Engine/Shaders/Private/FilterVertexShader.usf" 2666
"../../../Engine/Shaders/Private/VisualizeVirtualTexture.usf" 2667
"../../../Engine/Shaders/Private/PostProcessVisualizeBuffer.usf" 2668
"../../../Engine/Shaders/Private/PostProcessVisualizeLocalExposure.usf" 2669
"../../../Engine/Shaders/Private/PostProcessHistogramCommon.ush" 2670
"../../../Engine/Shaders/Private/TonemapCommon.ush" 2671
"../../../Engine/Shaders/Private/ACES/ACESCommon.ush" 2672
"../../../Engine/Shaders/Private/ACES/ACESOutputTransform.ush" 2673
"../../../Engine/Shaders/Private/ACES/ACESUtilities.ush" 2674
"../../../Engine/Shaders/Private/ACES/ACESTonescale.ush" 2675
"../../../Engine/Shaders/Private/ACES/ACESDisplayEncoding.ush" 2676
"../../../Engine/Shaders/Private/ACES/ACES_v1.3.ush" 2677
"../../../Engine/Shaders/Private/PostProcessVisualizeLevelInstance.usf" 2678
"../../../Engine/Shaders/Private/PostProcessVisualizeHDR.usf" 2679
"../../../Engine/Shaders/Private/ShaderComplexityApplyPixelShader.usf" 2680
"../../../Engine/Shaders/Private/QuadOverdraw.ush" 2681
"../../../Engine/Shaders/Private/PostProcessUpscale.usf" 2682
"../../../Engine/Shaders/Private/PostProcessTonemap.usf" 2683
"../../../Engine/Shaders/Private/PostProcessing/FilmGrainPackConstants.usf" 2684
"../../../Engine/Shaders/Private/PostProcessing/FilmGrainReduce.usf" 2685
"../../../Engine/Shaders/Private/PostProcessTestImage.usf" 2686
"../../../Engine/Shaders/Private/PostProcessSubsurface.usf" 2687
"../../../Engine/Shaders/Private/SeparableSSS.ush" 2688
"../../../Engine/Shaders/Private/SubsurfaceBurleyNormalized.ush" 2689
"../../../Engine/Shaders/Private/PostProcessSelectionOutline.usf" 2690
"../../../Engine/Shaders/Private/MotionBlur/MotionBlurVisualize.usf" 2691
"../../../Engine/Shaders/Private/MotionBlur/MotionBlurApply.usf" 2692
"../../../Engine/Shaders/Private/MotionBlur/MotionBlurFilterTileClassify.usf" 2693
"../../../Engine/Shaders/Private/MotionBlur/MotionBlurTileScatter.usf" 2694
"../../../Engine/Shaders/Private/MotionBlur/MotionBlurTileGather.usf" 2695
"../../../Engine/Shaders/Private/MotionBlur/MotionBlurVelocityFlatten.usf" 2696
"../../../Engine/Shaders/Private/PostProcessMobile.usf" 2697
"../../../Engine/Shaders/Private/PostProcessMitchellNetravali.usf" 2698
"../../../Engine/Shaders/Private/PostProcessMaterialShaders.usf" 2699
"../../../Engine/Shaders/Private/NeuralPostProcessCommon.usf" 2700
"../../../Engine/Shaders/Private/PostProcessLocalExposure.usf" 2701
"../../../Engine/Shaders/Private/PostProcessLensFlares.usf" 2702
"../../../Engine/Shaders/Private/PostProcessGBufferHints.usf" 2703
"../../../Engine/Shaders/Private/PostProcessHMD.usf" 2704
"../../../Engine/Shaders/Private/Histogram.usf" 2705
"../../../Engine/Shaders/Private/PostProcessHistogramReduce.usf" 2706
"../../../Engine/Shaders/Private/PostProcessHistogram.usf" 2707
"../../../Engine/Shaders/Private/Bloom/BloomFinalizeApplyConstants.usf" 2708
"../../../Engine/Shaders/Private/Bloom/BloomCommon.ush" 2709
"../../../Engine/Shaders/Private/Bloom/BloomResizeKernel.usf" 2710
"../../../Engine/Shaders/Private/Bloom/BloomDownsampleKernel.usf" 2711
"../../../Engine/Shaders/Private/Bloom/BloomClampKernel.usf" 2712
"../../../Engine/Shaders/Private/Bloom/BloomPackKernelConstants.usf" 2713
"../../../Engine/Shaders/Private/Bloom/BloomSumScatterDispersionEnergy.usf" 2714
"../../../Engine/Shaders/Private/Bloom/BloomReduceKernelSurvey.usf" 2715
"../../../Engine/Shaders/Private/Bloom/BloomSurveyKernelCenterEnergy.usf" 2716
"../../../Engine/Shaders/Private/Bloom/BloomSurveyMaxScatterDispersion.usf" 2717
"../../../Engine/Shaders/Private/Bloom/BloomFindKernelCenter.usf" 2718
"../../../Engine/Shaders/Private/PostProcessEyeAdaptation.usf" 2719
"../../../Engine/Shaders/Private/TranslucencyVolumeCommon.ush" 2720
"../../../Engine/Shaders/Private/PostProcessEyeAdaptationUtils.usf" 2721
"../../../Engine/Shaders/Private/PostProcessDownsample.usf" 2722
"../../../Engine/Shaders/Private/PostProcessDOF.usf" 2723
"../../../Engine/Shaders/Private/PostProcessDeviceEncodingOnly.usf" 2724
"../../../Engine/Shaders/Private/PostProcessCompositePrimitives.usf" 2725
"../../../Engine/Shaders/Private/PostProcessCombineLUTs.usf" 2726
"../../../Engine/Shaders/Private/PostProcessVisualizeDOF.usf" 2727
"../../../Engine/Shaders/Private/PostProcessBloom.usf" 2728
"../../../Engine/Shaders/Private/PostProcessAmbientOcclusionMobile.usf" 2729
"../../../Engine/Shaders/Private/PostProcessAmbientOcclusionCommon.ush" 2730
"../../../Engine/Shaders/Private/FXAAShader.usf" 2731
"../../../Engine/Shaders/Private/Fxaa3_11.ush" 2732
"../../../Engine/Shaders/Private/PaniniProjection.usf" 2733
"../../../Engine/Shaders/Private/DiaphragmDOF/DOFRecombine.usf" 2734
"../../../Engine/Shaders/Private/DiaphragmDOF/DOFHybridScatterPixelShader.usf" 2735
"../../../Engine/Shaders/Private/DiaphragmDOF/DOFHybridScatterCommon.ush" 2736
"../../../Engine/Shaders/Private/DiaphragmDOF/DOFVignetteCommon.ush" 2737
"../../../Engine/Shaders/Private/DiaphragmDOF/DOFHybridScatterVertexShader.usf" 2738
"../../../Engine/Shaders/Private/DiaphragmDOF/DOFPostfiltering.usf" 2739
"../../../Engine/Shaders/Private/DiaphragmDOF/DOFGatherTileSuggest.ush" 2740
"../../../Engine/Shaders/Private/DiaphragmDOF/DOFCocTileCommon.ush" 2741
"../../../Engine/Shaders/Private/DiaphragmDOF/DOFGatherPass.usf" 2742
"../../../Engine/Shaders/Private/DiaphragmDOF/DOFGatherCommon.ush" 2743
"../../../Engine/Shaders/Private/DiaphragmDOF/DOFGatherAccumulator.ush" 2744
"../../../Engine/Shaders/Private/DiaphragmDOF/DOFGatherKernel.ush" 2745
"../../../Engine/Shaders/Private/DiaphragmDOF/DOFBokehLUT.usf" 2746
"../../../Engine/Shaders/Private/DiaphragmDOF/DOFHybridScatterCompilation.usf" 2747
"../../../Engine/Shaders/Private/DiaphragmDOF/DOFReduce.usf" 2748
"../../../Engine/Shaders/Private/DiaphragmDOF/DOFDownsample.ush" 2749
"../../../Engine/Shaders/Private/DiaphragmDOF/DOFHybridScatterCompilation.ush" 2750
"../../../Engine/Shaders/Private/DiaphragmDOF/DOFDownsample.usf" 2751
"../../../Engine/Shaders/Private/DiaphragmDOF/DOFCocTileDilate.usf" 2752
"../../../Engine/Shaders/Private/DiaphragmDOF/DOFCocTileFlatten.usf" 2753
"../../../Engine/Shaders/Private/DiaphragmDOF/DOFSetup.usf" 2754
"../../../Engine/Shaders/Private/Tools/DebugAlphaChannel.usf" 2755
"../../../Engine/Shaders/Private/PostProcessAlphaInvert.usf" 2756
"../../../Engine/Shaders/Private/PlanarReflectionShaders.usf" 2757
"../../../Engine/Shaders/Private/PhysicsFieldVisualizer.usf" 2758
"../../../Engine/Shaders/Private/PathTracing/PathTracingSpatialTemporalDenoising.usf" 2759
"../../../Engine/Shaders/Private/ColorDifference.ush" 2760
"../../../Engine/Shaders/Private/PathTracing/PathTracingCompositingPixelShader.usf" 2761
"../../../Engine/Shaders/Private/PathTracing/PathTracingAdaptiveUtils.ush" 2762
"../../../Engine/Shaders/Private/PathTracing/PathTracingDefaultHitShader.usf" 2763
"../../../Engine/Shaders/Private/PathTracing/PathTracingGPULightmassMaterialHitShader.usf" 2764
"../../../Engine/Shaders/Private/PathTracing/PathTracingMaterialHitShader.usf" 2765
"../../../Engine/Shaders/Private/PathTracing/Material/PathTracingSubstrateCommon.ush" 2766
"../../../Engine/Shaders/Private/PathTracing/PathTracingLightingMissShader.usf" 2767
"../../../Engine/Shaders/Private/PathTracing/PathTracingMissShader.usf" 2768
"../../../Engine/Shaders/Private/PathTracing/PathTracingAdaptiveStart.usf" 2769
"../../../Engine/Shaders/Private/PathTracing/PathTracingBuildAdaptiveError.usf" 2770
"../../../Engine/Shaders/Private/PathTracing/PathTracingVolumetricCloudMaterialShader.usf" 2771
"../../../Engine/Shaders/Private/PathTracing/Volume/PathTracingCloudsMaterialCommon.ush" 2772
"../../../Engine/Shaders/Private/PathTracing/Volume/PathTracingVolumeCommon.ush" 2773
"../../../Engine/Shaders/Private/PathTracing/Volume/PathTracingCloudsCommon.ush" 2774
"../../../Engine/Shaders/Private/PathTracing/Volume/PathTracingFog.ush" 2775
"../../../Engine/Shaders/Private/PathTracing/Volume/PathTracingAtmosphere.ush" 2776
"../../../Engine/Shaders/Private/PathTracing/Volume/PathTracingAtmosphereCommon.ush" 2777
"../../../Engine/Shaders/Private/PathTracing/Volume/PathTracingVolumeSampling.ush" 2778
"../../../Engine/Shaders/Private/PathTracing/PathTracingBuildCloudAccelerationMap.usf" 2779
"../../../Engine/Shaders/Private/PathTracing/PathTracingBuildAtmosphereLUT.usf" 2780
"../../../Engine/Shaders/Private/PathTracing/PathTracingSwizzleScanlines.usf" 2781
"../../../Engine/Shaders/Private/PathTracing/PathTracingInitExtinctionCoefficient.usf" 2782
"../../../Engine/Shaders/Private/PathTracing/PathTracingCopyDepth.usf" 2783
"../../../Engine/Shaders/Private/PathTracing/PathTracingDebug.usf" 2784
"../../../Engine/Shaders/Private/RayTracing/RayTracingDecalGrid.ush" 2785
"../../../Engine/Shaders/Private/PathTracing/Material/PathTracingMaterialSampling.ush" 2786
"../../../Engine/Shaders/Private/PathTracing/Material/PathTracingLambert.ush" 2787
"../../../Engine/Shaders/Private/PathTracing/Material/PathTracingSubstrate.ush" 2788
"../../../Engine/Shaders/Private/PathTracing/Material/PathTracingSubstrateFoliage.ush" 2789
"../../../Engine/Shaders/Private/PathTracing/Material/PathTracingSubstrateSolidGlass.ush" 2790
"../../../Engine/Shaders/Private/PathTracing/Material/PathTracingSubstrateThinGlass.ush" 2791
"../../../Engine/Shaders/Private/PathTracing/Material/PathTracingSolidGlass.ush" 2792
"../../../Engine/Shaders/Private/PathTracing/Material/PathTracingEnergyConservation.ush" 2793
"../../../Engine/Shaders/Private/PathTracing/Material/PathTracingThinGlass.ush" 2794
"../../../Engine/Shaders/Private/PathTracing/Material/PathTracingDefaultLit.ush" 2795
"../../../Engine/Shaders/Private/PathTracing/Material/PathTracingClearCoat.ush" 2796
"../../../Engine/Shaders/Private/PathTracing/Material/PathTracingTwoSidedFoliage.ush" 2797
"../../../Engine/Shaders/Private/PathTracing/Material/PathTracingCloth.ush" 2798
"../../../Engine/Shaders/Private/PathTracing/Material/PathTracingSubsurfaceProfile.ush" 2799
"../../../Engine/Shaders/Private/PathTracing/Material/PathTracingEye.ush" 2800
"../../../Engine/Shaders/Private/PathTracing/Material/PathTracingHair.ush" 2801
"../../../Engine/Shaders/Private/PathTracing/Material/PathTracingMedium.ush" 2802
"../../../Engine/Shaders/Private/PathTracing/Light/PathTracingLightSampling.ush" 2803
"../../../Engine/Shaders/Private/PathTracing/Light/PathTracingLightCommon.ush" 2804
"../../../Engine/Shaders/Private/PathTracing/Light/PathTracingDirectionalLight.ush" 2805
"../../../Engine/Shaders/Private/PathTracing/Light/PathTracingPointLight.ush" 2806
"../../../Engine/Shaders/Private/PathTracing/Light/PathTracingCapsuleLight.ush" 2807
"../../../Engine/Shaders/Private/PathTracing/Light/PathTracingRectLight.ush" 2808
"../../../Engine/Shaders/Private/PathTracing/Light/PathTracingSkyLight.ush" 2809
"../../../Engine/Shaders/Private/PathTracing/Light/PathTracingLightGrid.ush" 2810
"../../../Engine/Shaders/Private/PathTracing/PathTracing.usf" 2811
"../../../Engine/Shaders/Private/PathTracing/PathTracingCore.ush" 2812
"../../../Engine/Shaders/Private/HeterogeneousVolumes/HeterogeneousVolumesVoxelGridTypes.ush" 2813
"../../../Engine/Shaders/Private/PathTracing/Volume/PathTracingVolume.ush" 2814
"../../../Engine/Shaders/Private/PathTracing/Volume/PathTracingClouds.ush" 2815
"../../../Engine/Shaders/Private/PathTracing/Volume/PathTracingHeterogeneousVolumes.ush" 2816
"../../../Engine/Shaders/Private/HeterogeneousVolumes/HeterogeneousVolumesVoxelGridTraversal.ush" 2817
"../../../Engine/Shaders/Private/HeterogeneousVolumes/HeterogeneousVolumesVoxelGridUtils.ush" 2818
"../../../Engine/Shaders/Private/HeterogeneousVolumes/HeterogeneousVolumesFrustumVoxelGridUtils.ush" 2819
"../../../Engine/Shaders/Private/PathTracing/PathTracingBuildLightGrid.usf" 2820
"../../../Engine/Shaders/Private/PathTracing/PathTracingSkylightMISCompensation.usf" 2821
"../../../Engine/Shaders/Private/PathTracing/PathTracingSkylightPrepare.usf" 2822
"../../../Engine/Shaders/Private/OIT/OITSorting.usf" 2823
"../../../Engine/Shaders/Private/OITCombine.usf" 2824
"../../../Engine/Shaders/Private/OITCommon.ush" 2825
"../../../Engine/Shaders/Private/Nanite/Voxel/RasterizeBricks.usf" 2826
"../../../Engine/Shaders/Private/Nanite/Voxel/Brick.ush" 2827
"../../../Engine/Shaders/Private/Nanite/Voxel/Voxel.ush" 2828
"../../../Engine/Shaders/Private/Nanite/Voxel/ScatterBricks.usf" 2829
"../../../Engine/Shaders/Private/Nanite/Voxel/TileBricks.usf" 2830
"../../../Engine/Shaders/Private/Nanite/Voxel/AutoVoxel.usf" 2831
"../../../Engine/Shaders/Private/Nanite/NaniteDebugViews.usf" 2832
"../../../Engine/Shaders/Private/Nanite/NaniteEditorCommon.ush" 2833
"../../../Engine/Shaders/Private/BinarySearch.ush" 2834
"../../../Engine/Shaders/Private/Nanite/NaniteDepthDecode.usf" 2835
"../../../Engine/Shaders/Private/HTileEncoding.ush" 2836
"../../../Engine/Shaders/Private/Nanite/NaniteVisualize.usf" 2837
"../../../Engine/Shaders/Private/Nanite/NaniteStreamOut.usf" 2838
"../../../Engine/Shaders/Private/Nanite/NaniteHierarchyTraversal.ush" 2839
"../../../Engine/Shaders/Private/Nanite/NaniteSkinningUpdateViewData.usf" 2840
"../../../Engine/Shaders/Private/Skinning/TransformProviders.usf" 2841
"../../../Engine/Shaders/Private/Nanite/NaniteShadeBinning.usf" 2842
"../../../Engine/Shaders/Private/Nanite/NaniteShadeCommon.ush" 2843
"../../../Engine/Shaders/Private/Nanite/NaniteFastClear.usf" 2844
"../../../Engine/Shaders/Private/Nanite/NaniteExportGBuffer.usf" 2845
"../../../Engine/Shaders/Private/Nanite/NaniteClusterCulling.usf" 2846
"../../../Engine/Shaders/Private/Nanite/NanitePrintStats.usf" 2847
"../../../Engine/Shaders/Private/Nanite/NaniteRasterizer.usf" 2848
"../../../Engine/Shaders/Private/Nanite/NaniteRasterizationCommon.ush" 2849
"../../../Engine/Shaders/Private/Nanite/NaniteRasterizer.ush" 2850
"../../../Engine/Shaders/Private/Nanite/NaniteWritePixel.ush" 2851
"../../../Engine/Shaders/Private/Nanite/NaniteTessellation.ush" 2852
"../../../Engine/Shaders/Private/WorkDistribution.ush" 2853
"../../../Engine/Shaders/Private/Nanite/NaniteDice.ush" 2854
"../../../Engine/Shaders/Private/ShaderBundleWorkGraphCommon.ush" 2855
"../../../Engine/Shaders/Public/RootConstants.ush" 2856
"../../../Engine/Shaders/Public/Platform/D3D/D3DRootConstants.ush" 2857
"../../../Engine/Shaders/Private/Nanite/NaniteSplit.usf" 2858
"../../../Engine/Shaders/Private/Nanite/NaniteRasterBinning.usf" 2859
"../../../Engine/Shaders/Private/Nanite/NaniteInstanceCulling.usf" 2860
"../../../Engine/Shaders/Private/Nanite/NaniteImposter.ush" 2861
"../../../Engine/Shaders/Private/Nanite/NaniteInstanceHierarchyCulling.usf" 2862
"../../../Engine/Shaders/Private/WorkGroupLoadBalancer.ush" 2863
"../../../Engine/Shaders/Private/Nanite/NanitePrimitiveFilter.usf" 2864
"../../../Engine/Shaders/Private/Nanite/NaniteRasterClear.usf" 2865
"../../../Engine/Shaders/Private/Nanite/NaniteDepthExport.usf" 2866
"../../../Engine/Shaders/Private/Nanite/NaniteEmitShadow.usf" 2867
"../../../Engine/Shaders/Private/MobileDeferredUtils.usf" 2868
"../../../Engine/Shaders/Private/MobileLocalLightsBuffer.usf" 2869
"../../../Engine/Shaders/Private/MobileFog.usf" 2870
"../../../Engine/Shaders/Private/DistortApplyScreenPS.usf" 2871
"../../../Engine/Shaders/Private/MobileDeferredShading.usf" 2872
"../../../Engine/Shaders/Private/MobileBasePassPixelShader.usf" 2873
"../../../Engine/Shaders/Private/MobileBasePassCommon.ush" 2874
"../../../Engine/Shaders/Private/BasePassCommon.ush" 2875
"../../../Engine/Shaders/Private/ShadingModelsMaterial.ush" 2876
"../../../Engine/Shaders/Private/ThinTranslucentCommon.ush" 2877
"../../../Engine/Shaders/Private/SingleLayerWaterShading.ush" 2878
"../../../Engine/Shaders/Private/DistortionCommon.ush" 2879
"../../../Engine/Shaders/Private/Substrate/SubstrateMobileForwardLighting.ush" 2880
"../../../Engine/Shaders/Private/MobileBasePassVertexShader.usf" 2881
"../../../Engine/Shaders/Private/MeshEdges.usf" 2882
"../../../Engine/Shaders/Private/MegaLights/MegaLightsVSMTracing.usf" 2883
"../../../Engine/Shaders/Private/MegaLights/MegaLights.ush" 2884
"../../../Engine/Shaders/Shared/MegaLightsDefinitions.h" 2885
"../../../Engine/Shaders/Private/HairStrands/HairStrandsVisibilityUtils.ush" 2886
"../../../Engine/Shaders/Private/MegaLights/MegaLightsRayTracing.ush" 2887
"../../../Engine/Shaders/Private/MegaLights/MegaLightsRayTracing.usf" 2888
"../../../Engine/Shaders/Private/DistanceField/GlobalDistanceFieldUtils.ush" 2889
"../../../Engine/Shaders/Private/Lumen/LumenScreenTracing.ush" 2890
"../../../Engine/Shaders/Private/MegaLights/MegaLightsVolumeRayTracing.usf" 2891
"../../../Engine/Shaders/Private/MegaLights/MegaLightsVolume.ush" 2892
"../../../Engine/Shaders/Private/MegaLights/MegaLightsVolumeHardwareRayTracing.usf" 2893
"../../../Engine/Shaders/Private/Lumen/LumenHardwareRayTracingCommon.ush" 2894
"../../../Engine/Shaders/Private/RayTracing/RayTracingReflectionEnvironment.ush" 2895
"../../../Engine/Shaders/Private/Lumen/LumenHardwareRayTracingPlatformCommon.ush" 2896
"../../../Engine/Shaders/Private/Lumen/LumenReflectionsCombine.ush" 2897
"../../../Engine/Shaders/Private/Lumen/LumenTracingCommon.ush" 2898
"../../../Engine/Shaders/Private/Lumen/SurfaceCache/LumenSurfaceCacheSampling.ush" 2899
"../../../Engine/Shaders/Private/Lumen/SurfaceCache/LumenSurfaceCache.ush" 2900
"../../../Engine/Shaders/Private/Lumen/LumenCardCommon.ush" 2901
"../../../Engine/Shaders/Private/Lumen/LumenCardTileShadowDownsampleFactor.ush" 2902
"../../../Engine/Shaders/Private/MegaLights/MegaLightsHardwareRayTracing.usf" 2903
"../../../Engine/Shaders/Private/MegaLights/MegaLights.usf" 2904
"../../../Engine/Shaders/Private/MegaLights/MegaLightsShading.ush" 2905
"../../../Engine/Shaders/Private/MegaLights/MegaLightsFilterVisibleLightHash.usf" 2906
"../../../Engine/Shaders/Private/MegaLights/MegaLightsDenoiserSpatial.usf" 2907
"../../../Engine/Shaders/Private/Lumen/LumenReflectionDenoiserCommon.ush" 2908
"../../../Engine/Shaders/Private/MegaLights/MegaLightsDenoiserTemporal.usf" 2909
"../../../Engine/Shaders/Private/MegaLights/MegaLightsShading.usf" 2910
"../../../Engine/Shaders/Private/StochasticLighting/StochasticLightingUpsample.ush" 2911
"../../../Engine/Shaders/Private/MegaLights/MegaLightsVisibleLightHash.usf" 2912
"../../../Engine/Shaders/Private/MegaLights/MegaLightsVolumeShading.usf" 2913
"../../../Engine/Shaders/Private/MegaLights/MegaLightsSampling.usf" 2914
"../../../Engine/Shaders/Private/MegaLights/MegaLightsSampling.ush" 2915
"../../../Engine/Shaders/Private/MegaLights/MegaLightsVolumeSampling.usf" 2916
"../../../Engine/Shaders/Private/MaterialCache/MaterialCacheABufferPages.usf" 2917
"../../../Engine/Shaders/Private/MaterialCache/MaterialCacheShade.usf" 2918
"../../../Engine/Shaders/Private/MaterialCache/MaterialCacheUnwrapNaniteShade.usf" 2919
"../../../Engine/Shaders/Private/MaterialCache/MaterialCacheUnwrapPixelShader.usf" 2920
"../../../Engine/Shaders/Private/MaterialCache/MaterialCacheUnwrapVertexShader.usf" 2921
"../../../Engine/Shaders/Private/Lumen/LumenVisualizeRadianceCache.usf" 2922
"../../../Engine/Shaders/Private/Lumen/LumenRadianceCacheCommon.ush" 2923
"../../../Engine/Shaders/Private/Lumen/LumenVisualizeHardwareRayTracing.usf" 2924
"../../../Engine/Shaders/Private/Lumen/LumenVisualize.ush" 2925
"../../../Engine/Shaders/Private/Lumen/LumenHairTracing.ush" 2926
"../../../Engine/Shaders/Private/Lumen/LumenVisualize.usf" 2927
"../../../Engine/Shaders/Private/Lumen/LumenSoftwareRayTracing.ush" 2928
"../../../Engine/Shaders/Private/DistanceField/GlobalDistanceFieldObjectGrid.ush" 2929
"../../../Engine/Shaders/Private/DistanceFieldLightingShared.ush" 2930
"../../../Engine/Shaders/Private/Lumen/LumenVisualizeTraces.ush" 2931
"../../../Engine/Shaders/Private/Lumen/LumenTranslucencyVolumeLighting.usf" 2932
"../../../Engine/Shaders/Private/Lumen/LumenRadianceCacheMarkCommon.ush" 2933
"../../../Engine/Shaders/Private/Lumen/LumenTranslucencyVolumeLightingShared.ush" 2934
"../../../Engine/Shaders/Private/Lumen/LumenScreenProbeCommon.ush" 2935
"../../../Engine/Shaders/Private/RayTracing/RayGenUtils.ush" 2936
"../../../Engine/Shaders/Private/Lumen/LumenRadianceCacheTracingCommon.ush" 2937
"../../../Engine/Shaders/Private/Lumen/LumenTranslucencyVolumeHardwareRayTracing.usf" 2938
"../../../Engine/Shaders/Private/Lumen/LumenTranslucencyRadianceCacheMarkShaders.usf" 2939
"../../../Engine/Shaders/Private/Lumen/SurfaceCache/LumenSurfaceCache.usf" 2940
"../../../Engine/Shaders/Private/Lumen/LumenShortRangeAOHardwareRayTracing.usf" 2941
"../../../Engine/Shaders/Private/Lumen/LumenScreenSpaceBentNormal.ush" 2942
"../../../Engine/Shaders/Private/Lumen/LumenScreenSpaceBentNormal.usf" 2943
"../../../Engine/Shaders/Private/Lumen/LumenScreenProbeTracing.usf" 2944
"../../../Engine/Shaders/Private/Lumen/LumenScreenProbeTracingCommon.ush" 2945
"../../../Engine/Shaders/Private/Lumen/LumenFloatQuantization.ush" 2946
"../../../Engine/Shaders/Private/Lumen/LumenScreenProbeImportanceSampling.usf" 2947
"../../../Engine/Shaders/Private/Lumen/LumenScreenProbeImportanceSamplingShared.ush" 2948
"../../../Engine/Shaders/Private/Lumen/LumenScreenProbeHardwareRayTracing.usf" 2949
"../../../Engine/Shaders/Private/Lumen/LumenScreenProbeDebug.usf" 2950
"../../../Engine/Shaders/Private/Lumen/LumenScreenProbeGather.usf" 2951
"../../../Engine/Shaders/Private/Lumen/LumenScreenProbeGatherTemporal.usf" 2952
"../../../Engine/Shaders/Private/Lumen/LumenScreenProbeFiltering.usf" 2953
"../../../Engine/Shaders/Private/Lumen/LumenSceneLighting.usf" 2954
"../../../Engine/Shaders/Private/Lumen/LumenCardTile.ush" 2955
"../../../Engine/Shaders/Private/Lumen/LumenSceneLighting.ush" 2956
"../../../Engine/Shaders/Private/Lumen/Radiosity/LumenRadiosity.ush" 2957
"../../../Engine/Shaders/Private/Lumen/LumenSceneLightingDebug.usf" 2958
"../../../Engine/Shaders/Private/Lumen/LumenScene.usf" 2959
"../../../Engine/Shaders/Private/Lumen/LumenSceneDirectLightingHardwareRayTracing.usf" 2960
"../../../Engine/Shaders/Private/Lumen/LumenSceneDirectLightingStochastic.ush" 2961
"../../../Engine/Shaders/Private/Lumen/LumenReflectionCommon.ush" 2962
"../../../Engine/Shaders/Private/Lumen/LumenSceneDirectLighting.ush" 2963
"../../../Engine/Shaders/Private/Lumen/LumenSceneDebugHardwareRayTracing.usf" 2964
"../../../Engine/Shaders/Private/Lumen/LumenSceneDirectLightingStochastic.usf" 2965
"../../../Engine/Shaders/Private/Lumen/LumenSceneDirectLightingSoftwareRayTracing.usf" 2966
"../../../Engine/Shaders/Private/DistanceFieldShadowingShared.ush" 2967
"../../../Engine/Shaders/Private/Lumen/LumenSceneDirectLightingPerLightShadowCommon.ush" 2968
"../../../Engine/Shaders/Private/Lumen/LumenSceneDirectLightingShadowMask.usf" 2969
"../../../Engine/Shaders/Private/Lumen/LumenSceneDirectLighting.usf" 2970
"../../../Engine/Shaders/Private/Lumen/LumenSceneDirectLightingCulling.usf" 2971
"../../../Engine/Shaders/Private/Lumen/LumenCardComputeShader.usf" 2972
"../../../Engine/Shaders/Private/Lumen/LumenCardBasePass.ush" 2973
"../../../Engine/Shaders/Private/Lumen/LumenCardPixelShader.usf" 2974
"../../../Engine/Shaders/Private/Lumen/LumenCardVertexShader.usf" 2975
"../../../Engine/Shaders/Private/Lumen/LumenReSTIRGather.usf" 2976
"../../../Engine/Shaders/Private/Lumen/LumenReflectionTracing.usf" 2977
"../../../Engine/Shaders/Private/Lumen/LumenReflectionDenoiserSpatial.usf" 2978
"../../../Engine/Shaders/Private/Lumen/LumenReflectionDenoiserClear.usf" 2979
"../../../Engine/Shaders/Private/Lumen/LumenReflectionDenoiserTemporal.usf" 2980
"../../../Engine/Shaders/Private/Lumen/LumenReflectionResolve.usf" 2981
"../../../Engine/Shaders/Private/Lumen/LumenReflections.usf" 2982
"../../../Engine/Shaders/Private/Lumen/RayTracedTranslucency.usf" 2983
"../../../Engine/Shaders/Private/Lumen/LumenReflectionHardwareRayTracing.usf" 2984
"../../../Engine/Shaders/Private/Lumen/Radiosity/LumenVisualizeRadiosityProbes.usf" 2985
"../../../Engine/Shaders/Private/Lumen/Radiosity/LumenRadiosity.usf" 2986
"../../../Engine/Shaders/Private/Lumen/Radiosity/LumenRadiosityHardwareRayTracing.usf" 2987
"../../../Engine/Shaders/Private/Lumen/Radiosity/LumenRadiosityCulling.usf" 2988
"../../../Engine/Shaders/Private/Lumen/LumenRadianceCacheHardwareRayTracing.usf" 2989
"../../../Engine/Shaders/Private/Lumen/LumenRadianceCache.usf" 2990
"../../../Engine/Shaders/Private/Lumen/LumenRadianceCacheUpdate.ush" 2991
"../../../Engine/Shaders/Private/Lumen/LumenRadianceCacheDebug.usf" 2992
"../../../Engine/Shaders/Private/Lumen/LumenRadianceCacheUpdate.usf" 2993
"../../../Engine/Shaders/Private/Lumen/LumenMeshSDFCulling.usf" 2994
"../../../Engine/Shaders/Private/HybridIndirectLighting.ush" 2995
"../../../Engine/Shaders/Private/MeshDistanceFieldCommon.ush" 2996
"../../../Engine/Shaders/Private/Lumen/LumenIrradianceFieldGather.usf" 2997
"../../../Engine/Shaders/Private/Lumen/LumenHardwareRayTracingMaterials.usf" 2998
"../../../Engine/Shaders/Private/Lumen/LumenFrontLayerTranslucency.usf" 2999
"../../../Engine/Shaders/Private/LocalFogVolumes/LocalFogVolumeSplat.usf" 3000
"../../../Engine/Shaders/Private/LocalFogVolumes/LocalFogVolumeTiledCulling.usf" 3001
"../../../Engine/Shaders/Private/LightShaftShader.usf" 3002
"../../../Engine/Shaders/Private/StationaryLightOverlapShaders.usf" 3003
"../../../Engine/Shaders/Private/DeferredLightPixelShaders.usf" 3004
"../../../Engine/Shaders/Private/DeferredLightVertexShaders.usf" 3005
"../../../Engine/Shaders/Private/LightMapDensityShader.usf" 3006
"../../../Engine/Shaders/Private/LightGridInjection.usf" 3007
"../../../Engine/Shaders/Shared/LightGridDefinitions.h" 3008
"../../../Engine/Shaders/Private/LightFunctionPixelShader.usf" 3009
"../../../Engine/Shaders/Private/LightFunctionVertexShader.usf" 3010
"../../../Engine/Shaders/Private/LightFunctionAtlas/LightFunctionAtlasRender.usf" 3011
"../../../Engine/Shaders/Private/InstanceCulling/InstanceCullingOcclusionQuery.usf" 3012
"../../../Engine/Shaders/Private/InstanceCulling/InstanceCullingSetup.ush" 3013
"../../../Engine/Shaders/Private/InstanceCulling/BuildInstanceDrawCommands.usf" 3014
"../../../Engine/Shaders/Private/InstanceCulling/InstanceCompactionCommon.ush" 3015
"../../../Engine/Shaders/Private/SceneDataMobileWriter.ush" 3016
"../../../Engine/Shaders/Private/InstanceCulling/CompactVisibleInstances.usf" 3017
"../../../Engine/Shaders/Private/ReflectionEnvironmentPixelShader.usf" 3018
"../../../Engine/Shaders/Private/AmbientCubemapComposite.usf" 3019
"../../../Engine/Shaders/Private/DiffuseIndirectComposite.usf" 3020
"../../../Engine/Shaders/Private/IESAtlas.usf" 3021
"../../../Engine/Shaders/Private/HeterogeneousVolumes/HeterogeneousVolumesVoxelGridShadows.usf" 3022
"../../../Engine/Shaders/Private/HeterogeneousVolumes/HeterogeneousVolumesStochasticFiltering.ush" 3023
"../../../Engine/Shaders/Private/HeterogeneousVolumes/HeterogeneousVolumesVoxelGridRenderingUtils.ush" 3024
"../../../Engine/Shaders/Private/HeterogeneousVolumes/HeterogeneousVolumesLightingUtils.ush" 3025
"../../../Engine/Shaders/Private/HeterogeneousVolumes/HeterogeneousVolumesVoxelGridRendering.usf" 3026
"../../../Engine/Shaders/Private/HeterogeneousVolumes/HeterogeneousVolumesVoxelGridPipeline.usf" 3027
"../../../Engine/Shaders/Private/HeterogeneousVolumes/HeterogeneousVolumesMaterialBakingPipeline.usf" 3028
"../../../Engine/Shaders/Private/HeterogeneousVolumes/HeterogeneousVolumesLiveShadingUtils.ush" 3029
"../../../Engine/Shaders/Private/HeterogeneousVolumes/HeterogeneousVolumesFrustumVoxelGrid.usf" 3030
"../../../Engine/Shaders/Private/HeterogeneousVolumes/HeterogeneousVolumesSparseVoxelPipeline.usf" 3031
"../../../Engine/Shaders/Private/HeterogeneousVolumes/HeterogeneousVolumesSparseVoxelUtils.ush" 3032
"../../../Engine/Shaders/Private/HeterogeneousVolumes/HeterogeneousVolumesSparseVoxelUniformBufferUtils.ush" 3033
"../../../Engine/Shaders/Private/HeterogeneousVolumes/HeterogeneousVolumesPreshadingPipeline.usf" 3034
"../../../Engine/Shaders/Private/HeterogeneousVolumes/HeterogeneousVolumesLiveShadingShadows.usf" 3035
"../../../Engine/Shaders/Private/HeterogeneousVolumes/HeterogeneousVolumesLiveShadingGlobalPipeline.usf" 3036
"../../../Engine/Shaders/Private/HeterogeneousVolumes/HeterogeneousVolumesLiveShadingPipeline.usf" 3037
"../../../Engine/Shaders/Private/HeterogeneousVolumes/HeterogeneousVolumesHardwareRayTracing.usf" 3038
"../../../Engine/Shaders/Private/HeterogeneousVolumes/HeterogeneousVolumesAmbientOcclusionPipeline.usf" 3039
"../../../Engine/Shaders/Private/HeterogeneousVolumes/HeterogeneousVolumesComposite.usf" 3040
"../../../Engine/Shaders/Private/HdrCustomResolveShaders.usf" 3041
"../../../Engine/Shaders/Private/HairStrands/RenderCurveRaster.usf" 3042
"../../../Engine/Shaders/Private/HairStrands/HairStrandsVoxelRasterCompute.usf" 3043
"../../../Engine/Shaders/Private/HairStrands/HairStrandsHitProxy.usf" 3044
"../../../Engine/Shaders/Private/HairStrands/HairStrandsVisibilityRasterComputeNaive.usf" 3045
"../../../Engine/Shaders/Private/HairStrands/HairStrandsVisibilityRasterHW.usf" 3046
"../../../Engine/Shaders/Private/HairStrands/HairStrandsVisibilityRasterCompute.usf" 3047
"../../../Engine/Shaders/Private/HairStrands/HairStrandsVisibilityRasterClassification.usf" 3048
"../../../Engine/Shaders/Private/HairStrands/HairStrandsCoverage.usf" 3049
"../../../Engine/Shaders/Private/HairStrands/HairStrandsVisibilityDepthPS.usf" 3050
"../../../Engine/Shaders/Private/HairStrands/HairStrandsVisibilityTransmittanceDepthPS.usf" 3051
"../../../Engine/Shaders/Private/HairStrands/HairStrandsVisibilityFillOpaqueDepthPS.usf" 3052
"../../../Engine/Shaders/Private/HairStrands/HairStrandsVisibilityCompactionComputeRaster.usf" 3053
"../../../Engine/Shaders/Private/HairStrands/HairStrandsVisibilityCompaction.usf" 3054
"../../../Engine/Shaders/Private/HairStrands/HairStrandsVisibilityCopyIndirectArg.usf" 3055
"../../../Engine/Shaders/Private/HairStrands/HairStrandsVisibilityClearPS.usf" 3056
"../../../Engine/Shaders/Private/HairStrands/HairStrandsVisibilityPS.usf" 3057
"../../../Engine/Shaders/Private/HairStrands/HairStrandsVisibilityVS.usf" 3058
"../../../Engine/Shaders/Private/HairStrands/HairStrandsVelocity.usf" 3059
"../../../Engine/Shaders/Private/HairStrands/HairStrandsVisibilityComputeSampleCoverage.usf" 3060
"../../../Engine/Shaders/Private/HairStrands/HairStrandsMaterialPS.usf" 3061
"../../../Engine/Shaders/Private/HairStrands/HairStrandsMaterialCommon.ush" 3062
"../../../Engine/Shaders/Private/HairStrands/HairStrandsMaterialVS.usf" 3063
"../../../Engine/Shaders/Private/HairStrands/HairStrandsLightSample.usf" 3064
"../../../Engine/Shaders/Private/HairStrands/HairStrandsDeepShadowMask.usf" 3065
"../../../Engine/Shaders/Private/HairStrands/HairStrandsDeepTransmittanceMask.usf" 3066
"../../../Engine/Shaders/Private/HairStrands/HairStrandsVisibilityTile.usf" 3067
"../../../Engine/Shaders/Private/HairStrands/HairStrandsDeepShadowPS.usf" 3068
"../../../Engine/Shaders/Private/HairStrands/HairStrandsDeepShadowVS.usf" 3069
"../../../Engine/Shaders/Private/HairStrands/HairStrandsAABB.usf" 3070
"../../../Engine/Shaders/Private/HairStrands/HairStrandsLUT.usf" 3071
"../../../Engine/Shaders/Private/HairStrands/HairStrandsForwardRaster.usf" 3072
"../../../Engine/Shaders/Private/HairStrands/HairStrandsForwardCulling.usf" 3073
"../../../Engine/Shaders/Private/HairStrands/HairStrandsEnvironmentLighting.usf" 3074
"../../../Engine/Shaders/Private/HairStrands/HairStrandsEnvironmentAO.usf" 3075
"../../../Engine/Shaders/Private/HairStrands/HairStrandsDeepShadowAllocation.usf" 3076
"../../../Engine/Shaders/Private/HairStrands/HairStrandsVoxelDebug.usf" 3077
"../../../Engine/Shaders/Private/HairStrands/HairStrandsComposition.usf" 3078
"../../../Engine/Shaders/Private/HairStrands/HairStrandsGBufferCommon.ush" 3079
"../../../Engine/Shaders/Private/GPUScene/GPUSceneDataManagement.usf" 3080
"../../../Engine/Shaders/Private/GPUSceneDebugRender.usf" 3081
"../../../Engine/Shaders/Private/GPUFeedbackCompaction.usf" 3082
"../../../Engine/Shaders/Private/GPUFastFourierTransform.usf" 3083
"../../../Engine/Shaders/Private/GPUFastFourierTransform2DCore.ush" 3084
"../../../Engine/Shaders/Private/GPUFastFourierTransformCore.ush" 3085
"../../../Engine/Shaders/Private/GPUBenchmark.usf" 3086
"../../../Engine/Shaders/Private/DistanceField/GlobalDistanceFieldDebug.usf" 3087
"../../../Engine/Shaders/Private/DistanceField/GlobalDistanceFieldUpdate.ush" 3088
"../../../Engine/Shaders/Private/DistanceField/GlobalDistanceFieldMip.usf" 3089
"../../../Engine/Shaders/Private/DistanceField/GlobalDistanceField.usf" 3090
"../../../Engine/Shaders/Private/DistanceField/GlobalDistanceFieldCompositeObjects.usf" 3091
"../../../Engine/Shaders/Private/DistanceField/GlobalDistanceFieldHeightfields.usf" 3092
"../../../Engine/Shaders/Private/HeightfieldLightingShared.ush" 3093
"../../../Engine/Shaders/Private/GenerateConservativeDepth.usf" 3094
"../../../Engine/Shaders/Private/HeightFogPixelShader.usf" 3095
"../../../Engine/Shaders/Private/HeightFogVertexShader.usf" 3096
"../../../Engine/Shaders/Private/DistortFiltering.usf" 3097
"../../../Engine/Shaders/Private/DistortAccumulatePS.usf" 3098
"../../../Engine/Shaders/Private/DistortAccumulateVS.usf" 3099
"../../../Engine/Shaders/Private/DistanceFieldVisualization.usf" 3100
"../../../Engine/Shaders/Private/DistanceFieldStreaming.usf" 3101
"../../../Engine/Shaders/Private/DistanceFieldShadowing.usf" 3102
"../../../Engine/Shaders/Private/DistanceFieldScreenGridLighting.usf" 3103
"../../../Engine/Shaders/Private/DistanceFieldObjectCulling.usf" 3104
"../../../Engine/Shaders/Private/DistanceFieldLightingPost.usf" 3105
"../../../Engine/Shaders/Private/DitheredTransitionStencil.usf" 3106
"../../../Engine/Shaders/Private/CopyDepthTexture.usf" 3107
"../../../Engine/Shaders/Private/CopyDepthTextureCS.usf" 3108
"../../../Engine/Shaders/Private/DeferredDecal.usf" 3109
"../../../Engine/Shaders/Private/DecalCommon.ush" 3110
"../../../Engine/Shaders/Private/DebugViewModeVertexShader.usf" 3111
"../../../Engine/Shaders/Private/DebugViewModeCommon.ush" 3112
"../../../Engine/Shaders/Private/DebugViewModePixelShader.usf" 3113
"../../../Engine/Shaders/Private/DebugProbes.usf" 3114
"../../../Engine/Shaders/Private/MeshDecals.usf" 3115
"../../../Engine/Shaders/Private/PostProcessAmbientOcclusion.usf" 3116
"../../../Engine/Shaders/Private/ClusteredDeferredShadingPixelShader.usf" 3117
"../../../Engine/Shaders/Private/ClusteredDeferredShadingVertexShader.usf" 3118
"../../../Engine/Shaders/Private/CapsuleShadowShaders.usf" 3119
"../../../Engine/Shaders/Private/BasePassPixelShader.usf" 3120
"../../../Engine/Shaders/Private/ForwardLightingCommon.ush" 3121
"../../../Engine/Shaders/Private/Substrate/SubstrateForwardLighting.ush" 3122
"../../../Engine/Shaders/Private/ComputeShaderOutputCommon.ush" 3123
"../../../Engine/Shaders/Private/BasePassVertexShader.usf" 3124
"../../../Engine/Shaders/Private/BasePassVertexCommon.ush" 3125
"../../../Engine/Shaders/Private/SimpleElementVolumeTexturePreviewPixelShader.usf" 3126
"../../../Engine/Shaders/Private/SimpleElementTexture2DPreviewPixelShader.usf" 3127
"../../../Engine/Shaders/Private/meshpaintdilatepixelshader.usf" 3128
"../../../Engine/Shaders/Private/meshpaintdilatevertexshader.usf" 3129
"../../../Engine/Shaders/Private/MeshPaintPixelShader.usf" 3130
"../../../Engine/Shaders/Private/MeshPaintVertexShader.usf" 3131
"../../../Engine/Shaders/Private/SlateElementPixelShader.usf" 3132
"../../../Engine/Shaders/Private/SlateShaderCommon.ush" 3133
"../../../Engine/Shaders/Private/SlateMaskingShader.usf" 3134
"../../../Engine/Shaders/Private/SlateVertexShader.usf" 3135
"../../../Engine/Shaders/Private/CompositeUIPixelShader.usf" 3136
"../../../Engine/Shaders/Private/ColorDeficiency.ush" 3137
"../../../Engine/Shaders/Private/SlatePostProcessColorDeficiencyPixelShader.usf" 3138
"../../../Engine/Shaders/Private/SlatePostProcessPixelShader.usf" 3139
"../../../Engine/Shaders/Private/Tools/VisualizeTexture.usf" 3140
"../../../Engine/Shaders/Private/UpdateDescriptorHandle.usf" 3141
"../../../Engine/Shaders/Private/ByteBuffer.usf" 3142
"../../../Engine/Shaders/Private/ShaderBundleWorkGraphDispatch.usf" 3143
"../../../Engine/Shaders/Private/ShaderBundleDispatch.usf" 3144
"../../../Engine/Shaders/Private/ResolveVertexShader.usf" 3145
"../../../Engine/Shaders/Private/ResolvePixelShader.usf" 3146
"../../../Engine/Shaders/Private/Tools/SetupIndirectArgs.usf" 3147
"../../../Engine/Shaders/Private/ClearReplacementShaders.usf" 3148
"../../../Engine/Shaders/Private/Tools/DrawTexture.usf" 3149
"../../../Engine/Shaders/Private/RayTracing/RayTracingValidation.usf" 3150
"../../../Engine/Shaders/Private/RenderGraphUtilities.usf" 3151
"../../../Engine/Shaders/Private/OneColorShader.usf" 3152
"../../../Engine/Shaders/Private/OculusShaders.usf" 3153
"../../../Engine/Shaders/Private/MediaShaders.usf" 3154
"../../../Engine/Shaders/Private/GPUMessaging.usf" 3155
"../../../Engine/Shaders/Private/Tools/GPUDebugCrashUtils.usf" 3156
"../../../Engine/Shaders/Private/NullPixelShader.usf" 3157
"../../../Engine/Shaders/Private/ComputeGenerateMips.usf" 3158
"../../../Engine/Shaders/Private/Tools/DumpTexture.usf" 3159
"../../../Engine/Shaders/Private/CopyTextureShaders.usf" 3160
"../../../Engine/Shaders/Private/Tools/FullscreenVertexShader.usf" 3161
"../../../Engine/Shaders/Private/RayTracing/RayTracingDispatchDesc.usf" 3162
"../../../Engine/Shaders/Private/Bink.usf" 3163
"../../../Engine/Shaders/Private/VelocityShader.usf" 3164
"../../../Engine/Shaders/Private/DepthOnlyPixelShader.usf" 3165
"../../../Engine/Shaders/Private/PositionOnlyDepthVertexShader.usf" 3166
"../../../Engine/Shaders/Private/DepthOnlyVertexShader.usf" 3167
"../../../Engine/Shaders/Private/AnisotropyPassShader.usf" 3168
"/Engine/EngineResources/WhiteSquareTexture" 3169
"../../../Engine/Content/EngineResources/WhiteSquareTexture.uasset" 3170
"/Engine/EngineResources/GradientTexture0" 3171
"../../../Engine/Content/EngineResources/GradientTexture0.uasset" 3172
"/Engine/EngineResources/Black" 3173
"../../../Engine/Content/EngineResources/Black.uasset" 3174
"/Engine/EditorResources/S_Actor" 3175
"../../../Engine/Content/EditorResources/S_Actor.uasset" 3176
"/Engine/EngineFonts/RobotoDistanceField" 3177
"../../../Engine/Content/EngineFonts/RobotoDistanceField.uasset" 3178
"/Engine/EngineMaterials/DefaultTextMaterialOpaque" 3179
"../../../Engine/Content/EngineMaterials/DefaultTextMaterialOpaque.uasset" 3180
"/Engine/Functions/Engine_MaterialFunctions01/Shading/PowerToRoughness" 3181
"../../../Engine/Content/Functions/Engine_MaterialFunctions01/Shading/PowerToRoughness.uasset" 3182
"/Engine/Functions/Engine_MaterialFunctions01/Shading/ConvertFromDiffSpec" 3183
"../../../Engine/Content/Functions/Engine_MaterialFunctions01/Shading/ConvertFromDiffSpec.uasset" 3184
"/Engine/EngineMaterials/WorldGridMaterial" 3185
"../../../Engine/Content/EngineMaterials/WorldGridMaterial.uasset" 3186
"../../../Engine/Content/Functions/Engine_MaterialFunctions01/Opacity/CameraDepthFade.uasset" 3187
"../../../Engine/Content/EngineMaterials/T_Default_Material_Grid_M.uasset" 3188
"../../../Engine/Content/EngineMaterials/T_Default_Material_Grid_N.uasset" 3189
"/Engine/EngineMaterials/DefaultDeferredDecalMaterial" 3190
"../../../Engine/Content/EngineMaterials/DefaultDeferredDecalMaterial.uasset" 3191
"../../../Engine/Content/EngineMaterials/DefaultDiffuse.uasset" 3192
"/Engine/EngineMaterials/DefaultLightFunctionMaterial" 3193
"../../../Engine/Content/EngineMaterials/DefaultLightFunctionMaterial.uasset" 3194
"/Engine/EngineMaterials/DefaultPostProcessMaterial" 3195
"../../../Engine/Content/EngineMaterials/DefaultPostProcessMaterial.uasset" 3196
"../../../Engine/Content/Functions/Engine_MaterialFunctions02/Utility/BreakOutFloat2Components.uasset" 3197
"/Engine/EditorResources/S_Trigger" 3198
"../../../Engine/Content/EditorResources/S_Trigger.uasset" 3199
"/Engine/EditorResources/S_BoxReflectionCapture" 3200
"../../../Engine/Content/EditorResources/S_BoxReflectionCapture.uasset" 3201
"/Engine/EngineResources/DefaultTexture" 3202
"../../../Engine/Content/EngineResources/DefaultTexture.uasset" 3203
"/Engine/EditorResources/S_TriggerBox" 3204
"../../../Engine/Content/EditorResources/S_TriggerBox.uasset" 3205
"/Engine/EditorResources/S_TriggerCapsule" 3206
"../../../Engine/Content/EditorResources/S_TriggerCapsule.uasset" 3207
"/Engine/EditorResources/S_TriggerSphere" 3208
"../../../Engine/Content/EditorResources/S_TriggerSphere.uasset" 3209
"/Engine/EngineDamageTypes/DmgTypeBP_Environmental" 3210
"../../../Engine/Content/EngineDamageTypes/DmgTypeBP_Environmental.uasset" 3211
"/Engine/EngineMeshes/Sphere" 3212
"../../../Engine/Content/EngineMeshes/Sphere.uasset" 3213
"/Engine/EngineResources/DefaultTextureCube" 3214
"../../../Engine/Content/EngineResources/DefaultTextureCube.uasset" 3215
"/Engine/EngineResources/DefaultVolumeTexture" 3216
"../../../Engine/Content/EngineResources/DefaultVolumeTexture.uasset" 3217
"../../../Engine/Content/EngineResources/DefaultVolumeTexture2D.uasset" 3218
"/Engine/VREditor/TransformGizmo/SM_Sequencer_Node" 3219
"../../../Engine/Content/VREditor/TransformGizmo/SM_Sequencer_Node.uasset" 3220
"../../../Engine/Content/VREditor/TransformGizmo/Main.uasset" 3221
"../../../Engine/Content/VREditor/TransformGizmo/Xray.uasset" 3222
"/Engine/EditorResources/S_Solver" 3223
"../../../Engine/Content/EditorResources/S_Solver.uasset" 3224
"/Engine/EngineDebugMaterials/VolumeToRender" 3225
"../../../Engine/Content/EngineDebugMaterials/VolumeToRender.uasset" 3226
"/Engine/EngineDebugMaterials/M_VolumeRenderSphereTracePP" 3227
"../../../Engine/Content/EngineDebugMaterials/M_VolumeRenderSphereTracePP.uasset" 3228
"../../../Engine/Content/Functions/Engine_MaterialFunctions02/Utility/CameraDirectionVector.uasset" 3229
"/Engine/EditorMeshes/Camera/SM_CraneRig_Base" 3230
"../../../Engine/Content/EditorMeshes/Camera/SM_CraneRig_Base.uasset" 3231
"../../../Engine/Content/EditorMaterials/Camera/MI_CineMat_Rig.uasset" 3232
"../../../Engine/Content/EditorMaterials/Camera/CineMat.uasset" 3233
"/Engine/EditorMeshes/Camera/SM_CraneRig_Arm" 3234
"../../../Engine/Content/EditorMeshes/Camera/SM_CraneRig_Arm.uasset" 3235
"/Engine/EditorMeshes/Camera/SM_CraneRig_Mount" 3236
"../../../Engine/Content/EditorMeshes/Camera/SM_CraneRig_Mount.uasset" 3237
"/Engine/EditorMeshes/Camera/SM_CraneRig_Body" 3238
"../../../Engine/Content/EditorMeshes/Camera/SM_CraneRig_Body.uasset" 3239
"/Engine/EditorMeshes/Camera/SM_RailRig_Track" 3240
"../../../Engine/Content/EditorMeshes/Camera/SM_RailRig_Track.uasset" 3241
"/Engine/EditorMeshes/Camera/SM_RailRig_Mount" 3242
"../../../Engine/Content/EditorMeshes/Camera/SM_RailRig_Mount.uasset" 3243
"/Engine/EditorLandscapeResources/SplineEditorMesh" 3244
"../../../Engine/Content/EditorLandscapeResources/SplineEditorMesh.uasset" 3245
"../../../Engine/Content/EditorLandscapeResources/SplineEditorMeshMat.uasset" 3246
"/HairStrands/Materials/HairDebugMaterial" 3247
"../../Plugins/Runtime/HairStrands/Content/Materials/HairDebugMaterial.uasset" 3248
"../../../Engine/Content/Functions/Engine_MaterialFunctions02/Utility/MakeFloat2.uasset" 3249
"../../../Engine/Content/Functions/Engine_MaterialFunctions02/Utility/MakeFloat3.uasset" 3250
"../../../Engine/Content/EngineMaterials/HairColorMap.uasset" 3251
"../../../Engine/Content/EngineMaterials/HairDebugColor.uasset" 3252
"../../Plugins/Runtime/HairStrands/Content/Materials/HairGroupColors.uasset" 3253
"/HairStrands/Materials/HairDefaultMaterial" 3254
"../../Plugins/Runtime/HairStrands/Content/Materials/HairDefaultMaterial.uasset" 3255
"/HairStrands/Materials/HairCardsDefaultMaterial" 3256
"../../Plugins/Runtime/HairStrands/Content/Materials/HairCardsDefaultMaterial.uasset" 3257
"/HairStrands/Materials/HairMeshesDefaultMaterial" 3258
"../../Plugins/Runtime/HairStrands/Content/Materials/HairMeshesDefaultMaterial.uasset" 3259
"/Engine/BasicShapes/Cube" 3260
"../../../Engine/Content/BasicShapes/Cube.uasset" 3261
"/CameraCalibrationCore/Materials/M_DefaultOddSquare" 3262
"../../Plugins/VirtualProduction/CameraCalibrationCore/Content/Materials/M_DefaultOddSquare.uasset" 3263
"/CameraCalibrationCore/Materials/M_DefaultEvenSquare" 3264
"../../Plugins/VirtualProduction/CameraCalibrationCore/Content/Materials/M_DefaultEvenSquare.uasset" 3265
"/Engine/EngineMaterials/Widget3DPassThrough_Translucent" 3266
"../../../Engine/Content/EngineMaterials/Widget3DPassThrough_Translucent.uasset" 3267
"../../../Engine/Content/EngineMaterials/Widget3DPassThrough.uasset" 3268
"/Engine/EngineMaterials/Widget3DPassThrough_Translucent_OneSided" 3269
"../../../Engine/Content/EngineMaterials/Widget3DPassThrough_Translucent_OneSided.uasset" 3270
"/Engine/EngineMaterials/Widget3DPassThrough_Opaque" 3271
"../../../Engine/Content/EngineMaterials/Widget3DPassThrough_Opaque.uasset" 3272
"/Engine/EngineMaterials/Widget3DPassThrough_Opaque_OneSided" 3273
"../../../Engine/Content/EngineMaterials/Widget3DPassThrough_Opaque_OneSided.uasset" 3274
"/Engine/EngineMaterials/Widget3DPassThrough_Masked" 3275
"../../../Engine/Content/EngineMaterials/Widget3DPassThrough_Masked.uasset" 3276
"/Engine/EngineMaterials/Widget3DPassThrough_Masked_OneSided" 3277
"../../../Engine/Content/EngineMaterials/Widget3DPassThrough_Masked_OneSided.uasset" 3278
"/Engine/VREditor/ViewportInteractionAssetContainerData" 3279
"../../../Engine/Content/VREditor/ViewportInteractionAssetContainerData.uasset" 3280
"../../../Engine/Content/VREditor/SnapGrid/SnapGridMaterial.uasset" 3281
"../../../Engine/Content/VREditor/TransformGizmo/TransformGizmoMaterial_Inst.uasset" 3282
"../../../Engine/Content/VREditor/TransformGizmo/TranslucentTransformGizmoMaterial_Inst.uasset" 3283
"../../../Engine/Content/VREditor/SnapGrid/SnapGridPlaneMesh.uasset" 3284
"../../../Engine/Content/VREditor/Sounds/UI/Drop_Item_From_ContentBrowser.uasset" 3285
"../../../Engine/Content/VREditor/Sounds/UI/Gizmo_Handle_Clicked.uasset" 3286
"../../../Engine/Content/VREditor/Sounds/UI/Object_PickUp.uasset" 3287
"../../../Engine/Content/VREditor/Sounds/UI/Object_Snaps_To_Another_Actor.uasset" 3288
"../../../Engine/Content/VREditor/Sounds/UI/Object_Snaps_To_Grid.uasset" 3289
"../../../Engine/Content/VREditor/Sounds/UI/Scaling_Down.uasset" 3290
"../../../Engine/Content/VREditor/Sounds/UI/Scaling_Up.uasset" 3291
"../../../Engine/Content/VREditor/Sounds/UI/Selection_Changes.uasset" 3292
"../../../Engine/Content/VREditor/TransformGizmo/PlaneTranslationHandle.uasset" 3293
"../../../Engine/Content/VREditor/TransformGizmo/RotationHandleFull.uasset" 3294
"../../../Engine/Content/VREditor/TransformGizmo/RotationHandleIndicator.uasset" 3295
"../../../Engine/Content/VREditor/TransformGizmo/RotationHandleQuarter.uasset" 3296
"../../../Engine/Content/VREditor/TransformGizmo/StartRotationHandleIndicator.uasset" 3297
"../../../Engine/Content/VREditor/TransformGizmo/TransformGizmoFreeRotation.uasset" 3298
"../../../Engine/Content/VREditor/TransformGizmo/TranslateArrowHandle.uasset" 3299
"../../../Engine/Content/VREditor/TransformGizmo/UniformScaleHandle.uasset" 3300
"../../../Engine/Content/Functions/Engine_MaterialFunctions02/Math/Transform3x3Matrix.uasset" 3301
"../../../Engine/Content/Functions/Engine_MaterialFunctions02/SplitComponents.uasset" 3302
"../../../Engine/Content/VREditor/TransformGizmo/TransformGizmoMaterial.uasset" 3303
"../../../Engine/Content/VREditor/TransformGizmo/TranslucentTransformGizmoMaterial.uasset" 3304
"../../../Engine/Content/Functions/Engine_MaterialFunctions02/Utility/BreakOutFloat3Components.uasset" 3305
"../../../Engine/Content/VREditor/LaserPointer/VR_LaserPower_01.uasset" 3306
"/Engine/VREditor/TransformGizmo/BoundingBoxCorner" 3307
"../../../Engine/Content/VREditor/TransformGizmo/BoundingBoxCorner.uasset" 3308
"/Engine/VREditor/TransformGizmo/BoundingBoxEdge" 3309
"../../../Engine/Content/VREditor/TransformGizmo/BoundingBoxEdge.uasset" 3310
"/Engine/ArtTools/RenderToTexture/Meshes/S_1_Unit_Plane" 3311
"../../../Engine/Content/ArtTools/RenderToTexture/Meshes/S_1_Unit_Plane.uasset" 3312
"/Engine/EngineDebugMaterials/M_SimpleUnlitTranslucent" 3313
"../../../Engine/Content/EngineDebugMaterials/M_SimpleUnlitTranslucent.uasset" 3314
"/Engine/EngineFonts/Roboto" 3315
"../../../Engine/Content/EngineFonts/Roboto.uasset" 3316
"../../../Engine/Content/EngineFonts/Faces/DroidSansFallback.uasset" 3317
"../../../Engine/Content/EngineFonts/Faces/RobotoBold.uasset" 3318
"../../../Engine/Content/EngineFonts/Faces/RobotoBoldItalic.uasset" 3319
"../../../Engine/Content/EngineFonts/Faces/RobotoItalic.uasset" 3320
"../../../Engine/Content/EngineFonts/Faces/RobotoLight.uasset" 3321
"../../../Engine/Content/EngineFonts/Faces/RobotoRegular.uasset" 3322
"/Engine/EditorMaterials/ParticleSystems/PSysThumbnail_NoImage" 3323
"../../../Engine/Content/EditorMaterials/ParticleSystems/PSysThumbnail_NoImage.uasset" 3324
"/Engine/EditorMaterials/ParticleSystems/PSysThumbnail_OOD" 3325
"../../../Engine/Content/EditorMaterials/ParticleSystems/PSysThumbnail_OOD.uasset" 3326
"/Engine/EngineResources/LandscapeVisibilityLayerInfo" 3327
"../../../Engine/Content/EngineResources/LandscapeVisibilityLayerInfo.uasset" 3328
"/ACLPlugin/ACLAnimBoneCompressionSettings" 3329
"../../Plugins/Animation/ACLPlugin/Content/ACLAnimBoneCompressionSettings.uasset" 3330
"/Engine/Animation/DefaultRecorderBoneCompression" 3331
"../../../Engine/Content/Animation/DefaultRecorderBoneCompression.uasset" 3332
"/ACLPlugin/ACLAnimCurveCompressionSettings" 3333
"../../Plugins/Animation/ACLPlugin/Content/ACLAnimCurveCompressionSettings.uasset" 3334
"/Engine/Animation/DefaultVariableFrameStrippingSettings" 3335
"../../../Engine/Content/Animation/DefaultVariableFrameStrippingSettings.uasset" 3336
"/AudioWidgets/Resources/ScrubHandleDown_Clamped" 3337
"../../Plugins/Runtime/AudioWidgets/Content/Resources/ScrubHandleDown_Clamped.uasset" 3338
"/Paper2D/MaskedUnlitSpriteMaterial" 3339
"../../Plugins/2D/Paper2D/Content/MaskedUnlitSpriteMaterial.uasset" 3340
"../../Plugins/2D/Paper2D/Content/DefaultSpriteMaterial.uasset" 3341
"../../Plugins/2D/Paper2D/Content/PlaceholderTextures/DummySpriteTexture.uasset" 3342
"/Paper2D/OpaqueUnlitSpriteMaterial" 3343
"../../Plugins/2D/Paper2D/Content/OpaqueUnlitSpriteMaterial.uasset" 3344
"/Paper2D/DefaultPaperTerrainMaterial" 3345
"../../Plugins/2D/Paper2D/Content/DefaultPaperTerrainMaterial.uasset" 3346
"../../Plugins/2D/Paper2D/Content/DummySprite.uasset" 3347
"/ControlRig/Controls/ControlRigXRayMaterial" 3348
"../../Plugins/Animation/ControlRig/Content/Controls/ControlRigXRayMaterial.uasset" 3349
"/ControlRig/Controls/DefaultGizmoLibraryNormalized" 3350
"../../Plugins/Animation/ControlRig/Content/Controls/DefaultGizmoLibraryNormalized.uasset" 3351
"/ControlRig/M_Manip" 3352
"../../Plugins/Animation/ControlRig/Content/M_Manip.uasset" 3353
"../../../Engine/Content/Functions/Engine_MaterialFunctions02/WorldPositionOffset/CameraOffset.uasset" 3354
"/SpeedTreeImporter/SpeedTree9/SpeedTreeMaster" 3355
"../../Plugins/Editor/SpeedTreeImporter/Content/SpeedTree9/SpeedTreeMaster.uasset" 3356
"../../../Engine/Content/Functions/Engine_MaterialFunctions02/ObjectLocalBounds.uasset" 3357
"../../../Engine/Content/Functions/Engine_MaterialFunctions02/SafeNormalize.uasset" 3358
"../../../Engine/Content/Functions/Engine_MaterialFunctions02/Utility/VectorLength.uasset" 3359
"../../../Engine/Content/Functions/Engine_MaterialFunctions02/UVs/BoundingBoxBased_0-1_UVW.uasset" 3360
"../../../Engine/Content/Functions/Engine_MaterialFunctions02/WorldPositionOffset/ObjectScale.uasset" 3361
"../../Plugins/Editor/SpeedTreeImporter/Content/SpeedTree9/SpeedTreeBranchMotion.uasset" 3362
"../../Plugins/Editor/SpeedTreeImporter/Content/SpeedTree9/SpeedTreeCameraFacing.uasset" 3363
"../../Plugins/Editor/SpeedTreeImporter/Content/SpeedTree9/SpeedTreeWind.uasset" 3364
"../../Plugins/Editor/SpeedTreeImporter/Content/SpeedTree9/SpeedTreeWindMotion.uasset" 3365
"../../Plugins/Editor/SpeedTreeImporter/Content/SpeedTree9/UnpackDirection.uasset" 3366
"../../Plugins/Editor/SpeedTreeImporter/Content/SpeedTree9/UnpackInteger3.uasset" 3367
"../../Plugins/Editor/SpeedTreeImporter/Content/SpeedTree9/Empty.uasset" 3368
"../../Plugins/Editor/SpeedTreeImporter/Content/SpeedTree9/EmptyNormal.uasset" 3369
"../../Plugins/Editor/SpeedTreeImporter/Content/SpeedTree9/game_wind_noise.uasset" 3370
"/SpeedTreeImporter/SpeedTree9/SpeedTreeBillboardMaster" 3371
"../../Plugins/Editor/SpeedTreeImporter/Content/SpeedTree9/SpeedTreeBillboardMaster.uasset" 3372
"../../Plugins/Editor/SpeedTreeImporter/Content/SpeedTree9/SpeedTreeBillboard.uasset" 3373
"/MediaPlate/SM_MediaPlateScreen" 3374
"../../Plugins/Media/MediaPlate/Content/SM_MediaPlateScreen.uasset" 3375
"/Engine/BasicShapes/BasicShapeMaterial" 3376
"../../../Engine/Content/BasicShapes/BasicShapeMaterial.uasset" 3377
"/Engine/EditorMaterials/Dataflow/DataflowVertexMaterial" 3378
"../../../Engine/Content/EditorMaterials/Dataflow/DataflowVertexMaterial.uasset" 3379
"/Engine/EditorMaterials/Dataflow/DataflowTwoSidedVertexMaterial" 3380
"../../../Engine/Content/EditorMaterials/Dataflow/DataflowTwoSidedVertexMaterial.uasset" 3381
"/Engine/EditorLandscapeResources/LayerVisMaterial" 3382
"../../../Engine/Content/EditorLandscapeResources/LayerVisMaterial.uasset" 3383
"../../../Engine/Content/EditorLandscapeResources/WhiteSquareTexture.uasset" 3384
"/Engine/EditorLandscapeResources/SelectBrushMaterial_Selected" 3385
"../../../Engine/Content/EditorLandscapeResources/SelectBrushMaterial_Selected.uasset" 3386
"../../../Engine/Content/EditorLandscapeResources/SelectBrushMaterial.uasset" 3387
"../../../Engine/Content/Functions/Engine_MaterialFunctions03/Math/WithinRangeFloat2.uasset" 3388
"../../../Engine/Content/EditorLandscapeResources/DefaultAlphaTexture.uasset" 3389
"/Engine/EditorLandscapeResources/SelectBrushMaterial_SelectedRegion" 3390
"../../../Engine/Content/EditorLandscapeResources/SelectBrushMaterial_SelectedRegion.uasset" 3391
"/Engine/EditorLandscapeResources/MaskBrushMaterial_MaskedRegion" 3392
"../../../Engine/Content/EditorLandscapeResources/MaskBrushMaterial_MaskedRegion.uasset" 3393
"../../../Engine/Content/EditorLandscapeResources/MaskBrushMaterial.uasset" 3394
"/Engine/EditorLandscapeResources/ColorMaskBrushMaterial_MaskedRegion" 3395
"../../../Engine/Content/EditorLandscapeResources/ColorMaskBrushMaterial_MaskedRegion.uasset" 3396
"../../../Engine/Content/EditorLandscapeResources/ColorMaskBrushMaterial.uasset" 3397
"/Engine/EditorLandscapeResources/LandscapeDirtyMaterial" 3398
"../../../Engine/Content/EditorLandscapeResources/LandscapeDirtyMaterial.uasset" 3399
"/Engine/EditorLandscapeResources/LandscapeLayerUsageMaterial" 3400
"../../../Engine/Content/EditorLandscapeResources/LandscapeLayerUsageMaterial.uasset" 3401
"../../../Engine/Content/Functions/Engine_MaterialFunctions01/Debug/DebugIntValues.uasset" 3402
"../../../Engine/Content/Functions/Engine_MaterialFunctions01/Texturing/ScaleUVsByCenter.uasset" 3403
"../../../Engine/Content/Functions/Engine_MaterialFunctions02/WorldPositionOffset/LocalPosition.uasset" 3404
"../../../Engine/Content/Functions/Engine_MaterialFunctions01/Texturing/TextureCropping.uasset" 3405
"../../../Engine/Content/Functions/Engine_MaterialFunctions02/ExampleContent/DebugNumberStrip.uasset" 3406
"C:/Users/marco/AppData/Local/UnrealEngine/Editor/UInteractiveToolsPresetCollectionAsset_DefaultCollection.json" 3407
"/Engine/EngineMaterials/NaniteHiddenSectionMaterial" 3408
"../../../Engine/Content/EngineMaterials/NaniteHiddenSectionMaterial.uasset" 3409
"/Engine/EngineMaterials/RemoveSurfaceMaterial" 3410
"../../../Engine/Content/EngineMaterials/RemoveSurfaceMaterial.uasset" 3411
"/Engine/EngineDebugMaterials/DebugMeshMaterial" 3412
"../../../Engine/Content/EngineDebugMaterials/DebugMeshMaterial.uasset" 3413
"/Engine/EngineMaterials/EmissiveMeshMaterial" 3414
"../../../Engine/Content/EngineMaterials/EmissiveMeshMaterial.uasset" 3415
"../../../Engine/Content/EngineMaterials/DefaultWhiteGrid_Low.uasset" 3416
"/Engine/EngineMaterials/M_InvalidLightmapSettings" 3417
"../../../Engine/Content/EngineMaterials/M_InvalidLightmapSettings.uasset" 3418
"../../../Engine/Content/EngineMaterials/InvalidLightmapSettings.uasset" 3419
"/Engine/EngineMaterials/GizmoMaterial" 3420
"../../../Engine/Content/EngineMaterials/GizmoMaterial.uasset" 3421
"/Engine/EngineMaterials/PhAT_JointLimitMaterial" 3422
"../../../Engine/Content/EngineMaterials/PhAT_JointLimitMaterial.uasset" 3423
"/Engine/EngineMaterials/FlattenMaterial" 3424
"../../../Engine/Content/EngineMaterials/FlattenMaterial.uasset" 3425
"../../../Engine/Content/EngineMaterials/BaseFlattenDiffuseMap.uasset" 3426
"../../../Engine/Content/EngineMaterials/BaseFlattenEmissiveMap.uasset" 3427
"../../../Engine/Content/EngineMaterials/BaseFlattenGrayscaleMap.uasset" 3428
"../../../Engine/Content/EngineMaterials/BaseFlattenLinearColor.uasset" 3429
"../../../Engine/Content/EngineMaterials/BaseFlattenNormalMap.uasset" 3430
"../../../Engine/Content/Functions/Engine_MaterialFunctions02/PivotPainter2/Black_1x1_EXR_Texture.uasset" 3431
"/Engine/EngineMaterials/FlattenMaterial_VT" 3432
"../../../Engine/Content/EngineMaterials/FlattenMaterial_VT.uasset" 3433
"../../../Engine/Content/EngineMaterials/BaseFlattenDiffuseMap_VT.uasset" 3434
"../../../Engine/Content/EngineMaterials/BaseFlattenEmissiveMap_VT.uasset" 3435
"../../../Engine/Content/EngineMaterials/BaseFlattenGrayscaleMap_VT.uasset" 3436
"../../../Engine/Content/EngineMaterials/BaseFlattenLinearColor_VT.uasset" 3437
"../../../Engine/Content/EngineMaterials/BaseFlattenNormalMap_VT.uasset" 3438
"../../../Engine/Content/EngineMaterials/Black_1x1_EXR_Texture_VT.uasset" 3439
"/Engine/EngineMaterials/FlattenMaterial_WS_Normal_VT" 3440
"../../../Engine/Content/EngineMaterials/FlattenMaterial_WS_Normal_VT.uasset" 3441
"/Engine/EngineMaterials/Good64x64TilingNoiseHighFreq" 3442
"../../../Engine/Content/EngineMaterials/Good64x64TilingNoiseHighFreq.uasset" 3443
"/Engine/EngineMaterials/DefaultBokeh" 3444
"../../../Engine/Content/EngineMaterials/DefaultBokeh.uasset" 3445
"/Engine/EngineMaterials/MiniFont" 3446
"../../../Engine/Content/EngineMaterials/MiniFont.uasset" 3447
"/Engine/EngineMaterials/WeightMapPlaceholderTexture" 3448
"../../../Engine/Content/EngineMaterials/WeightMapPlaceholderTexture.uasset" 3449
"/Engine/EngineMaterials/WeightMapArrayPlaceholderTexture" 3450
"../../../Engine/Content/EngineMaterials/WeightMapArrayPlaceholderTexture.uasset" 3451
"/Engine/EngineMaterials/DefaultWhiteGrid" 3452
"../../../Engine/Content/EngineMaterials/DefaultWhiteGrid.uasset" 3453
"/Engine/EngineMaterials/PreintegratedSkinBRDF" 3454
"../../../Engine/Content/EngineMaterials/PreintegratedSkinBRDF.uasset" 3455
"/Engine/EngineMaterials/LTC/GGX_LTCAmp" 3456
"../../../Engine/Content/EngineMaterials/LTC/GGX_LTCAmp.uasset" 3457
"/Engine/EngineMaterials/LTC/GGX_LTCMat" 3458
"../../../Engine/Content/EngineMaterials/LTC/GGX_LTCMat.uasset" 3459
"/Engine/EngineMaterials/EnergyConservation/GGX_ReflectionEnergy" 3460
"../../../Engine/Content/EngineMaterials/EnergyConservation/GGX_ReflectionEnergy.uasset" 3461
"/Engine/EngineMaterials/EnergyConservation/GGX_TransmissionEnergyArray" 3462
"../../../Engine/Content/EngineMaterials/EnergyConservation/GGX_TransmissionEnergyArray.uasset" 3463
"/Engine/EngineMaterials/EnergyConservation/SheenLegacy_Energy" 3464
"../../../Engine/Content/EngineMaterials/EnergyConservation/SheenLegacy_Energy.uasset" 3465
"/Engine/EngineMaterials/DefaultPhysicalMaterial" 3466
"../../../Engine/Content/EngineMaterials/DefaultPhysicalMaterial.uasset" 3467
"/Engine/EngineMaterials/DefaultDestructiblePhysicalMaterial" 3468
"../../../Engine/Content/EngineMaterials/DefaultDestructiblePhysicalMaterial.uasset" 3469
"C:/Users/marco/AppData/Local/UnrealEngine/Editor/ProjectEditorRecords.json" 3470
"/Niagara/ParameterDefinitions/SpriteRenderer" 3471
"../../Plugins/FX/Niagara/Content/ParameterDefinitions/SpriteRenderer.uasset" 3472
"/Niagara/ParameterDefinitions/RibbonRenderer" 3473
"../../Plugins/FX/Niagara/Content/ParameterDefinitions/RibbonRenderer.uasset" 3474
"/Niagara/ParameterDefinitions/MeshRenderer" 3475
"../../Plugins/FX/Niagara/Content/ParameterDefinitions/MeshRenderer.uasset" 3476
"/Niagara/ParameterDefinitions/LightRenderer" 3477
"../../Plugins/FX/Niagara/Content/ParameterDefinitions/LightRenderer.uasset" 3478
"/Niagara/ParameterDefinitions/DecalRenderer" 3479
"../../Plugins/FX/Niagara/Content/ParameterDefinitions/DecalRenderer.uasset" 3480
"/Niagara/ParameterDefinitions/CoreParameters" 3481
"../../Plugins/FX/Niagara/Content/ParameterDefinitions/CoreParameters.uasset" 3482
"/DeformerGraph/Deformers/DG_LinearBlendSkin_Morph_Cloth" 3483
"../../Plugins/Animation/DeformerGraph/Content/Deformers/DG_LinearBlendSkin_Morph_Cloth.uasset" 3484
"../../Plugins/Animation/DeformerGraph/Content/DeformerFunctions/DG_Function_LinearBlendSkin_Morph_Cloth.uasset" 3485
"/DeformerGraph/Deformers/DG_LinearBlendSkin_Morph_Cloth_RecomputeNormals" 3486
"../../Plugins/Animation/DeformerGraph/Content/Deformers/DG_LinearBlendSkin_Morph_Cloth_RecomputeNormals.uasset" 3487
"../../Plugins/Animation/DeformerGraph/Content/DeformerFunctions/DG_Function_ComputeNormalsTangents.uasset" 3488
"../../Plugins/Animation/DeformerGraph/Content/DeformerFunctions/DG_Function_LinearBlendSkin_Morph_Cloth_PositionOnly.uasset" 3489
"/Engine/BasicShapes/Sphere" 3490
"../../../Engine/Content/BasicShapes/Sphere.uasset" 3491
"../../../Engine/Content/EngineMaterials/DefaultMaterial.uasset" 3492
"/Engine/BasicShapes/Cylinder" 3493
"../../../Engine/Content/BasicShapes/Cylinder.uasset" 3494
"/Engine/BasicShapes/Cone" 3495
"../../../Engine/Content/BasicShapes/Cone.uasset" 3496
"/Engine/BasicShapes/Plane" 3497
"../../../Engine/Content/BasicShapes/Plane.uasset" 3498
"/Engine/EngineFonts/DroidSansMono" 3499
"../../../Engine/Content/EngineFonts/DroidSansMono.uasset" 3500
"../../../Engine/Content/EngineFonts/Faces/DroidSansMono.uasset" 3501
"../../../Engine/Documentation/Source/Shared/Types/ABrush/ABrush.INT.udn" 3502
"../../../Engine/Content/Internationalization/icudt64l/brkitr/en_US.res" 3503
"../../../Engine/Content/Internationalization/icudt64l/brkitr/en.res" 3504
"../../../Engine/Content/Internationalization/icudt64l/brkitr/root.res" 3505
"../../../Engine/Content/Internationalization/icudt64l/brkitr/char.brk" 3506
"../../../Engine/Content/Internationalization/icudt64l/brkitr/word.brk" 3507
"/Engine/EditorResources/SequenceRecorder/Countdown" 3508
"../../../Engine/Content/EditorResources/SequenceRecorder/Countdown.uasset" 3509
"/Engine/EditorResources/SequenceRecorder/RecordingIndicator" 3510
"../../../Engine/Content/EditorResources/SequenceRecorder/RecordingIndicator.uasset" 3511
"/Engine/EditorMaterials/PhAT_UnselectedMaterial" 3512
"../../../Engine/Content/EditorMaterials/PhAT_UnselectedMaterial.uasset" 3513
"/Engine/EditorMaterials/PhAT_NoCollisionMaterial" 3514
"../../../Engine/Content/EditorMaterials/PhAT_NoCollisionMaterial.uasset" 3515
"/Engine/EditorResources/S_Terrain" 3516
"../../../Engine/Content/EditorResources/S_Terrain.uasset" 3517
"../../../Engine/Plugins/FX/Niagara/Shaders/Private/NiagaraDataInterfaceTexture2DArrayTemplate.ush" 3518
"../../../Engine/Plugins/FX/Niagara/Shaders/Private/NiagaraDataInterfaceActorComponentTemplate.ush" 3519
"../../../Engine/Plugins/FX/Niagara/Shaders/Private/NiagaraDataInterfaceArrayTemplate.ush" 3520
"../../../Engine/Plugins/FX/Niagara/Shaders/Private/NiagaraDataInterfaceArrayRWTemplate.ush" 3521
"../../../Engine/Plugins/FX/Niagara/Shaders/Private/NiagaraDataInterfaceAsyncGpuTrace.ush" 3522
"../../../Engine/Plugins/FX/Niagara/Shaders/Private/NiagaraDataInterfaceAsyncGpuTraceTemplate.ush" 3523
"../../../Engine/Plugins/FX/Niagara/Shaders/Private/NiagaraDataInterfaceCamera.ush" 3524
"../../../Engine/Plugins/Experimental/ChaosNiagara/Shaders/NiagaraDataInterfaceChaosDestruction.ush" 3525
"../../../Engine/Plugins/FX/Niagara/Shaders/Private/NiagaraDataInterfaceCollisionQuery.ush" 3526
"C:/Users/marco/Documents/Unreal Projects/Propulsive_Momentum/Intermediate/ShaderAutogen/PCD3D_SM5/AutogenShaderHeaders.ush" 3527
"../../../Engine/Plugins/FX/Niagara/Shaders/Private/NiagaraDataInterfaceCollisionQueryTemplate.ush" 3528
"../../../Engine/Plugins/FX/Niagara/Shaders/Private/NiagaraDataInterfaceCurveTemplate.ush" 3529
"../../../Engine/Plugins/FX/Niagara/Shaders/Private/NiagaraDataInterfaceCubeTextureTemplate.ush" 3530
"../../../Engine/Plugins/FX/Niagara/Shaders/Private/DataChannel/NiagaraDataInterfaceDataChannelCommon.ush" 3531
"../../../Engine/Plugins/FX/Niagara/Shaders/Private/DataChannel/NiagaraDataInterfaceDataChannelTemplateCommon.ush" 3532
"../../../Engine/Plugins/FX/Niagara/Shaders/Private/DataChannel/NiagaraDataInterfaceDataChannelTemplateReadCommon.ush" 3533
"../../../Engine/Plugins/FX/Niagara/Shaders/Private/DataChannel/NiagaraDataInterfaceDataChannelTemplate_Read.ush" 3534
"../../../Engine/Plugins/FX/Niagara/Shaders/Private/DataChannel/NiagaraDataInterfaceDataChannelTemplate_Consume.ush" 3535
"../../../Engine/Plugins/FX/Niagara/Shaders/Private/DataChannel/NiagaraDataInterfaceDataChannelTemplateWriteCommon.ush" 3536
"../../../Engine/Plugins/FX/Niagara/Shaders/Private/DataChannel/NiagaraDataInterfaceDataChannelTemplate_Append.ush" 3537
"../../../Engine/Plugins/FX/Niagara/Shaders/Private/NiagaraDataInterfaceDataTableTemplate.ush" 3538
"../../../Engine/Plugins/FX/Niagara/Shaders/Private/NiagaraDataInterfaceDebugDraw.ush" 3539
"../../../Engine/Plugins/FX/Niagara/Shaders/Private/NiagaraDataInterfaceDebugDrawTemplate.ush" 3540
"../../../Engine/Plugins/FX/Niagara/Shaders/Private/NiagaraDataInterfaceDynamicMeshTemplate.ush" 3541
"../../../Engine/Plugins/FX/Niagara/Shaders/Private/NiagaraDataInterfaceEmitterPropertiesTemplate.ush" 3542
"../../../Engine/Plugins/FX/Niagara/Shaders/Private/NiagaraDataInterfaceExportTemplate.ush" 3543
"../../../Engine/Plugins/FX/Niagara/Shaders/Private/NiagaraDataInterfaceGBufferTemplate.ush" 3544
"../../../Engine/Plugins/Experimental/ChaosNiagara/Shaders/NiagaraDataInterfaceGeometryCollection.ush" 3545
"../../../Engine/Plugins/FX/Niagara/Shaders/Private/NiagaraTransformUtils.ush" 3546
"../../../Engine/Plugins/Runtime/HairStrands/Shaders/Private/NiagaraStrandsExternalForce.ush" 3547
"../../../Engine/Plugins/Runtime/HairStrands/Shaders/Private/NiagaraHookeSpringMaterial.ush" 3548
"../../../Engine/Plugins/Runtime/HairStrands/Shaders/Private/NiagaraAngularSpringMaterial.ush" 3549
"../../../Engine/Plugins/Runtime/HairStrands/Shaders/Private/NiagaraConstantVolumeMaterial.ush" 3550
"../../../Engine/Plugins/Runtime/HairStrands/Shaders/Private/NiagaraCosseratRodMaterial.ush" 3551
"../../../Engine/Plugins/Runtime/HairStrands/Shaders/Private/NiagaraStaticCollisionConstraint.ush" 3552
"../../../Engine/Plugins/Runtime/HairStrands/Shaders/Private/NiagaraDataInterfaceHairStrands.ush" 3553
"../../../Engine/Plugins/Runtime/HairStrands/Shaders/Private/NiagaraDataInterfaceHairStrandsTemplate.ush" 3554
"../../../Engine/Plugins/FX/Niagara/Shaders/Private/NiagaraDataInterfaceIntRenderTarget2D.ush" 3555
"../../../Engine/Plugins/FX/Niagara/Shaders/Private/NiagaraDataInterfaceLandscape.ush" 3556
"../../../Engine/Plugins/FX/Niagara/Shaders/Private/NiagaraDataInterfaceMemoryBufferTemplate.ush" 3557
"../../../Engine/Plugins/FX/Niagara/Shaders/Private/NiagaraDataInterfaceMeshRendererInfoTemplate.ush" 3558
"../../../Engine/Plugins/FX/Niagara/Shaders/Private/NiagaraDataInterfaceOcclusion.ush" 3559
"../../../Engine/Plugins/FX/Niagara/Shaders/Private/NiagaraDataInterfacePhysicsAsset.ush" 3560
"../../../Engine/Plugins/Experimental/ChaosNiagara/Shaders/NiagaraDataInterfacePhysicsField.ush" 3561
"../../../Engine/Plugins/FX/Niagara/Shaders/Private/NiagaraDataInterfacePlatformSetTemplate.ush" 3562
"../../../Engine/Plugins/Runtime/HairStrands/Shaders/Private/NiagaraDataInterfaceVelocityGrid.ush" 3563
"../../../Engine/Plugins/Runtime/HairStrands/Shaders/Private/NiagaraDataInterfaceVelocityGridTemplate.ush" 3564
"../../../Engine/Plugins/Runtime/HairStrands/Shaders/Private/NiagaraDataInterfacePressureGrid.ush" 3565
"../../../Engine/Plugins/Runtime/HairStrands/Shaders/Private/NiagaraDataInterfacePressureGridTemplate.ush" 3566
"../../../Engine/Plugins/FX/Niagara/Shaders/Private/NiagaraDataInterfaceRenderTarget2DTemplate.ush" 3567
"../../../Engine/Plugins/FX/Niagara/Shaders/Private/NiagaraDataInterfaceRenderTarget2DArrayTemplate.ush" 3568
"../../../Engine/Plugins/FX/Niagara/Shaders/Private/NiagaraDataInterfaceRenderTargetCubeTemplate.ush" 3569
"../../../Engine/Plugins/FX/Niagara/Shaders/Private/NiagaraDataInterfaceRenderTargetVolumeTemplate.ush" 3570
"../../../Engine/Plugins/FX/Niagara/Shaders/Private/NiagaraDataInterfaceRigidMeshCollisionQuery.ush" 3571
"../../../Engine/Plugins/FX/Niagara/Shaders/Private/NiagaraDistanceFieldQueries.ush" 3572
"../../../Engine/Plugins/FX/Niagara/Shaders/Private/NiagaraDataInterfaceSceneCapture2DTemplate.ush" 3573
"../../../Engine/Plugins/FX/Niagara/Shaders/Private/NiagaraDataInterfaceSimCacheReaderTemplate.ush" 3574
"../../../Engine/Plugins/FX/Niagara/Shaders/Private/NiagaraDataInterfaceSimpleCounterTemplate.ush" 3575
"../../../Engine/Plugins/FX/Niagara/Shaders/Private/NiagaraDataInterfaceSkeletalMesh.ush" 3576
"../../../Engine/Plugins/FX/Niagara/Shaders/Private/NiagaraBaryCentricUtils.ush" 3577
"../../../Engine/Plugins/FX/Niagara/Shaders/Private/NiagaraDataInterfaceSkeletalMeshTemplate.ush" 3578
"../../../Engine/Plugins/FX/Niagara/Shaders/Private/NiagaraDataInterfaceSocketReaderTemplate.ush" 3579
"../../../Engine/Plugins/FX/Niagara/Shaders/Private/NiagaraDataInterfaceSparseVolumeTextureTemplate.ush" 3580
"../../../Engine/Plugins/FX/Niagara/Shaders/Private/NiagaraDataInterfaceSplineTemplate.ush" 3581
"../../../Engine/Plugins/FX/Niagara/Shaders/Private/NiagaraDataInterfaceSpriteRendererInfoTemplate.ush" 3582
"../../../Engine/Plugins/FX/Niagara/Shaders/Private/NiagaraDataInterfaceStaticMeshTemplate.ush" 3583
"../../../Engine/Plugins/FX/Niagara/Shaders/Private/NiagaraDataInterfaceTextureTemplate.ush" 3584
"../../../Engine/Plugins/FX/Niagara/Shaders/Private/NiagaraDataInterfaceVirtualTexture.ush" 3585
"../../../Engine/Plugins/FX/Niagara/Shaders/Private/NiagaraDataInterfaceVirtualTextureTemplate.ush" 3586
"../../../Engine/Plugins/FX/Niagara/Shaders/Private/NiagaraDataInterfaceVolumeCache.ush" 3587
"../../../Engine/Plugins/FX/Niagara/Shaders/Private/NiagaraDataInterfaceVolumeTextureTemplate.ush" 3588
"../../../Engine/Content/EngineSounds/Submixes/MasterEQEffectPreset.uasset" 3589
"C:/Users/marco/Documents/Unreal Projects/Propulsive_Momentum/Content/__Benjamin_Folder/BP_Checkpoint.uasset" 3590
"../../../Engine/Content/EngineSounds/Submixes/MasterEQSubmixDefault.uasset" 3591
"C:/Users/marco/Documents/Unreal Projects/Propulsive_Momentum/Content/_Materials/M_Checkpoint.uasset" 3592
"C:/Users/marco/Documents/Unreal Projects/Propulsive_Momentum/Content/__Benjamin_Folder/Spike.uasset" 3593
"C:/Users/marco/Documents/Unreal Projects/Propulsive_Momentum/Content/__Benjamin_Folder/standardSurface1.uasset" 3594
"C:/Users/marco/Documents/Unreal Projects/Propulsive_Momentum/Content/_Blueprints/BP_GravityZone.uasset" 3595
"C:/Users/marco/Documents/Unreal Projects/Propulsive_Momentum/Content/_Blueprints/BP_LogSpawner.uasset" 3596
"../../../Engine/Content/EngineSounds/Submixes/MasterReverbSubmixDefault.uasset" 3597
"/Engine/EngineSounds/Submixes/MasterEQEffectPreset" 3598
"../../../Engine/Content/EngineSounds/Submixes/MasterReverbEffectPreset.uasset" 3599
"C:/Users/marco/Documents/Unreal Projects/Propulsive_Momentum/Content/_Blueprints/BP_RollingLog.uasset" 3600
"C:/Users/marco/Documents/Unreal Projects/Propulsive_Momentum/Content/_Materials/M_RedClear.uasset" 3601
"C:/Users/marco/Documents/Unreal Projects/Propulsive_Momentum/Content/LevelPrototyping/Materials/MI_DefaultColorway.uasset" 3602
"C:/Users/marco/Documents/Unreal Projects/Propulsive_Momentum/Content/Input/Actions/IA_Look.uasset" 3603
"C:/Users/marco/Documents/Unreal Projects/Propulsive_Momentum/Content/Input/Actions/IA_Jetpack.uasset" 3604
"C:/Users/marco/Documents/Unreal Projects/Propulsive_Momentum/Content/Input/Actions/IA_Pause.uasset" 3605
"C:/Users/marco/Documents/Unreal Projects/Propulsive_Momentum/Content/__Benjamin_Folder/BP_SpawnPoint.uasset" 3606
"../../../Engine/Content/EngineSounds/Submixes/MasterSubmixDefault.uasset" 3607
"C:/Users/marco/Documents/Unreal Projects/Propulsive_Momentum/Content/__Benjamin_Folder/BP_GameInstance.uasset" 3608
"C:/Users/marco/Documents/Unreal Projects/Propulsive_Momentum/Content/Input/Actions/IA_Dive.uasset" 3609
"C:/Users/marco/Documents/Unreal Projects/Propulsive_Momentum/Content/_Materials/PlayerMaterials/M_White.uasset" 3610
"C:/Users/marco/Documents/Unreal Projects/Propulsive_Momentum/Content/LevelPrototyping/Materials/M_FlatCol.uasset" 3611
"C:/Users/marco/Documents/Unreal Projects/Propulsive_Momentum/Content/LevelPrototyping/Meshes/SM_ChamferCube.uasset" 3612
"C:/Users/marco/Documents/Unreal Projects/Propulsive_Momentum/Content/_UI/WB_ToolTip.uasset" 3613
"C:/Users/marco/Documents/Unreal Projects/Propulsive_Momentum/Content/Input/Actions/IA_RightClick.uasset" 3614
"C:/Users/marco/Documents/Unreal Projects/Propulsive_Momentum/Content/_Materials/M_endportal.uasset" 3615
"C:/Users/marco/Documents/Unreal Projects/Propulsive_Momentum/Content/Input/Actions/IA_Move.uasset" 3616
"C:/Users/marco/Documents/Unreal Projects/Propulsive_Momentum/Content/__Benjamin_Folder/BP_KillVolume.uasset" 3617
"C:/Users/marco/Documents/Unreal Projects/Propulsive_Momentum/Content/_Blueprints/BP_EndLevel.uasset" 3618
"C:/Users/marco/Documents/Unreal Projects/Propulsive_Momentum/Content/Input/Actions/IA_MouseLook.uasset" 3619
"C:/Users/marco/Documents/Unreal Projects/Propulsive_Momentum/Content/__Benjamin_Folder/WB_GameOver.uasset" 3620
"C:/Users/marco/Documents/Unreal Projects/Propulsive_Momentum/Content/__Benjamin_Folder/BP_Spike.uasset" 3621
"../../../Engine/Content/Functions/Engine_MaterialFunctions02/Utility/DitherTemporalAA.uasset" 3622
"/Engine/EngineSounds/Submixes/MasterReverbEffectPreset" 3623
"/Engine/EngineSounds/Submixes/MasterEQSubmixDefault" 3624
"/Game/_Materials/M_Checkpoint" 3625
"/Game/_Materials/M_RedClear" 3626
"/Game/__Benjamin_Folder/BP_KillVolume" 3627
"C:/Users/marco/Documents/Unreal Projects/Propulsive_Momentum/Content/__Benjamin_Folder/AC_Health.uasset" 3628
"/Game/__Benjamin_Folder/standardSurface1" 3629
"/Game/__Benjamin_Folder/Spike" 3630
"/Game/__Benjamin_Folder/BP_Spike" 3631
"../../../Engine/Content/EditorBlueprintResources/StandardMacros.uasset" 3632
"C:/Users/marco/Documents/Unreal Projects/Propulsive_Momentum/Content/_Materials/PlayerMaterials/M_Red.uasset" 3633
"/Game/_Materials/M_endportal" 3634
"/Game/_Blueprints/BP_EndLevel" 3635
"C:/Users/marco/Documents/Unreal Projects/Propulsive_Momentum/Content/_Blueprints/BP_Hero.uasset" 3636
"C:/Users/marco/Documents/Unreal Projects/Propulsive_Momentum/Content/__Marco_Folder/CS_Charge.uasset" 3637
"C:/Users/marco/Documents/Unreal Projects/Propulsive_Momentum/Content/_Blueprints/CV_ChargeVelocity.uasset" 3638
"C:/Users/marco/Documents/Unreal Projects/Propulsive_Momentum/Content/Input/Actions/IA_Charge.uasset" 3639
"C:/Users/marco/Documents/Unreal Projects/Propulsive_Momentum/Content/_Materials/PlayerMaterials/M_Grey.uasset" 3640
"C:/Users/marco/Documents/Unreal Projects/Propulsive_Momentum/Content/_Blueprints/RearViewMirror/RearViewMirror.uasset" 3641
"C:/Users/marco/Documents/Unreal Projects/Propulsive_Momentum/Content/_UI/WB_Aim.uasset" 3642
"C:/Users/marco/Documents/Unreal Projects/Propulsive_Momentum/Content/_UI/WB_Charge.uasset" 3643
"C:/Users/marco/Documents/Unreal Projects/Propulsive_Momentum/Content/_UI/WB_Controls_Etc.uasset" 3644
"C:/Users/marco/Documents/Unreal Projects/Propulsive_Momentum/Content/_UI/WB_Jetpack.uasset" 3645
"C:/Users/marco/Documents/Unreal Projects/Propulsive_Momentum/Content/_UI/WB_Lives.uasset" 3646
"C:/Users/marco/Documents/Unreal Projects/Propulsive_Momentum/Content/_UI/WB_PauseMenu.uasset" 3647
"C:/Users/marco/Documents/Unreal Projects/Propulsive_Momentum/Content/_UI/WB_RearViewMirror.uasset" 3648
"C:/Users/marco/Documents/Unreal Projects/Propulsive_Momentum/Content/_UI/WB_Timer.uasset" 3649
"../../../Engine/Content/Functions/Engine_MaterialFunctions02/Texturing/ScreenAlignedPixelToPixelUVs.uasset" 3650
"C:/Users/marco/Documents/Unreal Projects/Propulsive_Momentum/Content/_UI/InteractDot.uasset" 3651
"C:/Users/marco/Documents/Unreal Projects/Propulsive_Momentum/Content/Input/Actions/IA_Toggle.uasset" 3652
"C:/Users/marco/Documents/Unreal Projects/Propulsive_Momentum/Content/_UI/Heart_Shape_PNG_Clipart-3166.uasset" 3653
"C:/Users/marco/Documents/Unreal Projects/Propulsive_Momentum/Content/_UI/WB_WinScreen.uasset" 3654
"/Game/_Blueprints/BP_GravityZone" 3655
"C:/Users/marco/Documents/Unreal Projects/Propulsive_Momentum/Content/_Materials/M_Gravity.uasset" 3656
"/Game/_Blueprints/BP_RollingLog" 3657
"/Game/_Blueprints/BP_LogSpawner" 3658
"/Game/_UI/WB_ToolTip" 3659
"C:/Users/marco/Documents/Unreal Projects/Propulsive_Momentum/Content/_Blueprints/BP_Tooltip.uasset" 3660
"../../../Engine/Content/EngineSky/VolumetricClouds/VT_Lightning.uasset" 3661
"../../../Engine/Content/Functions/Engine_MaterialFunctions01/Units/Km-to-Cm.uasset" 3662
"../../../Engine/Content/Functions/Engine_MaterialFunctions02/Utility/BreakOutFloat4Components.uasset" 3663
"../../../Engine/Content/Functions/Engine_MaterialFunctions02/Utility/MakeFloat4.uasset" 3664
"../../../Engine/Content/EngineSky/VolumetricClouds/VT_PerlinWorley_Balanced.uasset" 3665
"../../../Engine/Content/EngineSky/VolumetricClouds/T_CloudPattern.uasset" 3666
"../../../Engine/Content/EngineSky/VolumetricClouds/T_Profile_08.uasset" 3667
"../../../Engine/Content/EngineSky/M_SimpleSkyDome.uasset" 3668
"../../../Engine/Content/EngineSky/VolumetricClouds/m_SimpleVolumetricCloud_Inst.uasset" 3669
"C:/Users/marco/Documents/Unreal Projects/Propulsive_Momentum/Content/__Benjamin_Folder/M_Clear.uasset" 3670
"../../../Engine/Content/EngineSky/T_Sky_Clouds_M.uasset" 3671
"../../../Engine/Content/EngineSky/SM_SkySphere.uasset" 3672
"../../../Engine/Content/EngineSky/VolumetricClouds/T_CloudMask.uasset" 3673
"../../../Engine/Content/EngineSky/T_Sky_Stars.uasset" 3674
"C:/Users/marco/Documents/Unreal Projects/Propulsive_Momentum/Content/_Levels/TutorialLevel.umap" 3675
"../../../Engine/Content/EngineSky/T_Sky_Blue.uasset" 3676
"C:/Users/marco/Documents/Unreal Projects/Propulsive_Momentum/Content/Input/Touch/BPI_TouchInterface.uasset" 3677
"../../../Engine/Content/EngineSky/M_Sky_Panning_Clouds2.uasset" 3678
"../../../Engine/Content/EngineSky/VolumetricClouds/m_SimpleVolumetricCloud.uasset" 3679
"C:/Users/marco/Documents/Unreal Projects/Propulsive_Momentum/Content/_Blueprints/BP_Text_Hi.uasset" 3680
"C:/Users/marco/Documents/Unreal Projects/Propulsive_Momentum/Content/_Blueprints/BP_OutOfBounds.uasset" 3681
"C:/Users/marco/Documents/Unreal Projects/Propulsive_Momentum/Content/__Benjamin_Folder/BP_SafeKillVolume_.uasset" 3682
"C:/Users/marco/Documents/Unreal Projects/Propulsive_Momentum/Content/__Benjamin_Folder/BP_SafeSpike.uasset" 3683
"/Game/__Benjamin_Folder/BP_Checkpoint" 3684
"/Engine/Functions/Engine_MaterialFunctions01/Units/Km-to-Cm" 3685
"/Game/_Blueprints/BP_Tooltip" 3686
"C:/Users/marco/Documents/Unreal Projects/Propulsive_Momentum/Content/__ExternalActors__/_Levels/Level2/A/DY/O4XQQWYKJ19S8HFYCJ68T7.uasset" 3687
"C:/Users/marco/Documents/Unreal Projects/Propulsive_Momentum/Content/_Materials/M_CaveCeiling.uasset" 3688
"C:/Users/marco/Documents/Unreal Projects/Propulsive_Momentum/Content/_Materials/Grey_Tutorial.uasset" 3689
"C:/Users/marco/Documents/Unreal Projects/Propulsive_Momentum/Content/_Materials/M_YellowPaint.uasset" 3690
"C:/Users/marco/Documents/Unreal Projects/Propulsive_Momentum/Content/_Levels/Level1.umap" 3691
"C:/Users/marco/Documents/Unreal Projects/Propulsive_Momentum/Content/_Levels/Level_3.umap" 3692
"../../../Engine/Content/MobileResources/HUD/VirtualJoystick_Background.uasset" 3693
"/Engine/EngineSky/VolumetricClouds/T_CloudMask" 3694
"../../../Engine/Content/MobileResources/HUD/VirtualJoystick_Thumb.uasset" 3695
"C:/Users/marco/Documents/Unreal Projects/Propulsive_Momentum/Content/Input/Touch/UI_Thumbstick.uasset" 3696
"C:/Users/marco/Documents/Unreal Projects/Propulsive_Momentum/Content/Input/Touch/UI_TouchSimple.uasset" 3697
"/Engine/EngineSky/VolumetricClouds/m_SimpleVolumetricCloud" 3698
"/Engine/EngineSky/VolumetricClouds/T_CloudPattern" 3699
"/Engine/EngineSky/VolumetricClouds/T_Profile_08" 3700
"/Engine/EngineSky/VolumetricClouds/VT_PerlinWorley_Balanced" 3701
"/Engine/EngineSky/VolumetricClouds/m_SimpleVolumetricCloud_Inst" 3702
"/Engine/EngineSky/M_SimpleSkyDome" 3703
"/Engine/EngineSky/T_Sky_Blue" 3704
"/Engine/EngineSky/T_Sky_Clouds_M" 3705
"/Engine/EngineSky/T_Sky_Stars" 3706
"/Engine/EngineSky/M_Sky_Panning_Clouds2" 3707
"/Engine/EngineSky/SM_SkySphere" 3708
"/Game/_Levels/Level_3" 3709
"/Game/__Benjamin_Folder/M_Clear" 3710
"/Game/_Blueprints/BP_OutOfBounds" 3711
"/Game/_Materials/M_CaveCeiling" 3712
"/Game/_Materials/M_YellowPaint" 3713
"/Game/_Levels/Level1" 3714
"/Game/__Benjamin_Folder/BP_SafeKillVolume_" 3715
"/Game/__Benjamin_Folder/BP_SafeSpike" 3716
"/Game/_Blueprints/BP_Text_Hi" 3717
"/Game/_Materials/Grey_Tutorial" 3718
"/Game/_Levels/TutorialLevel" 3719
"/Game/__ExternalActors__/_Levels/Level2/A/DY/O4XQQWYKJ19S8HFYCJ68T7" 3720
"C:/Users/marco/Documents/Unreal Projects/Propulsive_Momentum/Content/_Levels/Level2.umap" 3721
"C:/Users/marco/Documents/Unreal Projects/Propulsive_Momentum/Content/ThirdPerson/Blueprints/BP_ThirdPersonGameMode.uasset" 3722
"C:/Users/marco/Documents/Unreal Projects/Propulsive_Momentum/Content/ThirdPerson/Blueprints/BP_ThirdPersonPlayerController.uasset" 3723
"C:/Users/marco/Documents/Unreal Projects/Propulsive_Momentum/Content/Input/IMC_Default.uasset" 3724
"C:/Users/marco/Documents/Unreal Projects/Propulsive_Momentum/Content/Input/IMC_MouseLook.uasset" 3725
"C:/Users/marco/Documents/Unreal Projects/Propulsive_Momentum/Content/Input/Actions/IA_Jump.uasset" 3726
"../../../Engine/Plugins/Interchange/Assets/Content/gltf/MaterialFunctions/MF_SpecularAnisotropy.uasset" 3727
"../../../Engine/Plugins/Interchange/Assets/Content/gltf/Textures/T_White_srgb.uasset" 3728
"../../../Engine/Plugins/Interchange/Assets/Content/gltf/MaterialFunctions/MF_MetallicRoughness.uasset" 3729
"../../../Engine/Plugins/Interchange/Assets/Content/gltf/MaterialBodies/MF_ClearCoat_Body.uasset" 3730
"../../../Engine/Plugins/Interchange/Assets/Content/gltf/MaterialFunctions/MF_ScaleNormal.uasset" 3731
"../../../Engine/Plugins/Interchange/Assets/Content/Functions/MF_IridescenceNoLUT.uasset" 3732
"../../../Engine/Plugins/Interchange/Assets/Content/gltf/MaterialFunctions/MF_Occlusion.uasset" 3733
"../../../Engine/Plugins/Interchange/Assets/Content/gltf/MaterialFunctions/MF_TransformUVs.uasset" 3734
"../../../Engine/Content/Functions/Engine_MaterialFunctions01/Texturing/FlattenNormal.uasset" 3735
"../../../Engine/Plugins/Interchange/Assets/Content/gltf/MaterialFunctions/MF_RotateV2.uasset" 3736
"../../../Engine/Plugins/Interchange/Assets/Content/gltf/MaterialFunctions/MF_IOR.uasset" 3737
"../../../Engine/Plugins/Interchange/Assets/Content/gltf/MaterialFunctions/MF_BaseColor.uasset" 3738
"../../../Engine/Plugins/Interchange/Assets/Content/gltf/Textures/T_Generic_N.uasset" 3739
"../../../Engine/Plugins/Interchange/Assets/Content/gltf/MaterialFunctions/MF_RotateNormals_TS.uasset" 3740
"../../../Engine/Plugins/Interchange/Assets/Content/gltf/MaterialFunctions/MF_Normals.uasset" 3741
"../../../Engine/Plugins/Interchange/Assets/Content/gltf/Textures/T_Anisotropy_Direction_Linear.uasset" 3742
"../../../Engine/Plugins/Interchange/Assets/Content/gltf/MaterialFunctions/MF_Clearcoat.uasset" 3743
"../../../Engine/Plugins/Interchange/Assets/Content/gltf/MaterialFunctions/MF_Iridescence.uasset" 3744
"../../../Engine/Content/Functions/Engine_MaterialFunctions03/Math/RemapValueRange.uasset" 3745
"../../../Engine/Plugins/Interchange/Assets/Content/gltf/MaterialFunctions/MF_Emissive.uasset" 3746
"../../../Engine/Plugins/Interchange/Assets/Content/gltf/Textures/T_White_Linear.uasset" 3747
"../../../Engine/Plugins/Interchange/Assets/Content/gltf/MaterialFunctions/MF_Specular.uasset" 3748
"../../../Engine/Plugins/Interchange/Assets/Content/gltf/MaterialInstances/MI_ClearCoat_Blend.uasset" 3749
"../../../Engine/Plugins/Interchange/Assets/Content/gltf/MaterialInstances/MI_ClearCoat_Opaque.uasset" 3750
"../../../Engine/Plugins/Interchange/Assets/Content/gltf/MaterialInstances/MI_ClearCoat_Opaque_DS.uasset" 3751
"../../../Engine/Plugins/Interchange/Assets/Content/gltf/MaterialInstances/MI_ClearCoat_Mask.uasset" 3752
"../../../Engine/Plugins/Interchange/Assets/Content/Functions/MF_Iridescence.uasset" 3753
"../../../Engine/Plugins/Interchange/Assets/Content/gltf/MaterialBodies/MF_Default_Body.uasset" 3754
"../../../Engine/Plugins/Interchange/Assets/Content/gltf/MaterialInstances/MI_ClearCoat_Blend_DS.uasset" 3755
"../../../Engine/Plugins/Interchange/Assets/Content/gltf/MaterialInstances/MI_ClearCoat_Mask_DS.uasset" 3756
"../../../Engine/Plugins/Interchange/Assets/Content/gltf/M_ClearCoat.uasset" 3757
"../../../Engine/Plugins/Interchange/Assets/Content/Utilities/New_LUT.uasset" 3758
"/InterchangeAssets/gltf/MaterialInstances/MI_ClearCoat_Blend" 3759
"/InterchangeAssets/gltf/MaterialInstances/MI_ClearCoat_Mask" 3760
"/InterchangeAssets/gltf/MaterialInstances/MI_ClearCoat_Opaque" 3761
"/InterchangeAssets/gltf/MaterialBodies/MF_Default_Body" 3762
"/InterchangeAssets/gltf/MaterialInstances/MI_ClearCoat_Blend_DS" 3763
"/InterchangeAssets/gltf/MaterialInstances/MI_ClearCoat_Mask_DS" 3764
"/InterchangeAssets/gltf/MaterialInstances/MI_ClearCoat_Opaque_DS" 3765
"../../../Engine/Plugins/Interchange/Assets/Content/gltf/MaterialFunctions/MF_Transmission.uasset" 3766
"../../../Engine/Plugins/Interchange/Assets/Content/gltf/MaterialInstances/MI_Default_Blend.uasset" 3767
"../../../Engine/Plugins/Interchange/Assets/Content/gltf/MaterialInstances/MI_Transmission.uasset" 3768
"../../../Engine/Plugins/Interchange/Assets/Content/gltf/MaterialInstances/MI_Default_Opaque.uasset" 3769
"../../../Engine/Plugins/Interchange/Assets/Content/gltf/MaterialInstances/MI_Sheen_Mask.uasset" 3770
"../../../Engine/Plugins/Interchange/Assets/Content/gltf/M_Transmission.uasset" 3771
"../../../Engine/Plugins/Interchange/Assets/Content/gltf/MaterialFunctions/MF_Sheen.uasset" 3772
"../../../Engine/Plugins/Interchange/Assets/Content/gltf/MaterialInstances/MI_Default_Mask_DS.uasset" 3773
"../../../Engine/Plugins/Interchange/Assets/Content/gltf/M_Sheen.uasset" 3774
"../../../Engine/Plugins/Interchange/Assets/Content/gltf/MaterialFunctions/MF_Temporal_Blur.uasset" 3775
"../../../Engine/Plugins/Interchange/Assets/Content/gltf/MaterialInstances/MI_Default_Mask.uasset" 3776
"../../../Engine/Plugins/Interchange/Assets/Content/gltf/MaterialInstances/MI_Sheen_Mask_DS.uasset" 3777
"../../../Engine/Plugins/Interchange/Assets/Content/gltf/MaterialInstances/MI_Sheen_Opaque_DS.uasset" 3778
"../../../Engine/Plugins/Interchange/Assets/Content/gltf/MaterialInstances/MI_Sheen_Blend.uasset" 3779
"../../../Engine/Plugins/Interchange/Assets/Content/gltf/MaterialInstances/MI_Default_Opaque_DS.uasset" 3780
"../../../Engine/Plugins/Interchange/Assets/Content/gltf/MaterialInstances/MI_Sheen_Opaque.uasset" 3781
"../../../Engine/Plugins/Interchange/Assets/Content/gltf/MaterialInstances/MI_Sheen_Blend_DS.uasset" 3782
"../../../Engine/Plugins/Interchange/Assets/Content/gltf/MaterialInstances/MI_Default_Blend_DS.uasset" 3783
"../../../Engine/Plugins/Interchange/Assets/Content/gltf/MaterialBodies/MF_Transmission_Body.uasset" 3784
"../../../Engine/Plugins/Interchange/Assets/Content/gltf/M_Default.uasset" 3785
"../../../Engine/Plugins/Interchange/Assets/Content/gltf/MaterialFunctions/MF_Fresnel_DS.uasset" 3786
"../../../Engine/Plugins/Interchange/Assets/Content/gltf/MaterialBodies/MF_Sheen_Body.uasset" 3787
"../../../Engine/Plugins/Interchange/Assets/Content/gltf/M_SpecularGlossiness.uasset" 3788
"../../../Engine/Content/Functions/Engine_MaterialFunctions02/Math/AddComponents.uasset" 3789
"../../../Engine/Plugins/Interchange/Assets/Content/gltf/MaterialInstances/MI_SpecularGlossiness_Opaque.uasset" 3790
"../../../Engine/Plugins/Interchange/Assets/Content/gltf/MaterialFunctions/MF_DiffuseSpecGloss.uasset" 3791
"../../../Engine/Plugins/Interchange/Assets/Content/gltf/MaterialBodies/MF_SpecularGlossiness_Body.uasset" 3792
"../../../Engine/Plugins/Interchange/Assets/Content/gltf/MaterialFunctions/MF_SpecGlossToMetalRoughness.uasset" 3793
"../../../Engine/Plugins/Interchange/Assets/Content/gltf/MaterialInstances/MI_SpecularGlossiness_Mask.uasset" 3794
"../../../Engine/Plugins/Interchange/Assets/Content/gltf/MaterialFunctions/MF_PerceivedBrightness.uasset" 3795
"../../../Engine/Plugins/Interchange/Assets/Content/gltf/MaterialInstances/MI_Transmission_DS.uasset" 3796
"../../../Engine/Plugins/Interchange/Assets/Content/gltf/MaterialFunctions/MF_MaxComponentValue.uasset" 3797
"/Engine/EditorResources/EmptyActor" 3798
"../../../Engine/Content/EditorResources/EmptyActor.uasset" 3799
"/Engine/EditorResources/LightIcons/S_LightError" 3800
"../../../Engine/Content/EditorResources/LightIcons/S_LightError.uasset" 3801
"/Game/__ExternalActors__/_Levels/Level2/0/0J/NO2ASOWGC3NUOQGH904M41" 3802
"C:/Users/marco/Documents/Unreal Projects/Propulsive_Momentum/Content/__ExternalActors__/_Levels/Level2/0/0J/NO2ASOWGC3NUOQGH904M41.uasset" 3803
"/Game/__ExternalActors__/_Levels/Level2/0/2T/E2NXBKDP2MN26P4TA7NY33" 3804
"C:/Users/marco/Documents/Unreal Projects/Propulsive_Momentum/Content/__ExternalActors__/_Levels/Level2/0/2T/E2NXBKDP2MN26P4TA7NY33.uasset" 3805
"/Game/__ExternalActors__/_Levels/Level2/0/3I/IN542B8JI2EQMJ7H2W83QV" 3806
"C:/Users/marco/Documents/Unreal Projects/Propulsive_Momentum/Content/__ExternalActors__/_Levels/Level2/0/3I/IN542B8JI2EQMJ7H2W83QV.uasset" 3807
"/Game/__ExternalActors__/_Levels/Level2/0/3Q/2LR6FL2E9EECALMZ9U37PF" 3808
"C:/Users/marco/Documents/Unreal Projects/Propulsive_Momentum/Content/__ExternalActors__/_Levels/Level2/0/3Q/2LR6FL2E9EECALMZ9U37PF.uasset" 3809
"/Game/__ExternalActors__/_Levels/Level2/0/4Q/A4EKKSD513VA392PLGM1GD" 3810
"C:/Users/marco/Documents/Unreal Projects/Propulsive_Momentum/Content/__ExternalActors__/_Levels/Level2/0/4Q/A4EKKSD513VA392PLGM1GD.uasset" 3811
"/Game/__ExternalActors__/_Levels/Level2/0/73/RP8QQ995W35YA8LDRUOBU1" 3812
"C:/Users/marco/Documents/Unreal Projects/Propulsive_Momentum/Content/__ExternalActors__/_Levels/Level2/0/73/RP8QQ995W35YA8LDRUOBU1.uasset" 3813
"/Game/__ExternalActors__/_Levels/Level2/0/C1/7IS07FTPDIZWNV2WVCAP52" 3814
"C:/Users/marco/Documents/Unreal Projects/Propulsive_Momentum/Content/__ExternalActors__/_Levels/Level2/0/C1/7IS07FTPDIZWNV2WVCAP52.uasset" 3815
"/Game/__ExternalActors__/_Levels/Level2/0/C4/Q86A6MUEAE2PZLG1110HAN" 3816
"C:/Users/marco/Documents/Unreal Projects/Propulsive_Momentum/Content/__ExternalActors__/_Levels/Level2/0/C4/Q86A6MUEAE2PZLG1110HAN.uasset" 3817
"/Game/__ExternalActors__/_Levels/Level2/0/IH/EH1B5EZAIQKSG8855FPN1T" 3818
"C:/Users/marco/Documents/Unreal Projects/Propulsive_Momentum/Content/__ExternalActors__/_Levels/Level2/0/IH/EH1B5EZAIQKSG8855FPN1T.uasset" 3819
"/Game/__ExternalActors__/_Levels/Level2/0/IS/RANOVLTL3OLJPG9Y6LH0UP" 3820
"C:/Users/marco/Documents/Unreal Projects/Propulsive_Momentum/Content/__ExternalActors__/_Levels/Level2/0/IS/RANOVLTL3OLJPG9Y6LH0UP.uasset" 3821
"/Game/__ExternalActors__/_Levels/Level2/0/IV/J2LYJ7CGMH96MTTPKTBOUE" 3822
"C:/Users/marco/Documents/Unreal Projects/Propulsive_Momentum/Content/__ExternalActors__/_Levels/Level2/0/IV/J2LYJ7CGMH96MTTPKTBOUE.uasset" 3823
"/Game/__ExternalActors__/_Levels/Level2/0/MK/XX5ODJN4IKAKJVFZYOO994" 3824
"C:/Users/marco/Documents/Unreal Projects/Propulsive_Momentum/Content/__ExternalActors__/_Levels/Level2/0/MK/XX5ODJN4IKAKJVFZYOO994.uasset" 3825
"/Game/__ExternalActors__/_Levels/Level2/0/OH/J1IQHFSV292OR7RX4DTBCP" 3826
"C:/Users/marco/Documents/Unreal Projects/Propulsive_Momentum/Content/__ExternalActors__/_Levels/Level2/0/OH/J1IQHFSV292OR7RX4DTBCP.uasset" 3827
"/Game/__ExternalActors__/_Levels/Level2/0/P1/UVHHWHN4T400DL67OXLDAK" 3828
"C:/Users/marco/Documents/Unreal Projects/Propulsive_Momentum/Content/__ExternalActors__/_Levels/Level2/0/P1/UVHHWHN4T400DL67OXLDAK.uasset" 3829
"/Game/__ExternalActors__/_Levels/Level2/0/QW/EB0IY7TR2INPMR0K1URAKM" 3830
"C:/Users/marco/Documents/Unreal Projects/Propulsive_Momentum/Content/__ExternalActors__/_Levels/Level2/0/QW/EB0IY7TR2INPMR0K1URAKM.uasset" 3831
"/Game/__ExternalActors__/_Levels/Level2/0/T0/YSJKDVNNXUVLHAJ57CIVME" 3832
"C:/Users/marco/Documents/Unreal Projects/Propulsive_Momentum/Content/__ExternalActors__/_Levels/Level2/0/T0/YSJKDVNNXUVLHAJ57CIVME.uasset" 3833
"/Game/__ExternalActors__/_Levels/Level2/0/VL/E0979PDMW0SZNEVMGN8WUJ" 3834
"C:/Users/marco/Documents/Unreal Projects/Propulsive_Momentum/Content/__ExternalActors__/_Levels/Level2/0/VL/E0979PDMW0SZNEVMGN8WUJ.uasset" 3835
"/Game/__ExternalActors__/_Levels/Level2/1/0Q/2CMBERCK3QZVTIJE1PE8SX" 3836
"C:/Users/marco/Documents/Unreal Projects/Propulsive_Momentum/Content/__ExternalActors__/_Levels/Level2/1/0Q/2CMBERCK3QZVTIJE1PE8SX.uasset" 3837
"/Game/__ExternalActors__/_Levels/Level2/1/0X/GQIS8QM46R5BTLNDNHZZBF" 3838
"C:/Users/marco/Documents/Unreal Projects/Propulsive_Momentum/Content/__ExternalActors__/_Levels/Level2/1/0X/GQIS8QM46R5BTLNDNHZZBF.uasset" 3839
"/Game/__ExternalActors__/_Levels/Level2/1/1E/CZ0DMH7I9Y7Y4B0ZBWW9TY" 3840
"C:/Users/marco/Documents/Unreal Projects/Propulsive_Momentum/Content/__ExternalActors__/_Levels/Level2/1/1E/CZ0DMH7I9Y7Y4B0ZBWW9TY.uasset" 3841
"/Game/__ExternalActors__/_Levels/Level2/1/7T/S84PUZGMYCSICT0B11HF3D" 3842
"C:/Users/marco/Documents/Unreal Projects/Propulsive_Momentum/Content/__ExternalActors__/_Levels/Level2/1/7T/S84PUZGMYCSICT0B11HF3D.uasset" 3843
"/Game/__ExternalActors__/_Levels/Level2/1/8F/HD8W4V1T2BFLLUZZ9KNAKM" 3844
"C:/Users/marco/Documents/Unreal Projects/Propulsive_Momentum/Content/__ExternalActors__/_Levels/Level2/1/8F/HD8W4V1T2BFLLUZZ9KNAKM.uasset" 3845
"/Game/__ExternalActors__/_Levels/Level2/1/8V/VKOZ9UQVZNPO1HC4DVQRQS" 3846
"C:/Users/marco/Documents/Unreal Projects/Propulsive_Momentum/Content/__ExternalActors__/_Levels/Level2/1/8V/VKOZ9UQVZNPO1HC4DVQRQS.uasset" 3847
"/Game/__ExternalActors__/_Levels/Level2/1/9O/91RORD05ARN8PMD8APJBZO" 3848
"C:/Users/marco/Documents/Unreal Projects/Propulsive_Momentum/Content/__ExternalActors__/_Levels/Level2/1/9O/91RORD05ARN8PMD8APJBZO.uasset" 3849
"/Game/__ExternalActors__/_Levels/Level2/1/9Y/Y2J5NWDS97V49P0TMB24N4" 3850
"C:/Users/marco/Documents/Unreal Projects/Propulsive_Momentum/Content/__ExternalActors__/_Levels/Level2/1/9Y/Y2J5NWDS97V49P0TMB24N4.uasset" 3851
"/Game/__ExternalActors__/_Levels/Level2/1/EK/LL18E460KUEBBA5M2AHCSC" 3852
"C:/Users/marco/Documents/Unreal Projects/Propulsive_Momentum/Content/__ExternalActors__/_Levels/Level2/1/EK/LL18E460KUEBBA5M2AHCSC.uasset" 3853
"/Game/__ExternalActors__/_Levels/Level2/1/KF/QH7F82ZPJFF1QE37VFIW60" 3854
"C:/Users/marco/Documents/Unreal Projects/Propulsive_Momentum/Content/__ExternalActors__/_Levels/Level2/1/KF/QH7F82ZPJFF1QE37VFIW60.uasset" 3855
"/Game/__ExternalActors__/_Levels/Level2/1/M9/14XVCDFAYYEG1DQCWQ7ML4" 3856
"C:/Users/marco/Documents/Unreal Projects/Propulsive_Momentum/Content/__ExternalActors__/_Levels/Level2/1/M9/14XVCDFAYYEG1DQCWQ7ML4.uasset" 3857
"/Game/__ExternalActors__/_Levels/Level2/1/RO/TL2SDC0IH0YPJPD3CJRRW2" 3858
"C:/Users/marco/Documents/Unreal Projects/Propulsive_Momentum/Content/__ExternalActors__/_Levels/Level2/1/RO/TL2SDC0IH0YPJPD3CJRRW2.uasset" 3859
"/Game/__ExternalActors__/_Levels/Level2/1/TH/IOLLWG2AVT5OR2F763NCSV" 3860
"C:/Users/marco/Documents/Unreal Projects/Propulsive_Momentum/Content/__ExternalActors__/_Levels/Level2/1/TH/IOLLWG2AVT5OR2F763NCSV.uasset" 3861
"/Game/__ExternalActors__/_Levels/Level2/1/TJ/3V09CAECSV2RXXCCLCRF0X" 3862
"C:/Users/marco/Documents/Unreal Projects/Propulsive_Momentum/Content/__ExternalActors__/_Levels/Level2/1/TJ/3V09CAECSV2RXXCCLCRF0X.uasset" 3863
"/Game/__ExternalActors__/_Levels/Level2/1/Z6/24B349PYWRBDO2VP8ME2IK" 3864
"C:/Users/marco/Documents/Unreal Projects/Propulsive_Momentum/Content/__ExternalActors__/_Levels/Level2/1/Z6/24B349PYWRBDO2VP8ME2IK.uasset" 3865
"/Game/__ExternalActors__/_Levels/Level2/2/12/TPAP83N1GXHNZQHCUCDS26" 3866
"C:/Users/marco/Documents/Unreal Projects/Propulsive_Momentum/Content/__ExternalActors__/_Levels/Level2/2/12/TPAP83N1GXHNZQHCUCDS26.uasset" 3867
"/Game/__ExternalActors__/_Levels/Level2/2/3T/1PSZVUHO42SO0YFRYF3M4A" 3868
"C:/Users/marco/Documents/Unreal Projects/Propulsive_Momentum/Content/__ExternalActors__/_Levels/Level2/2/3T/1PSZVUHO42SO0YFRYF3M4A.uasset" 3869
"/Game/__ExternalActors__/_Levels/Level2/2/B6/VLHSP1AJI48ZAVADTJ9EX7" 3870
"C:/Users/marco/Documents/Unreal Projects/Propulsive_Momentum/Content/__ExternalActors__/_Levels/Level2/2/B6/VLHSP1AJI48ZAVADTJ9EX7.uasset" 3871
"/Game/__ExternalActors__/_Levels/Level2/2/C9/J4YB1S76BWM2MDSNBOYKOO" 3872
"C:/Users/marco/Documents/Unreal Projects/Propulsive_Momentum/Content/__ExternalActors__/_Levels/Level2/2/C9/J4YB1S76BWM2MDSNBOYKOO.uasset" 3873
"/Game/__ExternalActors__/_Levels/Level2/2/ES/R6NZ9Q5PC2SFTI1JFCC90L" 3874
"C:/Users/marco/Documents/Unreal Projects/Propulsive_Momentum/Content/__ExternalActors__/_Levels/Level2/2/ES/R6NZ9Q5PC2SFTI1JFCC90L.uasset" 3875
"/Game/__ExternalActors__/_Levels/Level2/2/GO/IGDMI579LTGEAVBETH2XY8" 3876
"C:/Users/marco/Documents/Unreal Projects/Propulsive_Momentum/Content/__ExternalActors__/_Levels/Level2/2/GO/IGDMI579LTGEAVBETH2XY8.uasset" 3877
"/Game/__ExternalActors__/_Levels/Level2/2/HK/STHCQHI1B4FM0WSI1FXE2C" 3878
"C:/Users/marco/Documents/Unreal Projects/Propulsive_Momentum/Content/__ExternalActors__/_Levels/Level2/2/HK/STHCQHI1B4FM0WSI1FXE2C.uasset" 3879
"/Game/__ExternalActors__/_Levels/Level2/2/I0/QNX3LTRTEM09UQDUG6HFTA" 3880
"C:/Users/marco/Documents/Unreal Projects/Propulsive_Momentum/Content/__ExternalActors__/_Levels/Level2/2/I0/QNX3LTRTEM09UQDUG6HFTA.uasset" 3881
"/Game/__ExternalActors__/_Levels/Level2/2/KW/IQYPC1EI7YCHTUYJWL57D9" 3882
"C:/Users/marco/Documents/Unreal Projects/Propulsive_Momentum/Content/__ExternalActors__/_Levels/Level2/2/KW/IQYPC1EI7YCHTUYJWL57D9.uasset" 3883
"/Game/__ExternalActors__/_Levels/Level2/2/L1/AG7E9ZGP5KRRBF4DSJFC8Q" 3884
"C:/Users/marco/Documents/Unreal Projects/Propulsive_Momentum/Content/__ExternalActors__/_Levels/Level2/2/L1/AG7E9ZGP5KRRBF4DSJFC8Q.uasset" 3885
"/Game/__ExternalActors__/_Levels/Level2/2/L3/9AKQ0H9338P1WWMSMIHHRB" 3886
"C:/Users/marco/Documents/Unreal Projects/Propulsive_Momentum/Content/__ExternalActors__/_Levels/Level2/2/L3/9AKQ0H9338P1WWMSMIHHRB.uasset" 3887
"/Game/__ExternalActors__/_Levels/Level2/2/LS/RFSL1S68BOQDJ0V445DMHF" 3888
"C:/Users/marco/Documents/Unreal Projects/Propulsive_Momentum/Content/__ExternalActors__/_Levels/Level2/2/LS/RFSL1S68BOQDJ0V445DMHF.uasset" 3889
"/Game/__ExternalActors__/_Levels/Level2/2/PC/QAL1WZ8YIRQZSFPFRES7XX" 3890
"C:/Users/marco/Documents/Unreal Projects/Propulsive_Momentum/Content/__ExternalActors__/_Levels/Level2/2/PC/QAL1WZ8YIRQZSFPFRES7XX.uasset" 3891
"/Game/__ExternalActors__/_Levels/Level2/2/SX/UU3JBCUSCLAC72L4D17KWB" 3892
"C:/Users/marco/Documents/Unreal Projects/Propulsive_Momentum/Content/__ExternalActors__/_Levels/Level2/2/SX/UU3JBCUSCLAC72L4D17KWB.uasset" 3893
"/Game/__ExternalActors__/_Levels/Level2/2/UH/GZRZ0J6O6TZMF8W2IULTGH" 3894
"C:/Users/marco/Documents/Unreal Projects/Propulsive_Momentum/Content/__ExternalActors__/_Levels/Level2/2/UH/GZRZ0J6O6TZMF8W2IULTGH.uasset" 3895
"/Game/__ExternalActors__/_Levels/Level2/2/WT/46Y3O0YOM3EGIHL511K40R" 3896
"C:/Users/marco/Documents/Unreal Projects/Propulsive_Momentum/Content/__ExternalActors__/_Levels/Level2/2/WT/46Y3O0YOM3EGIHL511K40R.uasset" 3897
"/Game/__ExternalActors__/_Levels/Level2/3/18/4OPBI0ZZE9SZNB88F75PJU" 3898
"C:/Users/marco/Documents/Unreal Projects/Propulsive_Momentum/Content/__ExternalActors__/_Levels/Level2/3/18/4OPBI0ZZE9SZNB88F75PJU.uasset" 3899
"/Game/__ExternalActors__/_Levels/Level2/3/36/LV1TJDEDEP6VLQJPC5OSXZ" 3900
"C:/Users/marco/Documents/Unreal Projects/Propulsive_Momentum/Content/__ExternalActors__/_Levels/Level2/3/36/LV1TJDEDEP6VLQJPC5OSXZ.uasset" 3901
"/Game/__ExternalActors__/_Levels/Level2/3/4P/AK6G4PFMRZSS2HM4920SIY" 3902
"C:/Users/marco/Documents/Unreal Projects/Propulsive_Momentum/Content/__ExternalActors__/_Levels/Level2/3/4P/AK6G4PFMRZSS2HM4920SIY.uasset" 3903
"/Game/__ExternalActors__/_Levels/Level2/3/52/3UGH5W4WJGCCAJME2DBRU6" 3904
"C:/Users/marco/Documents/Unreal Projects/Propulsive_Momentum/Content/__ExternalActors__/_Levels/Level2/3/52/3UGH5W4WJGCCAJME2DBRU6.uasset" 3905
"/Game/__ExternalActors__/_Levels/Level2/3/6W/JWEST8CIOWVVG9GPCPH4N8" 3906
"C:/Users/marco/Documents/Unreal Projects/Propulsive_Momentum/Content/__ExternalActors__/_Levels/Level2/3/6W/JWEST8CIOWVVG9GPCPH4N8.uasset" 3907
"/Game/__ExternalActors__/_Levels/Level2/3/8C/QR2JPRTXBIPDQGA11XE115" 3908
"C:/Users/marco/Documents/Unreal Projects/Propulsive_Momentum/Content/__ExternalActors__/_Levels/Level2/3/8C/QR2JPRTXBIPDQGA11XE115.uasset" 3909
"/Game/__ExternalActors__/_Levels/Level2/3/8P/XBANN23DEPTISKX0XDGCD4" 3910
"C:/Users/marco/Documents/Unreal Projects/Propulsive_Momentum/Content/__ExternalActors__/_Levels/Level2/3/8P/XBANN23DEPTISKX0XDGCD4.uasset" 3911
"/Game/__ExternalActors__/_Levels/Level2/3/9R/PFOKZKHPJBRQHGG6OMRXSQ" 3912
"C:/Users/marco/Documents/Unreal Projects/Propulsive_Momentum/Content/__ExternalActors__/_Levels/Level2/3/9R/PFOKZKHPJBRQHGG6OMRXSQ.uasset" 3913
"/Game/__ExternalActors__/_Levels/Level2/3/CL/KCSJJ4V6274D70NEAJAZYC" 3914
"C:/Users/marco/Documents/Unreal Projects/Propulsive_Momentum/Content/__ExternalActors__/_Levels/Level2/3/CL/KCSJJ4V6274D70NEAJAZYC.uasset" 3915
"/Game/__ExternalActors__/_Levels/Level2/3/G3/6CFCYX0ST3CMK2JWDUS9TV" 3916
"C:/Users/marco/Documents/Unreal Projects/Propulsive_Momentum/Content/__ExternalActors__/_Levels/Level2/3/G3/6CFCYX0ST3CMK2JWDUS9TV.uasset" 3917
"/Game/__ExternalActors__/_Levels/Level2/3/GK/4IVQZDMA5PR41GCHGIN4M7" 3918
"C:/Users/marco/Documents/Unreal Projects/Propulsive_Momentum/Content/__ExternalActors__/_Levels/Level2/3/GK/4IVQZDMA5PR41GCHGIN4M7.uasset" 3919
"/Game/__ExternalActors__/_Levels/Level2/8/YD/12G7VEXRLP3P5S0HVHO460" 3920
"C:/Users/marco/Documents/Unreal Projects/Propulsive_Momentum/Content/__ExternalActors__/_Levels/Level2/8/YD/12G7VEXRLP3P5S0HVHO460.uasset" 3921
"/Game/__ExternalActors__/_Levels/Level2/3/H3/W3EWAB90LK6K6PVYRGAJ7S" 3922
"C:/Users/marco/Documents/Unreal Projects/Propulsive_Momentum/Content/__ExternalActors__/_Levels/Level2/3/H3/W3EWAB90LK6K6PVYRGAJ7S.uasset" 3923
"/Game/__ExternalActors__/_Levels/Level2/3/HQ/AQ7WD8M4LJ7516C3Z19J8A" 3924
"C:/Users/marco/Documents/Unreal Projects/Propulsive_Momentum/Content/__ExternalActors__/_Levels/Level2/3/HQ/AQ7WD8M4LJ7516C3Z19J8A.uasset" 3925
"/Game/__ExternalActors__/_Levels/Level2/3/HY/JCKEX0R9XLMMFH2PXSU2NC" 3926
"C:/Users/marco/Documents/Unreal Projects/Propulsive_Momentum/Content/__ExternalActors__/_Levels/Level2/3/HY/JCKEX0R9XLMMFH2PXSU2NC.uasset" 3927
"/Game/__ExternalActors__/_Levels/Level2/3/L1/5QZ3MJLO0DRR1JEIWISRL8" 3928
"C:/Users/marco/Documents/Unreal Projects/Propulsive_Momentum/Content/__ExternalActors__/_Levels/Level2/3/L1/5QZ3MJLO0DRR1JEIWISRL8.uasset" 3929
"/Game/__ExternalActors__/_Levels/Level2/3/PX/LW6ZQWL8II8I098Y9RO9CQ" 3930
"C:/Users/marco/Documents/Unreal Projects/Propulsive_Momentum/Content/__ExternalActors__/_Levels/Level2/3/PX/LW6ZQWL8II8I098Y9RO9CQ.uasset" 3931
"/Game/__ExternalActors__/_Levels/Level2/3/SG/BV9NC225PDFSQQBKYN0AXP" 3932
"C:/Users/marco/Documents/Unreal Projects/Propulsive_Momentum/Content/__ExternalActors__/_Levels/Level2/3/SG/BV9NC225PDFSQQBKYN0AXP.uasset" 3933
"/Game/__ExternalActors__/_Levels/Level2/4/5O/T11I6J0TPFV6H1RLZ2M4RZ" 3934
"C:/Users/marco/Documents/Unreal Projects/Propulsive_Momentum/Content/__ExternalActors__/_Levels/Level2/4/5O/T11I6J0TPFV6H1RLZ2M4RZ.uasset" 3935
"/Game/__ExternalActors__/_Levels/Level2/4/7R/SV9PMDWWHUZRWBSFG6FNHB" 3936
"C:/Users/marco/Documents/Unreal Projects/Propulsive_Momentum/Content/__ExternalActors__/_Levels/Level2/4/7R/SV9PMDWWHUZRWBSFG6FNHB.uasset" 3937
"/Game/__ExternalActors__/_Levels/Level2/4/DA/HKPY84BR9VRGPLH8IL4HUO" 3938
"C:/Users/marco/Documents/Unreal Projects/Propulsive_Momentum/Content/__ExternalActors__/_Levels/Level2/4/DA/HKPY84BR9VRGPLH8IL4HUO.uasset" 3939
"/Game/__ExternalActors__/_Levels/Level2/4/G0/HXKOQTGF81DGCSWP4CBDCM" 3940
"C:/Users/marco/Documents/Unreal Projects/Propulsive_Momentum/Content/__ExternalActors__/_Levels/Level2/4/G0/HXKOQTGF81DGCSWP4CBDCM.uasset" 3941
"/Game/__ExternalActors__/_Levels/Level2/4/HF/RXIYXN9RD6HZCYE0EIHKIE" 3942
"C:/Users/marco/Documents/Unreal Projects/Propulsive_Momentum/Content/__ExternalActors__/_Levels/Level2/4/HF/RXIYXN9RD6HZCYE0EIHKIE.uasset" 3943
"/Game/__ExternalActors__/_Levels/Level2/4/JV/YTNJKR5DZK2XU0HHQMLL6G" 3944
"C:/Users/marco/Documents/Unreal Projects/Propulsive_Momentum/Content/__ExternalActors__/_Levels/Level2/4/JV/YTNJKR5DZK2XU0HHQMLL6G.uasset" 3945
"/Game/__ExternalActors__/_Levels/Level2/4/PZ/1YH14MUA0FJYBQNFXM62PU" 3946
"C:/Users/marco/Documents/Unreal Projects/Propulsive_Momentum/Content/__ExternalActors__/_Levels/Level2/4/PZ/1YH14MUA0FJYBQNFXM62PU.uasset" 3947
"/Game/__ExternalActors__/_Levels/Level2/4/RA/W42V7UU9O5YTEKK1W0BLHD" 3948
"C:/Users/marco/Documents/Unreal Projects/Propulsive_Momentum/Content/__ExternalActors__/_Levels/Level2/4/RA/W42V7UU9O5YTEKK1W0BLHD.uasset" 3949
"/Game/__ExternalActors__/_Levels/Level2/4/RG/MEL6NORKT7CDKNLTP5ESOW" 3950
"C:/Users/marco/Documents/Unreal Projects/Propulsive_Momentum/Content/__ExternalActors__/_Levels/Level2/4/RG/MEL6NORKT7CDKNLTP5ESOW.uasset" 3951
"/Game/__ExternalActors__/_Levels/Level2/4/TW/86OCL5WCEXUK3Y7EUD5LQX" 3952
"C:/Users/marco/Documents/Unreal Projects/Propulsive_Momentum/Content/__ExternalActors__/_Levels/Level2/4/TW/86OCL5WCEXUK3Y7EUD5LQX.uasset" 3953
"/Game/__ExternalActors__/_Levels/Level2/4/UW/CHUNYCWMP8RC6H4W5LCKTC" 3954
"C:/Users/marco/Documents/Unreal Projects/Propulsive_Momentum/Content/__ExternalActors__/_Levels/Level2/4/UW/CHUNYCWMP8RC6H4W5LCKTC.uasset" 3955
"/Game/__ExternalActors__/_Levels/Level2/4/W9/AYJ0XOLDGC3E6ET9GC1LNA" 3956
"C:/Users/marco/Documents/Unreal Projects/Propulsive_Momentum/Content/__ExternalActors__/_Levels/Level2/4/W9/AYJ0XOLDGC3E6ET9GC1LNA.uasset" 3957
"/Game/__ExternalActors__/_Levels/Level2/4/XN/V7IBOP26DQRMK34XMW38I0" 3958
"C:/Users/marco/Documents/Unreal Projects/Propulsive_Momentum/Content/__ExternalActors__/_Levels/Level2/4/XN/V7IBOP26DQRMK34XMW38I0.uasset" 3959
"/Game/__ExternalActors__/_Levels/Level2/4/ZZ/2WEDNXF5GZASFX975UK6CL" 3960
"C:/Users/marco/Documents/Unreal Projects/Propulsive_Momentum/Content/__ExternalActors__/_Levels/Level2/4/ZZ/2WEDNXF5GZASFX975UK6CL.uasset" 3961
"/Game/__ExternalActors__/_Levels/Level2/5/78/OSL8X08MFCG2MMMLI3N7LC" 3962
"C:/Users/marco/Documents/Unreal Projects/Propulsive_Momentum/Content/__ExternalActors__/_Levels/Level2/5/78/OSL8X08MFCG2MMMLI3N7LC.uasset" 3963
"/Game/__ExternalActors__/_Levels/Level2/5/A6/BX894DORIENHX6ZRJ3V2LF" 3964
"C:/Users/marco/Documents/Unreal Projects/Propulsive_Momentum/Content/__ExternalActors__/_Levels/Level2/5/A6/BX894DORIENHX6ZRJ3V2LF.uasset" 3965
"/Game/__ExternalActors__/_Levels/Level2/5/ES/HJD9B5MP9YDPOKSPUWAJHV" 3966
"C:/Users/marco/Documents/Unreal Projects/Propulsive_Momentum/Content/__ExternalActors__/_Levels/Level2/5/ES/HJD9B5MP9YDPOKSPUWAJHV.uasset" 3967
"/Game/__ExternalActors__/_Levels/Level2/5/IW/QZRUNGVNHOJNXZLA45U4T7" 3968
"C:/Users/marco/Documents/Unreal Projects/Propulsive_Momentum/Content/__ExternalActors__/_Levels/Level2/5/IW/QZRUNGVNHOJNXZLA45U4T7.uasset" 3969
"/Game/__ExternalActors__/_Levels/Level2/5/JC/CI89WFHTWVJXFQ4DGZF7AQ" 3970
"C:/Users/marco/Documents/Unreal Projects/Propulsive_Momentum/Content/__ExternalActors__/_Levels/Level2/5/JC/CI89WFHTWVJXFQ4DGZF7AQ.uasset" 3971
"/Game/__ExternalActors__/_Levels/Level2/5/JI/HS0YXIYOPKY0ZMAWL71J66" 3972
"C:/Users/marco/Documents/Unreal Projects/Propulsive_Momentum/Content/__ExternalActors__/_Levels/Level2/5/JI/HS0YXIYOPKY0ZMAWL71J66.uasset" 3973
"/Game/__ExternalActors__/_Levels/Level2/5/KD/OQNPG0FSG5Q5MXYVYALYTZ" 3974
"C:/Users/marco/Documents/Unreal Projects/Propulsive_Momentum/Content/__ExternalActors__/_Levels/Level2/5/KD/OQNPG0FSG5Q5MXYVYALYTZ.uasset" 3975
"/Game/__ExternalActors__/_Levels/Level2/5/LV/78PHJERCYN3JVHNPCKYXLO" 3976
"C:/Users/marco/Documents/Unreal Projects/Propulsive_Momentum/Content/__ExternalActors__/_Levels/Level2/5/LV/78PHJERCYN3JVHNPCKYXLO.uasset" 3977
"/Game/__ExternalActors__/_Levels/Level2/5/LZ/U7356A8NLARGJ7YKH8OIQH" 3978
"C:/Users/marco/Documents/Unreal Projects/Propulsive_Momentum/Content/__ExternalActors__/_Levels/Level2/5/LZ/U7356A8NLARGJ7YKH8OIQH.uasset" 3979
"/Game/__ExternalActors__/_Levels/Level2/5/MR/TMST8TPIFEIDUDISL1N85Y" 3980
"C:/Users/marco/Documents/Unreal Projects/Propulsive_Momentum/Content/__ExternalActors__/_Levels/Level2/5/MR/TMST8TPIFEIDUDISL1N85Y.uasset" 3981
"/Game/__ExternalActors__/_Levels/Level2/5/MX/FX9E949MB5V35XUN1JF26U" 3982
"C:/Users/marco/Documents/Unreal Projects/Propulsive_Momentum/Content/__ExternalActors__/_Levels/Level2/5/MX/FX9E949MB5V35XUN1JF26U.uasset" 3983
"/Game/__ExternalActors__/_Levels/Level2/5/Q8/IPK0A235LD4AUFQO84RFYC" 3984
"C:/Users/marco/Documents/Unreal Projects/Propulsive_Momentum/Content/__ExternalActors__/_Levels/Level2/5/Q8/IPK0A235LD4AUFQO84RFYC.uasset" 3985
"/Game/__ExternalActors__/_Levels/Level2/5/XX/C3440JTMR26G2XTBML5PTF" 3986
"C:/Users/marco/Documents/Unreal Projects/Propulsive_Momentum/Content/__ExternalActors__/_Levels/Level2/5/XX/C3440JTMR26G2XTBML5PTF.uasset" 3987
"/Game/__ExternalActors__/_Levels/Level2/6/2B/IXDXJVDIUIEU47DXCSM4EQ" 3988
"C:/Users/marco/Documents/Unreal Projects/Propulsive_Momentum/Content/__ExternalActors__/_Levels/Level2/6/2B/IXDXJVDIUIEU47DXCSM4EQ.uasset" 3989
"/Game/__ExternalActors__/_Levels/Level2/6/4M/5M8YE02EDTI9NHB8QNZQ2E" 3990
"C:/Users/marco/Documents/Unreal Projects/Propulsive_Momentum/Content/__ExternalActors__/_Levels/Level2/6/4M/5M8YE02EDTI9NHB8QNZQ2E.uasset" 3991
"/Game/__ExternalActors__/_Levels/Level2/6/64/BIDE62NC5D71B6RSBTEKF5" 3992
"C:/Users/marco/Documents/Unreal Projects/Propulsive_Momentum/Content/__ExternalActors__/_Levels/Level2/6/64/BIDE62NC5D71B6RSBTEKF5.uasset" 3993
"/Game/__ExternalActors__/_Levels/Level2/6/6U/9WXZ39FP6MSF70ITGE7ZNS" 3994
"C:/Users/marco/Documents/Unreal Projects/Propulsive_Momentum/Content/__ExternalActors__/_Levels/Level2/6/6U/9WXZ39FP6MSF70ITGE7ZNS.uasset" 3995
"/Game/__ExternalActors__/_Levels/Level2/6/7L/CRD3OEWO9JWI8RD7P5M3P6" 3996
"C:/Users/marco/Documents/Unreal Projects/Propulsive_Momentum/Content/__ExternalActors__/_Levels/Level2/6/7L/CRD3OEWO9JWI8RD7P5M3P6.uasset" 3997
"/Game/__ExternalActors__/_Levels/Level2/6/88/HAI1K0GNARBL4BFPFUPHBE" 3998
"C:/Users/marco/Documents/Unreal Projects/Propulsive_Momentum/Content/__ExternalActors__/_Levels/Level2/6/88/HAI1K0GNARBL4BFPFUPHBE.uasset" 3999
"/Game/__ExternalActors__/_Levels/Level2/6/9M/KTJ68Z3VM6AFPMB9FDV5HL" 4000
"C:/Users/marco/Documents/Unreal Projects/Propulsive_Momentum/Content/__ExternalActors__/_Levels/Level2/6/9M/KTJ68Z3VM6AFPMB9FDV5HL.uasset" 4001
"/Game/__ExternalActors__/_Levels/Level2/6/9N/0Y1REX5LF8NE44956RLEOO" 4002
"C:/Users/marco/Documents/Unreal Projects/Propulsive_Momentum/Content/__ExternalActors__/_Levels/Level2/6/9N/0Y1REX5LF8NE44956RLEOO.uasset" 4003
"/Game/__ExternalActors__/_Levels/Level2/6/BO/T2TUB3NTB4Z2QUKXQLXFY5" 4004
"C:/Users/marco/Documents/Unreal Projects/Propulsive_Momentum/Content/__ExternalActors__/_Levels/Level2/6/BO/T2TUB3NTB4Z2QUKXQLXFY5.uasset" 4005
"/Game/__ExternalActors__/_Levels/Level2/6/BY/QBT9FE7MO3FMAUYHO1FQEP" 4006
"C:/Users/marco/Documents/Unreal Projects/Propulsive_Momentum/Content/__ExternalActors__/_Levels/Level2/6/BY/QBT9FE7MO3FMAUYHO1FQEP.uasset" 4007
"/Game/__ExternalActors__/_Levels/Level2/6/C9/5ZNV6X2D0OVWYGTTC8O0PM" 4008
"C:/Users/marco/Documents/Unreal Projects/Propulsive_Momentum/Content/__ExternalActors__/_Levels/Level2/6/C9/5ZNV6X2D0OVWYGTTC8O0PM.uasset" 4009
"/Game/__ExternalActors__/_Levels/Level2/6/CP/5ZGXSUZTMK2K0E8NB1C883" 4010
"C:/Users/marco/Documents/Unreal Projects/Propulsive_Momentum/Content/__ExternalActors__/_Levels/Level2/6/CP/5ZGXSUZTMK2K0E8NB1C883.uasset" 4011
"/Game/__ExternalActors__/_Levels/Level2/6/GJ/EL4JCOH7Z2X7INHH5385HM" 4012
"C:/Users/marco/Documents/Unreal Projects/Propulsive_Momentum/Content/__ExternalActors__/_Levels/Level2/6/GJ/EL4JCOH7Z2X7INHH5385HM.uasset" 4013
"/Game/__ExternalActors__/_Levels/Level2/6/LP/FIDF8K2NY8GMFVJK12HNH9" 4014
"C:/Users/marco/Documents/Unreal Projects/Propulsive_Momentum/Content/__ExternalActors__/_Levels/Level2/6/LP/FIDF8K2NY8GMFVJK12HNH9.uasset" 4015
"/Game/__ExternalActors__/_Levels/Level2/6/N7/D58JU4IR63WXMBAML0DUT2" 4016
"C:/Users/marco/Documents/Unreal Projects/Propulsive_Momentum/Content/__ExternalActors__/_Levels/Level2/6/N7/D58JU4IR63WXMBAML0DUT2.uasset" 4017
"/Game/__ExternalActors__/_Levels/Level2/6/T1/EJIASP0DZUFVFVTYI63UTT" 4018
"C:/Users/marco/Documents/Unreal Projects/Propulsive_Momentum/Content/__ExternalActors__/_Levels/Level2/6/T1/EJIASP0DZUFVFVTYI63UTT.uasset" 4019
"/Game/__ExternalActors__/_Levels/Level2/6/V8/7BJV5T4R2H50EQ57VY2LOY" 4020
"C:/Users/marco/Documents/Unreal Projects/Propulsive_Momentum/Content/__ExternalActors__/_Levels/Level2/6/V8/7BJV5T4R2H50EQ57VY2LOY.uasset" 4021
"/Game/__ExternalActors__/_Levels/Level2/6/VJ/BO2VHQLQV088U9BZIM9LDV" 4022
"C:/Users/marco/Documents/Unreal Projects/Propulsive_Momentum/Content/__ExternalActors__/_Levels/Level2/6/VJ/BO2VHQLQV088U9BZIM9LDV.uasset" 4023
"/Game/__ExternalActors__/_Levels/Level2/7/25/LMPRPZNBYBPQ2QJJ6YGEN1" 4024
"C:/Users/marco/Documents/Unreal Projects/Propulsive_Momentum/Content/__ExternalActors__/_Levels/Level2/7/25/LMPRPZNBYBPQ2QJJ6YGEN1.uasset" 4025
"/Game/__ExternalActors__/_Levels/Level2/7/35/BLNND8Z2OAXOC8XMEG8O8Y" 4026
"C:/Users/marco/Documents/Unreal Projects/Propulsive_Momentum/Content/__ExternalActors__/_Levels/Level2/7/35/BLNND8Z2OAXOC8XMEG8O8Y.uasset" 4027
"/Game/__ExternalActors__/_Levels/Level2/7/3T/J72OPUJ5VPT4QSQNM65OID" 4028
"C:/Users/marco/Documents/Unreal Projects/Propulsive_Momentum/Content/__ExternalActors__/_Levels/Level2/7/3T/J72OPUJ5VPT4QSQNM65OID.uasset" 4029
"/Game/__ExternalActors__/_Levels/Level2/7/4V/NEQPR3ZLK41F4AX3S5ITZE" 4030
"C:/Users/marco/Documents/Unreal Projects/Propulsive_Momentum/Content/__ExternalActors__/_Levels/Level2/7/4V/NEQPR3ZLK41F4AX3S5ITZE.uasset" 4031
"/Game/__ExternalActors__/_Levels/Level2/7/56/YLF8YXEW8F9B9AIGP1IADA" 4032
"C:/Users/marco/Documents/Unreal Projects/Propulsive_Momentum/Content/__ExternalActors__/_Levels/Level2/7/56/YLF8YXEW8F9B9AIGP1IADA.uasset" 4033
"/Game/__ExternalActors__/_Levels/Level2/7/65/U9PH9DL3SCURVP4DMERHPE" 4034
"C:/Users/marco/Documents/Unreal Projects/Propulsive_Momentum/Content/__ExternalActors__/_Levels/Level2/7/65/U9PH9DL3SCURVP4DMERHPE.uasset" 4035
"/Game/__ExternalActors__/_Levels/Level2/7/7F/9DNBRSKAUX2I6G1XGB103V" 4036
"C:/Users/marco/Documents/Unreal Projects/Propulsive_Momentum/Content/__ExternalActors__/_Levels/Level2/7/7F/9DNBRSKAUX2I6G1XGB103V.uasset" 4037
"/Game/__ExternalActors__/_Levels/Level2/7/7H/IIZ84N8MMML16995POJ0QK" 4038
"C:/Users/marco/Documents/Unreal Projects/Propulsive_Momentum/Content/__ExternalActors__/_Levels/Level2/7/7H/IIZ84N8MMML16995POJ0QK.uasset" 4039
"/Game/__ExternalActors__/_Levels/Level2/7/7I/INDMGXTZAC7UN6TIR32ISZ" 4040
"C:/Users/marco/Documents/Unreal Projects/Propulsive_Momentum/Content/__ExternalActors__/_Levels/Level2/7/7I/INDMGXTZAC7UN6TIR32ISZ.uasset" 4041
"/Game/__ExternalActors__/_Levels/Level2/7/9G/P0H3TPRA3IIVPYNR8CWUAA" 4042
"C:/Users/marco/Documents/Unreal Projects/Propulsive_Momentum/Content/__ExternalActors__/_Levels/Level2/7/9G/P0H3TPRA3IIVPYNR8CWUAA.uasset" 4043
"/Game/__ExternalActors__/_Levels/Level2/7/AI/7MJ2L0NY659PLPG5LLOFFZ" 4044
"C:/Users/marco/Documents/Unreal Projects/Propulsive_Momentum/Content/__ExternalActors__/_Levels/Level2/7/AI/7MJ2L0NY659PLPG5LLOFFZ.uasset" 4045
"/Game/__ExternalActors__/_Levels/Level2/7/AT/AOFRP9JV8NW0E7EXBK4PYH" 4046
"C:/Users/marco/Documents/Unreal Projects/Propulsive_Momentum/Content/__ExternalActors__/_Levels/Level2/7/AT/AOFRP9JV8NW0E7EXBK4PYH.uasset" 4047
"/Game/__ExternalActors__/_Levels/Level2/7/B3/R6PFESIOYI2H02HDKA9Q20" 4048
"C:/Users/marco/Documents/Unreal Projects/Propulsive_Momentum/Content/__ExternalActors__/_Levels/Level2/7/B3/R6PFESIOYI2H02HDKA9Q20.uasset" 4049
"/Game/__ExternalActors__/_Levels/Level2/7/DF/XAMZCENHRMQRGYXZ1PNERJ" 4050
"C:/Users/marco/Documents/Unreal Projects/Propulsive_Momentum/Content/__ExternalActors__/_Levels/Level2/7/DF/XAMZCENHRMQRGYXZ1PNERJ.uasset" 4051
"/Game/__ExternalActors__/_Levels/Level2/7/DT/3F4PBYK2OW2LO1YD9NTT7Z" 4052
"C:/Users/marco/Documents/Unreal Projects/Propulsive_Momentum/Content/__ExternalActors__/_Levels/Level2/7/DT/3F4PBYK2OW2LO1YD9NTT7Z.uasset" 4053
"/Game/__ExternalActors__/_Levels/Level2/7/HA/GZN7U1RFP7ZEK12C9FS1QB" 4054
"C:/Users/marco/Documents/Unreal Projects/Propulsive_Momentum/Content/__ExternalActors__/_Levels/Level2/7/HA/GZN7U1RFP7ZEK12C9FS1QB.uasset" 4055
"/Game/__ExternalActors__/_Levels/Level2/7/HL/TVPFF0KSDS8PN5FMULH5UV" 4056
"C:/Users/marco/Documents/Unreal Projects/Propulsive_Momentum/Content/__ExternalActors__/_Levels/Level2/7/HL/TVPFF0KSDS8PN5FMULH5UV.uasset" 4057
"/Game/__ExternalActors__/_Levels/Level2/7/HW/7R4AL7TTIK63UW58KRELRG" 4058
"C:/Users/marco/Documents/Unreal Projects/Propulsive_Momentum/Content/__ExternalActors__/_Levels/Level2/7/HW/7R4AL7TTIK63UW58KRELRG.uasset" 4059
"/Game/__ExternalActors__/_Levels/Level2/7/IJ/S02RR18JLK08PU8U5N40AY" 4060
"C:/Users/marco/Documents/Unreal Projects/Propulsive_Momentum/Content/__ExternalActors__/_Levels/Level2/7/IJ/S02RR18JLK08PU8U5N40AY.uasset" 4061
"/Game/__ExternalActors__/_Levels/Level2/7/LX/RKZ8M4TT1DQUVAB4ISYCPB" 4062
"C:/Users/marco/Documents/Unreal Projects/Propulsive_Momentum/Content/__ExternalActors__/_Levels/Level2/7/LX/RKZ8M4TT1DQUVAB4ISYCPB.uasset" 4063
"/Game/__ExternalActors__/_Levels/Level2/7/NY/NJWPEEBVE3K42WZ2JSL3GM" 4064
"C:/Users/marco/Documents/Unreal Projects/Propulsive_Momentum/Content/__ExternalActors__/_Levels/Level2/7/NY/NJWPEEBVE3K42WZ2JSL3GM.uasset" 4065
"/Game/__ExternalActors__/_Levels/Level2/7/Q8/9E6O7RQIOZEQNSDDQX3WLC" 4066
"C:/Users/marco/Documents/Unreal Projects/Propulsive_Momentum/Content/__ExternalActors__/_Levels/Level2/7/Q8/9E6O7RQIOZEQNSDDQX3WLC.uasset" 4067
"/Game/__ExternalActors__/_Levels/Level2/7/QE/XAPMJR0YTFD867DFIQ26LO" 4068
"C:/Users/marco/Documents/Unreal Projects/Propulsive_Momentum/Content/__ExternalActors__/_Levels/Level2/7/QE/XAPMJR0YTFD867DFIQ26LO.uasset" 4069
"/Game/__ExternalActors__/_Levels/Level2/7/RU/BXX3NN8VLT3L6BK6WHC61P" 4070
"C:/Users/marco/Documents/Unreal Projects/Propulsive_Momentum/Content/__ExternalActors__/_Levels/Level2/7/RU/BXX3NN8VLT3L6BK6WHC61P.uasset" 4071
"/Game/__ExternalActors__/_Levels/Level2/7/S2/U66LX9HIBR920T62ABLCNK" 4072
"C:/Users/marco/Documents/Unreal Projects/Propulsive_Momentum/Content/__ExternalActors__/_Levels/Level2/7/S2/U66LX9HIBR920T62ABLCNK.uasset" 4073
"/Game/__ExternalActors__/_Levels/Level2/7/U1/OZN94TB3BU7QKS841ICKJ5" 4074
"C:/Users/marco/Documents/Unreal Projects/Propulsive_Momentum/Content/__ExternalActors__/_Levels/Level2/7/U1/OZN94TB3BU7QKS841ICKJ5.uasset" 4075
"/Game/__ExternalActors__/_Levels/Level2/7/W0/REG8INTBNROEKZ51X3RNBG" 4076
"C:/Users/marco/Documents/Unreal Projects/Propulsive_Momentum/Content/__ExternalActors__/_Levels/Level2/7/W0/REG8INTBNROEKZ51X3RNBG.uasset" 4077
"/Game/__ExternalActors__/_Levels/Level2/7/XF/UB5HG4G3JBX0BZRJ2J9PZ3" 4078
"C:/Users/marco/Documents/Unreal Projects/Propulsive_Momentum/Content/__ExternalActors__/_Levels/Level2/7/XF/UB5HG4G3JBX0BZRJ2J9PZ3.uasset" 4079
"/Game/__ExternalActors__/_Levels/Level2/7/YS/1OVH5R8KS0IRYICGA8D0W9" 4080
"C:/Users/marco/Documents/Unreal Projects/Propulsive_Momentum/Content/__ExternalActors__/_Levels/Level2/7/YS/1OVH5R8KS0IRYICGA8D0W9.uasset" 4081
"/Game/__ExternalActors__/_Levels/Level2/7/Z2/E80KPDA0B2EPK44ZG98LGM" 4082
"C:/Users/marco/Documents/Unreal Projects/Propulsive_Momentum/Content/__ExternalActors__/_Levels/Level2/7/Z2/E80KPDA0B2EPK44ZG98LGM.uasset" 4083
"/Game/__ExternalActors__/_Levels/Level2/8/0J/R0TL5JOSOPOV2DVRLCS5K1" 4084
"C:/Users/marco/Documents/Unreal Projects/Propulsive_Momentum/Content/__ExternalActors__/_Levels/Level2/8/0J/R0TL5JOSOPOV2DVRLCS5K1.uasset" 4085
"/Game/__ExternalActors__/_Levels/Level2/8/0X/T2Y6FS2G2ELBSKLSWMH5IP" 4086
"C:/Users/marco/Documents/Unreal Projects/Propulsive_Momentum/Content/__ExternalActors__/_Levels/Level2/8/0X/T2Y6FS2G2ELBSKLSWMH5IP.uasset" 4087
"/Game/__ExternalActors__/_Levels/Level2/8/21/45WHGH7HHMRE628AWZZMVT" 4088
"C:/Users/marco/Documents/Unreal Projects/Propulsive_Momentum/Content/__ExternalActors__/_Levels/Level2/8/21/45WHGH7HHMRE628AWZZMVT.uasset" 4089
"/Game/__ExternalActors__/_Levels/Level2/8/6W/JPB3PLUCCAKARLHF60J1KT" 4090
"C:/Users/marco/Documents/Unreal Projects/Propulsive_Momentum/Content/__ExternalActors__/_Levels/Level2/8/6W/JPB3PLUCCAKARLHF60J1KT.uasset" 4091
"/Game/__ExternalActors__/_Levels/Level2/8/7G/2T4VA698OB65J6U9FVR1UY" 4092
"C:/Users/marco/Documents/Unreal Projects/Propulsive_Momentum/Content/__ExternalActors__/_Levels/Level2/8/7G/2T4VA698OB65J6U9FVR1UY.uasset" 4093
"/Game/__ExternalActors__/_Levels/Level2/8/7S/HX77AHKMZRH6IZI8ZBJNP9" 4094
"C:/Users/marco/Documents/Unreal Projects/Propulsive_Momentum/Content/__ExternalActors__/_Levels/Level2/8/7S/HX77AHKMZRH6IZI8ZBJNP9.uasset" 4095
"/Game/__ExternalActors__/_Levels/Level2/8/8N/1TF1CN2C54T5YIK3UAQ5ZG" 4096
"C:/Users/marco/Documents/Unreal Projects/Propulsive_Momentum/Content/__ExternalActors__/_Levels/Level2/8/8N/1TF1CN2C54T5YIK3UAQ5ZG.uasset" 4097
"/Game/__ExternalActors__/_Levels/Level2/8/B8/0B8ONNPPROH63TLX5NJRVS" 4098
"C:/Users/marco/Documents/Unreal Projects/Propulsive_Momentum/Content/__ExternalActors__/_Levels/Level2/8/B8/0B8ONNPPROH63TLX5NJRVS.uasset" 4099
"/Game/__ExternalActors__/_Levels/Level2/8/DD/XYFU9ZUWS1RUV2BZFJYEP9" 4100
"C:/Users/marco/Documents/Unreal Projects/Propulsive_Momentum/Content/__ExternalActors__/_Levels/Level2/8/DD/XYFU9ZUWS1RUV2BZFJYEP9.uasset" 4101
"/Game/__ExternalActors__/_Levels/Level2/8/DH/30TISDECAU51FX9VNFSORQ" 4102
"C:/Users/marco/Documents/Unreal Projects/Propulsive_Momentum/Content/__ExternalActors__/_Levels/Level2/8/DH/30TISDECAU51FX9VNFSORQ.uasset" 4103
"/Game/__ExternalActors__/_Levels/Level2/8/EX/NTJTUGCP39L67RVDN179UG" 4104
"C:/Users/marco/Documents/Unreal Projects/Propulsive_Momentum/Content/__ExternalActors__/_Levels/Level2/8/EX/NTJTUGCP39L67RVDN179UG.uasset" 4105
"/Game/__ExternalActors__/_Levels/Level2/8/HB/LKZ9U7KCW9MQ6AHW6T97YB" 4106
"C:/Users/marco/Documents/Unreal Projects/Propulsive_Momentum/Content/__ExternalActors__/_Levels/Level2/8/HB/LKZ9U7KCW9MQ6AHW6T97YB.uasset" 4107
"/Game/__ExternalActors__/_Levels/Level2/8/JD/EYM624GUQNC6LI6WKFG1YG" 4108
"C:/Users/marco/Documents/Unreal Projects/Propulsive_Momentum/Content/__ExternalActors__/_Levels/Level2/8/JD/EYM624GUQNC6LI6WKFG1YG.uasset" 4109
"/Game/__ExternalActors__/_Levels/Level2/8/L4/236ERK7R7CZUDLQLACZ4NO" 4110
"C:/Users/marco/Documents/Unreal Projects/Propulsive_Momentum/Content/__ExternalActors__/_Levels/Level2/8/L4/236ERK7R7CZUDLQLACZ4NO.uasset" 4111
"/Game/__ExternalActors__/_Levels/Level2/8/M3/EL0DNC3FFT3YOYGI9ANBVS" 4112
"C:/Users/marco/Documents/Unreal Projects/Propulsive_Momentum/Content/__ExternalActors__/_Levels/Level2/8/M3/EL0DNC3FFT3YOYGI9ANBVS.uasset" 4113
"/Game/__ExternalActors__/_Levels/Level2/8/MI/WQK998FYU2SODUFY10PY18" 4114
"C:/Users/marco/Documents/Unreal Projects/Propulsive_Momentum/Content/__ExternalActors__/_Levels/Level2/8/MI/WQK998FYU2SODUFY10PY18.uasset" 4115
"/Game/__ExternalActors__/_Levels/Level2/8/NA/ZAQJAEACIQ8SR8QGFEOOT0" 4116
"C:/Users/marco/Documents/Unreal Projects/Propulsive_Momentum/Content/__ExternalActors__/_Levels/Level2/8/NA/ZAQJAEACIQ8SR8QGFEOOT0.uasset" 4117
"/Game/__ExternalActors__/_Levels/Level2/8/PT/D6ZXN3KLWXCYE15T6W2UG4" 4118
"C:/Users/marco/Documents/Unreal Projects/Propulsive_Momentum/Content/__ExternalActors__/_Levels/Level2/8/PT/D6ZXN3KLWXCYE15T6W2UG4.uasset" 4119
"/Game/__ExternalActors__/_Levels/Level2/8/PZ/VFAJQ6OII3ZNJ4U7MR990Q" 4120
"C:/Users/marco/Documents/Unreal Projects/Propulsive_Momentum/Content/__ExternalActors__/_Levels/Level2/8/PZ/VFAJQ6OII3ZNJ4U7MR990Q.uasset" 4121
"/Game/__ExternalActors__/_Levels/Level2/8/TY/J40V9Y2HMU5B0RRG4VLB4F" 4122
"C:/Users/marco/Documents/Unreal Projects/Propulsive_Momentum/Content/__ExternalActors__/_Levels/Level2/8/TY/J40V9Y2HMU5B0RRG4VLB4F.uasset" 4123
"/Game/__ExternalActors__/_Levels/Level2/8/V6/0HHOF0OZ59O0X1ANOOWB1M" 4124
"C:/Users/marco/Documents/Unreal Projects/Propulsive_Momentum/Content/__ExternalActors__/_Levels/Level2/8/V6/0HHOF0OZ59O0X1ANOOWB1M.uasset" 4125
"/Game/__ExternalActors__/_Levels/Level2/8/VG/Q90YAJFJQX69MKQPBLEE0J" 4126
"C:/Users/marco/Documents/Unreal Projects/Propulsive_Momentum/Content/__ExternalActors__/_Levels/Level2/8/VG/Q90YAJFJQX69MKQPBLEE0J.uasset" 4127
"/Game/__ExternalActors__/_Levels/Level2/8/WT/3Y2P6OYGCDDLW33E1C629J" 4128
"C:/Users/marco/Documents/Unreal Projects/Propulsive_Momentum/Content/__ExternalActors__/_Levels/Level2/8/WT/3Y2P6OYGCDDLW33E1C629J.uasset" 4129
"/Game/__ExternalActors__/_Levels/Level2/8/ZN/GD7P8GAJD3W26JMJ27LHMD" 4130
"C:/Users/marco/Documents/Unreal Projects/Propulsive_Momentum/Content/__ExternalActors__/_Levels/Level2/8/ZN/GD7P8GAJD3W26JMJ27LHMD.uasset" 4131
"/Game/__ExternalActors__/_Levels/Level2/9/2R/77W86OSESX8ELMZWEMF3A3" 4132
"C:/Users/marco/Documents/Unreal Projects/Propulsive_Momentum/Content/__ExternalActors__/_Levels/Level2/9/2R/77W86OSESX8ELMZWEMF3A3.uasset" 4133
"/Game/__ExternalActors__/_Levels/Level2/9/3U/WX6T4T54CN7XZVS8JKP15T" 4134
"C:/Users/marco/Documents/Unreal Projects/Propulsive_Momentum/Content/__ExternalActors__/_Levels/Level2/9/3U/WX6T4T54CN7XZVS8JKP15T.uasset" 4135
"/Game/__ExternalActors__/_Levels/Level2/9/3X/4ES347PYHJII793BGXYH2C" 4136
"C:/Users/marco/Documents/Unreal Projects/Propulsive_Momentum/Content/__ExternalActors__/_Levels/Level2/9/3X/4ES347PYHJII793BGXYH2C.uasset" 4137
"/Game/__ExternalActors__/_Levels/Level2/9/5L/807HPZ33PHFSHD1J5UETK6" 4138
"C:/Users/marco/Documents/Unreal Projects/Propulsive_Momentum/Content/__ExternalActors__/_Levels/Level2/9/5L/807HPZ33PHFSHD1J5UETK6.uasset" 4139
"/Game/__ExternalActors__/_Levels/Level2/9/6O/XZEA3YOWDPZ56WECRIHQJF" 4140
"C:/Users/marco/Documents/Unreal Projects/Propulsive_Momentum/Content/__ExternalActors__/_Levels/Level2/9/6O/XZEA3YOWDPZ56WECRIHQJF.uasset" 4141
"/Game/__ExternalActors__/_Levels/Level2/9/76/A7YVH4VKIH7SHLUWH12PIX" 4142
"C:/Users/marco/Documents/Unreal Projects/Propulsive_Momentum/Content/__ExternalActors__/_Levels/Level2/9/76/A7YVH4VKIH7SHLUWH12PIX.uasset" 4143
"/Game/__ExternalActors__/_Levels/Level2/9/7C/78IYAZG7D2G8NXKSE4P9DX" 4144
"C:/Users/marco/Documents/Unreal Projects/Propulsive_Momentum/Content/__ExternalActors__/_Levels/Level2/9/7C/78IYAZG7D2G8NXKSE4P9DX.uasset" 4145
"/Game/__ExternalActors__/_Levels/Level2/9/7O/GQBMZEF6ISRUXTI6CHU18V" 4146
"C:/Users/marco/Documents/Unreal Projects/Propulsive_Momentum/Content/__ExternalActors__/_Levels/Level2/9/7O/GQBMZEF6ISRUXTI6CHU18V.uasset" 4147
"/Game/__ExternalActors__/_Levels/Level2/9/AU/93UOVXFDLNYYM9Q2PXE20D" 4148
"C:/Users/marco/Documents/Unreal Projects/Propulsive_Momentum/Content/__ExternalActors__/_Levels/Level2/9/AU/93UOVXFDLNYYM9Q2PXE20D.uasset" 4149
"/Game/__ExternalActors__/_Levels/Level2/9/BH/3K3BZQ5C6TA8I76MKBJVV8" 4150
"C:/Users/marco/Documents/Unreal Projects/Propulsive_Momentum/Content/__ExternalActors__/_Levels/Level2/9/BH/3K3BZQ5C6TA8I76MKBJVV8.uasset" 4151
"/Game/__ExternalActors__/_Levels/Level2/9/EB/VLA9EXZFW54MI4WV7KRGPD" 4152
"C:/Users/marco/Documents/Unreal Projects/Propulsive_Momentum/Content/__ExternalActors__/_Levels/Level2/9/EB/VLA9EXZFW54MI4WV7KRGPD.uasset" 4153
"/Game/__ExternalActors__/_Levels/Level2/9/EK/137VQTRAJ41HNDZJVJQTH4" 4154
"C:/Users/marco/Documents/Unreal Projects/Propulsive_Momentum/Content/__ExternalActors__/_Levels/Level2/9/EK/137VQTRAJ41HNDZJVJQTH4.uasset" 4155
"/Game/__ExternalActors__/_Levels/Level2/9/FF/ORTZ4HB89ITC5Y4SQ83VEJ" 4156
"C:/Users/marco/Documents/Unreal Projects/Propulsive_Momentum/Content/__ExternalActors__/_Levels/Level2/9/FF/ORTZ4HB89ITC5Y4SQ83VEJ.uasset" 4157
"/Game/__ExternalActors__/_Levels/Level2/9/FM/2BYZD25ZEF7DVX192YA6DR" 4158
"C:/Users/marco/Documents/Unreal Projects/Propulsive_Momentum/Content/__ExternalActors__/_Levels/Level2/9/FM/2BYZD25ZEF7DVX192YA6DR.uasset" 4159
"/Game/__ExternalActors__/_Levels/Level2/9/H1/7WPXHH5KYR5CN7DRBXRBI3" 4160
"C:/Users/marco/Documents/Unreal Projects/Propulsive_Momentum/Content/__ExternalActors__/_Levels/Level2/9/H1/7WPXHH5KYR5CN7DRBXRBI3.uasset" 4161
"/Game/__ExternalActors__/_Levels/Level2/9/HV/6EUHWR0WLW9OF577EXI6N4" 4162
"C:/Users/marco/Documents/Unreal Projects/Propulsive_Momentum/Content/__ExternalActors__/_Levels/Level2/9/HV/6EUHWR0WLW9OF577EXI6N4.uasset" 4163
"/Game/__ExternalActors__/_Levels/Level2/9/LH/U5186AZZ3EZVBHBKYQEPMD" 4164
"C:/Users/marco/Documents/Unreal Projects/Propulsive_Momentum/Content/__ExternalActors__/_Levels/Level2/9/LH/U5186AZZ3EZVBHBKYQEPMD.uasset" 4165
"/Game/__ExternalActors__/_Levels/Level2/9/M7/AXSQ19EFVB6LM6RSIE3Y35" 4166
"C:/Users/marco/Documents/Unreal Projects/Propulsive_Momentum/Content/__ExternalActors__/_Levels/Level2/9/M7/AXSQ19EFVB6LM6RSIE3Y35.uasset" 4167
"/Game/__ExternalActors__/_Levels/Level2/9/M8/V1CDGIDRRHIYM3OQAHI639" 4168
"C:/Users/marco/Documents/Unreal Projects/Propulsive_Momentum/Content/__ExternalActors__/_Levels/Level2/9/M8/V1CDGIDRRHIYM3OQAHI639.uasset" 4169
"/Game/__ExternalActors__/_Levels/Level2/9/PY/ZEQ5UEDQ3TE4ZQ7CLJOL8G" 4170
"C:/Users/marco/Documents/Unreal Projects/Propulsive_Momentum/Content/__ExternalActors__/_Levels/Level2/9/PY/ZEQ5UEDQ3TE4ZQ7CLJOL8G.uasset" 4171
"/Game/__ExternalActors__/_Levels/Level2/9/Q6/JU6X0AGA0VYB4B4MOW1F02" 4172
"C:/Users/marco/Documents/Unreal Projects/Propulsive_Momentum/Content/__ExternalActors__/_Levels/Level2/9/Q6/JU6X0AGA0VYB4B4MOW1F02.uasset" 4173
"/Game/__ExternalActors__/_Levels/Level2/9/Q7/7G7NDU0KM62D7O43TRFVXE" 4174
"C:/Users/marco/Documents/Unreal Projects/Propulsive_Momentum/Content/__ExternalActors__/_Levels/Level2/9/Q7/7G7NDU0KM62D7O43TRFVXE.uasset" 4175
"/Game/__ExternalActors__/_Levels/Level2/9/QY/MZOY2BFJ0TDWAI4ATOOF0R" 4176
"C:/Users/marco/Documents/Unreal Projects/Propulsive_Momentum/Content/__ExternalActors__/_Levels/Level2/9/QY/MZOY2BFJ0TDWAI4ATOOF0R.uasset" 4177
"/Game/__ExternalActors__/_Levels/Level2/9/T3/1LV48F4R5U9JVUFFM7XFGJ" 4178
"C:/Users/marco/Documents/Unreal Projects/Propulsive_Momentum/Content/__ExternalActors__/_Levels/Level2/9/T3/1LV48F4R5U9JVUFFM7XFGJ.uasset" 4179
"/Game/__ExternalActors__/_Levels/Level2/9/W1/VFA151EVCF9OV1ZYF7NMFZ" 4180
"C:/Users/marco/Documents/Unreal Projects/Propulsive_Momentum/Content/__ExternalActors__/_Levels/Level2/9/W1/VFA151EVCF9OV1ZYF7NMFZ.uasset" 4181
"/Game/__ExternalActors__/_Levels/Level2/9/XD/OORLBBG614W432N3M5RQHO" 4182
"C:/Users/marco/Documents/Unreal Projects/Propulsive_Momentum/Content/__ExternalActors__/_Levels/Level2/9/XD/OORLBBG614W432N3M5RQHO.uasset" 4183
"/Game/__ExternalActors__/_Levels/Level2/9/ZG/2ZX0PAB08KUKX7PF7Q1YYM" 4184
"C:/Users/marco/Documents/Unreal Projects/Propulsive_Momentum/Content/__ExternalActors__/_Levels/Level2/9/ZG/2ZX0PAB08KUKX7PF7Q1YYM.uasset" 4185
"/Game/__ExternalActors__/_Levels/Level2/A/11/0S5KGIE4GKDX1RVNBO4PPC" 4186
"C:/Users/marco/Documents/Unreal Projects/Propulsive_Momentum/Content/__ExternalActors__/_Levels/Level2/A/11/0S5KGIE4GKDX1RVNBO4PPC.uasset" 4187
"/Game/__ExternalActors__/_Levels/Level2/A/2D/2LG5SEYCLP1SSMB3JOUJTO" 4188
"C:/Users/marco/Documents/Unreal Projects/Propulsive_Momentum/Content/__ExternalActors__/_Levels/Level2/A/2D/2LG5SEYCLP1SSMB3JOUJTO.uasset" 4189
"/Game/__ExternalActors__/_Levels/Level2/A/2Q/I47AI58SGHVV0KAMCQVL01" 4190
"C:/Users/marco/Documents/Unreal Projects/Propulsive_Momentum/Content/__ExternalActors__/_Levels/Level2/A/2Q/I47AI58SGHVV0KAMCQVL01.uasset" 4191
"/Game/__ExternalActors__/_Levels/Level2/A/3Y/26PRU2WYYB8KYZBLOI0966" 4192
"C:/Users/marco/Documents/Unreal Projects/Propulsive_Momentum/Content/__ExternalActors__/_Levels/Level2/A/3Y/26PRU2WYYB8KYZBLOI0966.uasset" 4193
"/Game/__ExternalActors__/_Levels/Level2/A/4Y/3UM3T166FUI2X5M2XV1KE1" 4194
"C:/Users/marco/Documents/Unreal Projects/Propulsive_Momentum/Content/__ExternalActors__/_Levels/Level2/A/4Y/3UM3T166FUI2X5M2XV1KE1.uasset" 4195
"/Game/__ExternalActors__/_Levels/Level2/A/81/N5N5W8JNRTQSDKPHAAT5IK" 4196
"C:/Users/marco/Documents/Unreal Projects/Propulsive_Momentum/Content/__ExternalActors__/_Levels/Level2/A/81/N5N5W8JNRTQSDKPHAAT5IK.uasset" 4197
"/Game/__ExternalActors__/_Levels/Level2/A/95/97K9MAUCEA6RW0UXSBQ5G6" 4198
"C:/Users/marco/Documents/Unreal Projects/Propulsive_Momentum/Content/__ExternalActors__/_Levels/Level2/A/95/97K9MAUCEA6RW0UXSBQ5G6.uasset" 4199
"/Game/__ExternalActors__/_Levels/Level2/A/9R/TJDMI3NMQ9JRUC5P710FWC" 4200
"C:/Users/marco/Documents/Unreal Projects/Propulsive_Momentum/Content/__ExternalActors__/_Levels/Level2/A/9R/TJDMI3NMQ9JRUC5P710FWC.uasset" 4201
"/Game/__ExternalActors__/_Levels/Level2/A/D9/U7DVLBZJNPZ82FIPPHTSET" 4202
"C:/Users/marco/Documents/Unreal Projects/Propulsive_Momentum/Content/__ExternalActors__/_Levels/Level2/A/D9/U7DVLBZJNPZ82FIPPHTSET.uasset" 4203
"/Game/__ExternalActors__/_Levels/Level2/A/F4/R0DVMI7DTHUT6CS6225TC9" 4204
"C:/Users/marco/Documents/Unreal Projects/Propulsive_Momentum/Content/__ExternalActors__/_Levels/Level2/A/F4/R0DVMI7DTHUT6CS6225TC9.uasset" 4205
"/Game/__ExternalActors__/_Levels/Level2/A/FK/LBTJF6D59248U0WX3OVDXH" 4206
"C:/Users/marco/Documents/Unreal Projects/Propulsive_Momentum/Content/__ExternalActors__/_Levels/Level2/A/FK/LBTJF6D59248U0WX3OVDXH.uasset" 4207
"/Game/__ExternalActors__/_Levels/Level2/A/FM/WO49JI0UAYW4HP1K7GXQZK" 4208
"C:/Users/marco/Documents/Unreal Projects/Propulsive_Momentum/Content/__ExternalActors__/_Levels/Level2/A/FM/WO49JI0UAYW4HP1K7GXQZK.uasset" 4209
"/Game/__ExternalActors__/_Levels/Level2/A/FT/47PSDWTUT7FFDGFAARMBNT" 4210
"C:/Users/marco/Documents/Unreal Projects/Propulsive_Momentum/Content/__ExternalActors__/_Levels/Level2/A/FT/47PSDWTUT7FFDGFAARMBNT.uasset" 4211
"/Game/__ExternalActors__/_Levels/Level2/A/GE/4AHTVJ7W8AGKQJSS505FIN" 4212
"C:/Users/marco/Documents/Unreal Projects/Propulsive_Momentum/Content/__ExternalActors__/_Levels/Level2/A/GE/4AHTVJ7W8AGKQJSS505FIN.uasset" 4213
"/Game/__ExternalActors__/_Levels/Level2/A/GE/4ELKPM0YOKD21XY4DEX6MP" 4214
"C:/Users/marco/Documents/Unreal Projects/Propulsive_Momentum/Content/__ExternalActors__/_Levels/Level2/A/GE/4ELKPM0YOKD21XY4DEX6MP.uasset" 4215
"/Game/__ExternalActors__/_Levels/Level2/A/GF/P575KH0CMI25021LM4MY9R" 4216
"C:/Users/marco/Documents/Unreal Projects/Propulsive_Momentum/Content/__ExternalActors__/_Levels/Level2/A/GF/P575KH0CMI25021LM4MY9R.uasset" 4217
"/Game/__ExternalActors__/_Levels/Level2/A/H5/WK8QWUYSMT46RLJSBRX4QU" 4218
"C:/Users/marco/Documents/Unreal Projects/Propulsive_Momentum/Content/__ExternalActors__/_Levels/Level2/A/H5/WK8QWUYSMT46RLJSBRX4QU.uasset" 4219
"/Game/__ExternalActors__/_Levels/Level2/A/KM/XW7BZX4RZINGRJ6Q2IAJ4B" 4220
"C:/Users/marco/Documents/Unreal Projects/Propulsive_Momentum/Content/__ExternalActors__/_Levels/Level2/A/KM/XW7BZX4RZINGRJ6Q2IAJ4B.uasset" 4221
"/Game/__ExternalActors__/_Levels/Level2/A/LV/06E4N8J4E4OGRK4H64779V" 4222
"C:/Users/marco/Documents/Unreal Projects/Propulsive_Momentum/Content/__ExternalActors__/_Levels/Level2/A/LV/06E4N8J4E4OGRK4H64779V.uasset" 4223
"/Game/__ExternalActors__/_Levels/Level2/A/M7/GTZKQ2BP3UWANCDAN71YC3" 4224
"C:/Users/marco/Documents/Unreal Projects/Propulsive_Momentum/Content/__ExternalActors__/_Levels/Level2/A/M7/GTZKQ2BP3UWANCDAN71YC3.uasset" 4225
"/Game/__ExternalActors__/_Levels/Level2/A/NP/4ID6T79JUV8LCCZT7H7JS8" 4226
"C:/Users/marco/Documents/Unreal Projects/Propulsive_Momentum/Content/__ExternalActors__/_Levels/Level2/A/NP/4ID6T79JUV8LCCZT7H7JS8.uasset" 4227
"/Game/__ExternalActors__/_Levels/Level2/A/O5/NIF7QB81K36R8YCL15VZZ7" 4228
"C:/Users/marco/Documents/Unreal Projects/Propulsive_Momentum/Content/__ExternalActors__/_Levels/Level2/A/O5/NIF7QB81K36R8YCL15VZZ7.uasset" 4229
"/Game/__ExternalActors__/_Levels/Level2/A/OQ/PUPA55SRUTBSF8RYP55J4I" 4230
"C:/Users/marco/Documents/Unreal Projects/Propulsive_Momentum/Content/__ExternalActors__/_Levels/Level2/A/OQ/PUPA55SRUTBSF8RYP55J4I.uasset" 4231
"/Game/__ExternalActors__/_Levels/Level2/A/QK/70F3I88T3KP4KZHE9NZD0O" 4232
"C:/Users/marco/Documents/Unreal Projects/Propulsive_Momentum/Content/__ExternalActors__/_Levels/Level2/A/QK/70F3I88T3KP4KZHE9NZD0O.uasset" 4233
"/Game/__ExternalActors__/_Levels/Level2/A/SZ/2TNNBG6R51ZELFAVB3PVTN" 4234
"C:/Users/marco/Documents/Unreal Projects/Propulsive_Momentum/Content/__ExternalActors__/_Levels/Level2/A/SZ/2TNNBG6R51ZELFAVB3PVTN.uasset" 4235
"/Game/__ExternalActors__/_Levels/Level2/A/T8/ZJS3PJTUZ66B0SEV9508SO" 4236
"C:/Users/marco/Documents/Unreal Projects/Propulsive_Momentum/Content/__ExternalActors__/_Levels/Level2/A/T8/ZJS3PJTUZ66B0SEV9508SO.uasset" 4237
"/Game/__ExternalActors__/_Levels/Level2/A/WG/J31PPFQ60EV7EJNJSL7ODC" 4238
"C:/Users/marco/Documents/Unreal Projects/Propulsive_Momentum/Content/__ExternalActors__/_Levels/Level2/A/WG/J31PPFQ60EV7EJNJSL7ODC.uasset" 4239
"/Game/__ExternalActors__/_Levels/Level2/A/X9/DYG3ZN3SYFA1Q6QPFI8Z2U" 4240
"C:/Users/marco/Documents/Unreal Projects/Propulsive_Momentum/Content/__ExternalActors__/_Levels/Level2/A/X9/DYG3ZN3SYFA1Q6QPFI8Z2U.uasset" 4241
"/Game/__ExternalActors__/_Levels/Level2/A/XV/LNPLXGAWEQZF9TPUZ98HD9" 4242
"C:/Users/marco/Documents/Unreal Projects/Propulsive_Momentum/Content/__ExternalActors__/_Levels/Level2/A/XV/LNPLXGAWEQZF9TPUZ98HD9.uasset" 4243
"/Game/__ExternalActors__/_Levels/Level2/A/YZ/WECX3868RLNIU47GGNCOPH" 4244
"C:/Users/marco/Documents/Unreal Projects/Propulsive_Momentum/Content/__ExternalActors__/_Levels/Level2/A/YZ/WECX3868RLNIU47GGNCOPH.uasset" 4245
"/Game/__ExternalActors__/_Levels/Level2/B/1H/UGU2N4L00KHT2OBC3DBGF9" 4246
"C:/Users/marco/Documents/Unreal Projects/Propulsive_Momentum/Content/__ExternalActors__/_Levels/Level2/B/1H/UGU2N4L00KHT2OBC3DBGF9.uasset" 4247
"/Game/__ExternalActors__/_Levels/Level2/B/1Z/RR8VHK16X6N2SH5IUHWILB" 4248
"C:/Users/marco/Documents/Unreal Projects/Propulsive_Momentum/Content/__ExternalActors__/_Levels/Level2/B/1Z/RR8VHK16X6N2SH5IUHWILB.uasset" 4249
"/Game/__ExternalActors__/_Levels/Level2/B/5F/L0OVDH1O3K91WMWKOHTTED" 4250
"C:/Users/marco/Documents/Unreal Projects/Propulsive_Momentum/Content/__ExternalActors__/_Levels/Level2/B/5F/L0OVDH1O3K91WMWKOHTTED.uasset" 4251
"/Game/__ExternalActors__/_Levels/Level2/B/63/E2R84VO0IPBCN9N4C78QTL" 4252
"C:/Users/marco/Documents/Unreal Projects/Propulsive_Momentum/Content/__ExternalActors__/_Levels/Level2/B/63/E2R84VO0IPBCN9N4C78QTL.uasset" 4253
"/Game/__ExternalActors__/_Levels/Level2/B/7O/ZV4FR3YDCGG8PFI69LL7AI" 4254
"C:/Users/marco/Documents/Unreal Projects/Propulsive_Momentum/Content/__ExternalActors__/_Levels/Level2/B/7O/ZV4FR3YDCGG8PFI69LL7AI.uasset" 4255
"/Game/__ExternalActors__/_Levels/Level2/B/8E/YB75RZ154CF6DF2Y16XF45" 4256
"C:/Users/marco/Documents/Unreal Projects/Propulsive_Momentum/Content/__ExternalActors__/_Levels/Level2/B/8E/YB75RZ154CF6DF2Y16XF45.uasset" 4257
"/Game/__ExternalActors__/_Levels/Level2/B/9E/4H1BPYKR6SZZVXNDD8OS8L" 4258
"C:/Users/marco/Documents/Unreal Projects/Propulsive_Momentum/Content/__ExternalActors__/_Levels/Level2/B/9E/4H1BPYKR6SZZVXNDD8OS8L.uasset" 4259
"/Game/__ExternalActors__/_Levels/Level2/B/AP/FWY0K8RBMX5CHA3VUYBJZL" 4260
"C:/Users/marco/Documents/Unreal Projects/Propulsive_Momentum/Content/__ExternalActors__/_Levels/Level2/B/AP/FWY0K8RBMX5CHA3VUYBJZL.uasset" 4261
"/Game/__ExternalActors__/_Levels/Level2/B/AY/WGLNF3VM0VBAKOC5PEO65A" 4262
"C:/Users/marco/Documents/Unreal Projects/Propulsive_Momentum/Content/__ExternalActors__/_Levels/Level2/B/AY/WGLNF3VM0VBAKOC5PEO65A.uasset" 4263
"/Game/__ExternalActors__/_Levels/Level2/B/C7/EJESK6SRDP94YBTDRVVGJB" 4264
"C:/Users/marco/Documents/Unreal Projects/Propulsive_Momentum/Content/__ExternalActors__/_Levels/Level2/B/C7/EJESK6SRDP94YBTDRVVGJB.uasset" 4265
"/Game/__ExternalActors__/_Levels/Level2/B/CM/35FUQI6M9KF5EWBCX2C5GW" 4266
"C:/Users/marco/Documents/Unreal Projects/Propulsive_Momentum/Content/__ExternalActors__/_Levels/Level2/B/CM/35FUQI6M9KF5EWBCX2C5GW.uasset" 4267
"/Game/__ExternalActors__/_Levels/Level2/B/F3/UXQTHT5MOXGIVRRLE7SODB" 4268
"C:/Users/marco/Documents/Unreal Projects/Propulsive_Momentum/Content/__ExternalActors__/_Levels/Level2/B/F3/UXQTHT5MOXGIVRRLE7SODB.uasset" 4269
"/Game/__ExternalActors__/_Levels/Level2/B/HH/M4ORJ6JYTAY7XULAXPFD2R" 4270
"C:/Users/marco/Documents/Unreal Projects/Propulsive_Momentum/Content/__ExternalActors__/_Levels/Level2/B/HH/M4ORJ6JYTAY7XULAXPFD2R.uasset" 4271
"/Game/__ExternalActors__/_Levels/Level2/B/K7/P3BOLK0GEFX3CVE56YJF8L" 4272
"C:/Users/marco/Documents/Unreal Projects/Propulsive_Momentum/Content/__ExternalActors__/_Levels/Level2/B/K7/P3BOLK0GEFX3CVE56YJF8L.uasset" 4273
"/Game/__ExternalActors__/_Levels/Level2/B/MO/ZB17VGG2I8SXNC0EFQNMGM" 4274
"C:/Users/marco/Documents/Unreal Projects/Propulsive_Momentum/Content/__ExternalActors__/_Levels/Level2/B/MO/ZB17VGG2I8SXNC0EFQNMGM.uasset" 4275
"/Game/__ExternalActors__/_Levels/Level2/B/P5/FHD406BMBY6T23RBR4UKOP" 4276
"C:/Users/marco/Documents/Unreal Projects/Propulsive_Momentum/Content/__ExternalActors__/_Levels/Level2/B/P5/FHD406BMBY6T23RBR4UKOP.uasset" 4277
"/Game/__ExternalActors__/_Levels/Level2/B/Q5/XKQWSCPG3K8XNCNG25K34C" 4278
"C:/Users/marco/Documents/Unreal Projects/Propulsive_Momentum/Content/__ExternalActors__/_Levels/Level2/B/Q5/XKQWSCPG3K8XNCNG25K34C.uasset" 4279
"/Game/__ExternalActors__/_Levels/Level2/B/RB/UO6CLI03M8LWBVT3KS2R6G" 4280
"C:/Users/marco/Documents/Unreal Projects/Propulsive_Momentum/Content/__ExternalActors__/_Levels/Level2/B/RB/UO6CLI03M8LWBVT3KS2R6G.uasset" 4281
"/Game/__ExternalActors__/_Levels/Level2/B/V7/ADJFVPEWAV3IT91NUT798N" 4282
"C:/Users/marco/Documents/Unreal Projects/Propulsive_Momentum/Content/__ExternalActors__/_Levels/Level2/B/V7/ADJFVPEWAV3IT91NUT798N.uasset" 4283
"/Game/__ExternalActors__/_Levels/Level2/B/XF/VC61JW8K7Y0WYGEON277BK" 4284
"C:/Users/marco/Documents/Unreal Projects/Propulsive_Momentum/Content/__ExternalActors__/_Levels/Level2/B/XF/VC61JW8K7Y0WYGEON277BK.uasset" 4285
"/Game/__ExternalActors__/_Levels/Level2/B/YT/U1H9IKCNZYZSMRWOXPIWKC" 4286
"C:/Users/marco/Documents/Unreal Projects/Propulsive_Momentum/Content/__ExternalActors__/_Levels/Level2/B/YT/U1H9IKCNZYZSMRWOXPIWKC.uasset" 4287
"/Game/__ExternalActors__/_Levels/Level2/C/3Z/VSUS3Q2LHLKXZ8BPFYFMCZ" 4288
"C:/Users/marco/Documents/Unreal Projects/Propulsive_Momentum/Content/__ExternalActors__/_Levels/Level2/C/3Z/VSUS3Q2LHLKXZ8BPFYFMCZ.uasset" 4289
"/Game/__ExternalActors__/_Levels/Level2/C/8A/SOELBZJTSBE2SPIWG9BA8B" 4290
"C:/Users/marco/Documents/Unreal Projects/Propulsive_Momentum/Content/__ExternalActors__/_Levels/Level2/C/8A/SOELBZJTSBE2SPIWG9BA8B.uasset" 4291
"/Game/__ExternalActors__/_Levels/Level2/C/93/H97M0P9YMWVMUHZPO7716U" 4292
"C:/Users/marco/Documents/Unreal Projects/Propulsive_Momentum/Content/__ExternalActors__/_Levels/Level2/C/93/H97M0P9YMWVMUHZPO7716U.uasset" 4293
"/Game/__ExternalActors__/_Levels/Level2/C/9D/W8EUOHZK3M2JU3Z6QPKG2P" 4294
"C:/Users/marco/Documents/Unreal Projects/Propulsive_Momentum/Content/__ExternalActors__/_Levels/Level2/C/9D/W8EUOHZK3M2JU3Z6QPKG2P.uasset" 4295
"/Game/__ExternalActors__/_Levels/Level2/C/9M/MTMWQ5TO2QHCYK8XBLTSEJ" 4296
"C:/Users/marco/Documents/Unreal Projects/Propulsive_Momentum/Content/__ExternalActors__/_Levels/Level2/C/9M/MTMWQ5TO2QHCYK8XBLTSEJ.uasset" 4297
"/Game/__ExternalActors__/_Levels/Level2/C/9Q/OO3A9P3QPOH1HOALZJ3W16" 4298
"C:/Users/marco/Documents/Unreal Projects/Propulsive_Momentum/Content/__ExternalActors__/_Levels/Level2/C/9Q/OO3A9P3QPOH1HOALZJ3W16.uasset" 4299
"/Game/__ExternalActors__/_Levels/Level2/C/I7/HO5DB05DYTA6QY118DMAZF" 4300
"C:/Users/marco/Documents/Unreal Projects/Propulsive_Momentum/Content/__ExternalActors__/_Levels/Level2/C/I7/HO5DB05DYTA6QY118DMAZF.uasset" 4301
"/Game/__ExternalActors__/_Levels/Level2/C/IC/MPT1IFQMFI67A203LB3J13" 4302
"C:/Users/marco/Documents/Unreal Projects/Propulsive_Momentum/Content/__ExternalActors__/_Levels/Level2/C/IC/MPT1IFQMFI67A203LB3J13.uasset" 4303
"/Game/__ExternalActors__/_Levels/Level2/C/JD/JUYFV7VQV7H9RFA3M9FGD0" 4304
"C:/Users/marco/Documents/Unreal Projects/Propulsive_Momentum/Content/__ExternalActors__/_Levels/Level2/C/JD/JUYFV7VQV7H9RFA3M9FGD0.uasset" 4305
"/Game/__ExternalActors__/_Levels/Level2/C/LY/PHE2J486P9ZBM3FWZGNUYO" 4306
"C:/Users/marco/Documents/Unreal Projects/Propulsive_Momentum/Content/__ExternalActors__/_Levels/Level2/C/LY/PHE2J486P9ZBM3FWZGNUYO.uasset" 4307
"/Game/__ExternalActors__/_Levels/Level2/C/M4/CZ0Q00XQ13503ZND13AS4L" 4308
"C:/Users/marco/Documents/Unreal Projects/Propulsive_Momentum/Content/__ExternalActors__/_Levels/Level2/C/M4/CZ0Q00XQ13503ZND13AS4L.uasset" 4309
"/Game/__ExternalActors__/_Levels/Level2/C/MQ/BR5Y1BZ4K6W01QDKUM0KFE" 4310
"C:/Users/marco/Documents/Unreal Projects/Propulsive_Momentum/Content/__ExternalActors__/_Levels/Level2/C/MQ/BR5Y1BZ4K6W01QDKUM0KFE.uasset" 4311
"/Game/__ExternalActors__/_Levels/Level2/C/N5/R9CHD9QHCMNGR4WYF71AK6" 4312
"C:/Users/marco/Documents/Unreal Projects/Propulsive_Momentum/Content/__ExternalActors__/_Levels/Level2/C/N5/R9CHD9QHCMNGR4WYF71AK6.uasset" 4313
"/Game/__ExternalActors__/_Levels/Level2/C/NU/0O7X1O70SZOLFWYEBJ1U25" 4314
"C:/Users/marco/Documents/Unreal Projects/Propulsive_Momentum/Content/__ExternalActors__/_Levels/Level2/C/NU/0O7X1O70SZOLFWYEBJ1U25.uasset" 4315
"/Game/__ExternalActors__/_Levels/Level2/C/OO/MG143IT58VLSP8PRGBBQT9" 4316
"C:/Users/marco/Documents/Unreal Projects/Propulsive_Momentum/Content/__ExternalActors__/_Levels/Level2/C/OO/MG143IT58VLSP8PRGBBQT9.uasset" 4317
"/Game/__ExternalActors__/_Levels/Level2/C/PP/RSCSNI1DDGVG1GVXDPXSDE" 4318
"C:/Users/marco/Documents/Unreal Projects/Propulsive_Momentum/Content/__ExternalActors__/_Levels/Level2/C/PP/RSCSNI1DDGVG1GVXDPXSDE.uasset" 4319
"/Game/__ExternalActors__/_Levels/Level2/C/QQ/JXTK5TTM6264Y8NDJ937QO" 4320
"C:/Users/marco/Documents/Unreal Projects/Propulsive_Momentum/Content/__ExternalActors__/_Levels/Level2/C/QQ/JXTK5TTM6264Y8NDJ937QO.uasset" 4321
"/Game/__ExternalActors__/_Levels/Level2/C/TV/W1CX142YV4OBM3ZU607L8H" 4322
"C:/Users/marco/Documents/Unreal Projects/Propulsive_Momentum/Content/__ExternalActors__/_Levels/Level2/C/TV/W1CX142YV4OBM3ZU607L8H.uasset" 4323
"/Game/__ExternalActors__/_Levels/Level2/C/XM/24BBIWQ86O96W9IKF2E7O5" 4324
"C:/Users/marco/Documents/Unreal Projects/Propulsive_Momentum/Content/__ExternalActors__/_Levels/Level2/C/XM/24BBIWQ86O96W9IKF2E7O5.uasset" 4325
"/Game/__ExternalActors__/_Levels/Level2/D/3I/QJQA7OHU4EMOVHRWABBAV2" 4326
"C:/Users/marco/Documents/Unreal Projects/Propulsive_Momentum/Content/__ExternalActors__/_Levels/Level2/D/3I/QJQA7OHU4EMOVHRWABBAV2.uasset" 4327
"/Game/__ExternalActors__/_Levels/Level2/D/5M/5BFKAAVVUD1E4GKP1XS066" 4328
"C:/Users/marco/Documents/Unreal Projects/Propulsive_Momentum/Content/__ExternalActors__/_Levels/Level2/D/5M/5BFKAAVVUD1E4GKP1XS066.uasset" 4329
"/Game/__ExternalActors__/_Levels/Level2/D/6O/S8951GOBG68K0JZ4WEM7RL" 4330
"C:/Users/marco/Documents/Unreal Projects/Propulsive_Momentum/Content/__ExternalActors__/_Levels/Level2/D/6O/S8951GOBG68K0JZ4WEM7RL.uasset" 4331
"/Game/__ExternalActors__/_Levels/Level2/D/BI/F6MJ04Y4Q366H3UI0A162G" 4332
"C:/Users/marco/Documents/Unreal Projects/Propulsive_Momentum/Content/__ExternalActors__/_Levels/Level2/D/BI/F6MJ04Y4Q366H3UI0A162G.uasset" 4333
"/Game/__ExternalActors__/_Levels/Level2/D/BU/PREN2GGJ4R32SW8MDI1KDV" 4334
"C:/Users/marco/Documents/Unreal Projects/Propulsive_Momentum/Content/__ExternalActors__/_Levels/Level2/D/BU/PREN2GGJ4R32SW8MDI1KDV.uasset" 4335
"/Game/__ExternalActors__/_Levels/Level2/D/FA/O42E4FON2NVRRUD3XS20N6" 4336
"C:/Users/marco/Documents/Unreal Projects/Propulsive_Momentum/Content/__ExternalActors__/_Levels/Level2/D/FA/O42E4FON2NVRRUD3XS20N6.uasset" 4337
"/Game/__ExternalActors__/_Levels/Level2/D/HJ/D9U45SCNA4Y7NBMEBSMBLM" 4338
"C:/Users/marco/Documents/Unreal Projects/Propulsive_Momentum/Content/__ExternalActors__/_Levels/Level2/D/HJ/D9U45SCNA4Y7NBMEBSMBLM.uasset" 4339
"/Game/__ExternalActors__/_Levels/Level2/D/JY/P15LRQ56RA83UXJVZ28PED" 4340
"C:/Users/marco/Documents/Unreal Projects/Propulsive_Momentum/Content/__ExternalActors__/_Levels/Level2/D/JY/P15LRQ56RA83UXJVZ28PED.uasset" 4341
"/Game/__ExternalActors__/_Levels/Level2/D/KN/ANZLWRYYTFDK4FOSDRZE9X" 4342
"C:/Users/marco/Documents/Unreal Projects/Propulsive_Momentum/Content/__ExternalActors__/_Levels/Level2/D/KN/ANZLWRYYTFDK4FOSDRZE9X.uasset" 4343
"/Game/__ExternalActors__/_Levels/Level2/D/MG/AFQBISAPG2006DOAGPYNIP" 4344
"C:/Users/marco/Documents/Unreal Projects/Propulsive_Momentum/Content/__ExternalActors__/_Levels/Level2/D/MG/AFQBISAPG2006DOAGPYNIP.uasset" 4345
"/Game/__ExternalActors__/_Levels/Level2/D/MQ/17J2LRVHNR5GIBKDQ94ZEY" 4346
"C:/Users/marco/Documents/Unreal Projects/Propulsive_Momentum/Content/__ExternalActors__/_Levels/Level2/D/MQ/17J2LRVHNR5GIBKDQ94ZEY.uasset" 4347
"/Game/__ExternalActors__/_Levels/Level2/D/MW/YJS4RGKK4QMGS01KGSF2TM" 4348
"C:/Users/marco/Documents/Unreal Projects/Propulsive_Momentum/Content/__ExternalActors__/_Levels/Level2/D/MW/YJS4RGKK4QMGS01KGSF2TM.uasset" 4349
"/Game/__ExternalActors__/_Levels/Level2/D/ND/TJOY1Z28QQXOFZVCWKD89N" 4350
"C:/Users/marco/Documents/Unreal Projects/Propulsive_Momentum/Content/__ExternalActors__/_Levels/Level2/D/ND/TJOY1Z28QQXOFZVCWKD89N.uasset" 4351
"/Game/__ExternalActors__/_Levels/Level2/D/QC/CSOIDRAVXHY9R0IZV7LD2M" 4352
"C:/Users/marco/Documents/Unreal Projects/Propulsive_Momentum/Content/__ExternalActors__/_Levels/Level2/D/QC/CSOIDRAVXHY9R0IZV7LD2M.uasset" 4353
"/Game/__ExternalActors__/_Levels/Level2/D/T9/NIEYQI4RXBFIIK9MUVOXVH" 4354
"C:/Users/marco/Documents/Unreal Projects/Propulsive_Momentum/Content/__ExternalActors__/_Levels/Level2/D/T9/NIEYQI4RXBFIIK9MUVOXVH.uasset" 4355
"/Game/__ExternalActors__/_Levels/Level2/D/UH/C8ZAJYSLG2TB9YUORG0NVW" 4356
"C:/Users/marco/Documents/Unreal Projects/Propulsive_Momentum/Content/__ExternalActors__/_Levels/Level2/D/UH/C8ZAJYSLG2TB9YUORG0NVW.uasset" 4357
"/Game/__ExternalActors__/_Levels/Level2/D/UZ/7GB19HKS1DV3B3Y1R1VGQW" 4358
"C:/Users/marco/Documents/Unreal Projects/Propulsive_Momentum/Content/__ExternalActors__/_Levels/Level2/D/UZ/7GB19HKS1DV3B3Y1R1VGQW.uasset" 4359
"/Game/__ExternalActors__/_Levels/Level2/D/V2/E19XXPEGDHXVAL2U7T565G" 4360
"C:/Users/marco/Documents/Unreal Projects/Propulsive_Momentum/Content/__ExternalActors__/_Levels/Level2/D/V2/E19XXPEGDHXVAL2U7T565G.uasset" 4361
"/Game/__ExternalActors__/_Levels/Level2/D/XC/1BB1IHGQDORXZEGY84KSA8" 4362
"C:/Users/marco/Documents/Unreal Projects/Propulsive_Momentum/Content/__ExternalActors__/_Levels/Level2/D/XC/1BB1IHGQDORXZEGY84KSA8.uasset" 4363
"/Game/__ExternalActors__/_Levels/Level2/D/XC/W4X93FZX9R3TOWI9MO077E" 4364
"C:/Users/marco/Documents/Unreal Projects/Propulsive_Momentum/Content/__ExternalActors__/_Levels/Level2/D/XC/W4X93FZX9R3TOWI9MO077E.uasset" 4365
"/Game/__ExternalActors__/_Levels/Level2/D/Y0/LA9MZLK8MHR08605T9LJPK" 4366
"C:/Users/marco/Documents/Unreal Projects/Propulsive_Momentum/Content/__ExternalActors__/_Levels/Level2/D/Y0/LA9MZLK8MHR08605T9LJPK.uasset" 4367
"/Game/__ExternalActors__/_Levels/Level2/D/YU/3XO3P9DR3ENECS7VVC831U" 4368
"C:/Users/marco/Documents/Unreal Projects/Propulsive_Momentum/Content/__ExternalActors__/_Levels/Level2/D/YU/3XO3P9DR3ENECS7VVC831U.uasset" 4369
"/Game/__ExternalActors__/_Levels/Level2/D/Z8/W2YD47YM6YFI5WWJJJF82K" 4370
"C:/Users/marco/Documents/Unreal Projects/Propulsive_Momentum/Content/__ExternalActors__/_Levels/Level2/D/Z8/W2YD47YM6YFI5WWJJJF82K.uasset" 4371
"/Game/__ExternalActors__/_Levels/Level2/E/02/50G5T2UPBHYA1H49KJ0PQ4" 4372
"C:/Users/marco/Documents/Unreal Projects/Propulsive_Momentum/Content/__ExternalActors__/_Levels/Level2/E/02/50G5T2UPBHYA1H49KJ0PQ4.uasset" 4373
"/Game/__ExternalActors__/_Levels/Level2/E/3F/4JP6TX5JJ7B1QSV2QJRPG7" 4374
"C:/Users/marco/Documents/Unreal Projects/Propulsive_Momentum/Content/__ExternalActors__/_Levels/Level2/E/3F/4JP6TX5JJ7B1QSV2QJRPG7.uasset" 4375
"/Game/__ExternalActors__/_Levels/Level2/E/47/NREDRAD9CWRT3DPP8CTBM4" 4376
"C:/Users/marco/Documents/Unreal Projects/Propulsive_Momentum/Content/__ExternalActors__/_Levels/Level2/E/47/NREDRAD9CWRT3DPP8CTBM4.uasset" 4377
"/Game/__ExternalActors__/_Levels/Level2/E/6M/DPQ17O92OHB7QHGFQX0DDA" 4378
"C:/Users/marco/Documents/Unreal Projects/Propulsive_Momentum/Content/__ExternalActors__/_Levels/Level2/E/6M/DPQ17O92OHB7QHGFQX0DDA.uasset" 4379
"/Game/__ExternalActors__/_Levels/Level2/E/7O/1SOHFAIA0YBYN4ZOG1ZG57" 4380
"C:/Users/marco/Documents/Unreal Projects/Propulsive_Momentum/Content/__ExternalActors__/_Levels/Level2/E/7O/1SOHFAIA0YBYN4ZOG1ZG57.uasset" 4381
"/Game/__ExternalActors__/_Levels/Level2/E/AF/R4FR595SWVD21WQYFS1KST" 4382
"C:/Users/marco/Documents/Unreal Projects/Propulsive_Momentum/Content/__ExternalActors__/_Levels/Level2/E/AF/R4FR595SWVD21WQYFS1KST.uasset" 4383
"/Game/__ExternalActors__/_Levels/Level2/E/B2/LLANRXAKFKAJIILNCTUHPC" 4384
"C:/Users/marco/Documents/Unreal Projects/Propulsive_Momentum/Content/__ExternalActors__/_Levels/Level2/E/B2/LLANRXAKFKAJIILNCTUHPC.uasset" 4385
"/Game/__ExternalActors__/_Levels/Level2/E/CT/T9QNJVA49VTY9PWFDT2SHN" 4386
"C:/Users/marco/Documents/Unreal Projects/Propulsive_Momentum/Content/__ExternalActors__/_Levels/Level2/E/CT/T9QNJVA49VTY9PWFDT2SHN.uasset" 4387
"/Game/__ExternalActors__/_Levels/Level2/E/DS/VNQG1GUY37EPSK66S919K8" 4388
"C:/Users/marco/Documents/Unreal Projects/Propulsive_Momentum/Content/__ExternalActors__/_Levels/Level2/E/DS/VNQG1GUY37EPSK66S919K8.uasset" 4389
"/Game/__ExternalActors__/_Levels/Level2/E/F5/SIB7QPKHKK4QIWL5MKME1L" 4390
"C:/Users/marco/Documents/Unreal Projects/Propulsive_Momentum/Content/__ExternalActors__/_Levels/Level2/E/F5/SIB7QPKHKK4QIWL5MKME1L.uasset" 4391
"/Game/__ExternalActors__/_Levels/Level2/E/GQ/VUO8PMC8UO2O8UK87W5I7A" 4392
"C:/Users/marco/Documents/Unreal Projects/Propulsive_Momentum/Content/__ExternalActors__/_Levels/Level2/E/GQ/VUO8PMC8UO2O8UK87W5I7A.uasset" 4393
"/Game/__ExternalActors__/_Levels/Level2/E/H8/9E8F9XY8A5G8JOEWQ5V7RM" 4394
"C:/Users/marco/Documents/Unreal Projects/Propulsive_Momentum/Content/__ExternalActors__/_Levels/Level2/E/H8/9E8F9XY8A5G8JOEWQ5V7RM.uasset" 4395
"/Game/__ExternalActors__/_Levels/Level2/E/KC/1BGUWSBED9MIC76UKY3PJ4" 4396
"C:/Users/marco/Documents/Unreal Projects/Propulsive_Momentum/Content/__ExternalActors__/_Levels/Level2/E/KC/1BGUWSBED9MIC76UKY3PJ4.uasset" 4397
"/Game/__ExternalActors__/_Levels/Level2/E/KG/M9RQ0I7951LALQRAPFBZ4R" 4398
"C:/Users/marco/Documents/Unreal Projects/Propulsive_Momentum/Content/__ExternalActors__/_Levels/Level2/E/KG/M9RQ0I7951LALQRAPFBZ4R.uasset" 4399
"/Game/__ExternalActors__/_Levels/Level2/E/KS/5Q3QS3HYUAZJ60H8KAMHIS" 4400
"C:/Users/marco/Documents/Unreal Projects/Propulsive_Momentum/Content/__ExternalActors__/_Levels/Level2/E/KS/5Q3QS3HYUAZJ60H8KAMHIS.uasset" 4401
"/Game/__ExternalActors__/_Levels/Level2/E/LT/OJFEQVCZJZCF2MOTZGRRUR" 4402
"C:/Users/marco/Documents/Unreal Projects/Propulsive_Momentum/Content/__ExternalActors__/_Levels/Level2/E/LT/OJFEQVCZJZCF2MOTZGRRUR.uasset" 4403
"/Game/__ExternalActors__/_Levels/Level2/E/OK/D4AKPR6MY0ZEYZHNAAAYUW" 4404
"C:/Users/marco/Documents/Unreal Projects/Propulsive_Momentum/Content/__ExternalActors__/_Levels/Level2/E/OK/D4AKPR6MY0ZEYZHNAAAYUW.uasset" 4405
"/Game/__ExternalActors__/_Levels/Level2/E/QL/1TGII54AB6DB5ZS8NSVW65" 4406
"C:/Users/marco/Documents/Unreal Projects/Propulsive_Momentum/Content/__ExternalActors__/_Levels/Level2/E/QL/1TGII54AB6DB5ZS8NSVW65.uasset" 4407
"/Game/__ExternalActors__/_Levels/Level2/E/TF/K83M1PCNFWB7IEJOMKUBJR" 4408
"C:/Users/marco/Documents/Unreal Projects/Propulsive_Momentum/Content/__ExternalActors__/_Levels/Level2/E/TF/K83M1PCNFWB7IEJOMKUBJR.uasset" 4409
"/Game/__ExternalActors__/_Levels/Level2/E/UD/WSXXAMPRWWYYWD38OBGT07" 4410
"C:/Users/marco/Documents/Unreal Projects/Propulsive_Momentum/Content/__ExternalActors__/_Levels/Level2/E/UD/WSXXAMPRWWYYWD38OBGT07.uasset" 4411
"/Game/__ExternalActors__/_Levels/Level2/E/VA/SYVAYPRAXZPWB22LX6ZP5A" 4412
"C:/Users/marco/Documents/Unreal Projects/Propulsive_Momentum/Content/__ExternalActors__/_Levels/Level2/E/VA/SYVAYPRAXZPWB22LX6ZP5A.uasset" 4413
"/Game/__ExternalActors__/_Levels/Level2/E/VT/LXK0NM1YA5X36UPKT87LHA" 4414
"C:/Users/marco/Documents/Unreal Projects/Propulsive_Momentum/Content/__ExternalActors__/_Levels/Level2/E/VT/LXK0NM1YA5X36UPKT87LHA.uasset" 4415
"/Game/__ExternalActors__/_Levels/Level2/E/WF/GMKTH67PDIIOBCSB8Q6QQ1" 4416
"C:/Users/marco/Documents/Unreal Projects/Propulsive_Momentum/Content/__ExternalActors__/_Levels/Level2/E/WF/GMKTH67PDIIOBCSB8Q6QQ1.uasset" 4417
"/Game/__ExternalActors__/_Levels/Level2/E/Y0/WF0LCEB6Z4BCIDNXH0YTQC" 4418
"C:/Users/marco/Documents/Unreal Projects/Propulsive_Momentum/Content/__ExternalActors__/_Levels/Level2/E/Y0/WF0LCEB6Z4BCIDNXH0YTQC.uasset" 4419
"/Game/__ExternalActors__/_Levels/Level2/E/ZT/0O35FCUR81AALL2O0BRKQR" 4420
"C:/Users/marco/Documents/Unreal Projects/Propulsive_Momentum/Content/__ExternalActors__/_Levels/Level2/E/ZT/0O35FCUR81AALL2O0BRKQR.uasset" 4421
"/Game/__ExternalActors__/_Levels/Level2/F/35/485DT8MA6RIOF8UJ4Y4LY9" 4422
"C:/Users/marco/Documents/Unreal Projects/Propulsive_Momentum/Content/__ExternalActors__/_Levels/Level2/F/35/485DT8MA6RIOF8UJ4Y4LY9.uasset" 4423
"/Game/__ExternalActors__/_Levels/Level2/F/40/HD11UMNUCVQJH4IIDIXS43" 4424
"C:/Users/marco/Documents/Unreal Projects/Propulsive_Momentum/Content/__ExternalActors__/_Levels/Level2/F/40/HD11UMNUCVQJH4IIDIXS43.uasset" 4425
"../../../Engine/Plugins/Interchange/Assets/Shaders/ThinFilmFunctions.usf" 4426
"/InterchangeAssets/gltf/MaterialInstances/MI_SpecularGlossiness_Mask" 4427
"/InterchangeAssets/gltf/MaterialInstances/MI_SpecularGlossiness_Opaque" 4428
"/InterchangeAssets/gltf/MaterialInstances/MI_Transmission_DS" 4429
"/InterchangeAssets/gltf/MaterialInstances/MI_Transmission" 4430
"/InterchangeAssets/gltf/MaterialInstances/MI_Sheen_Blend_DS" 4431
"/InterchangeAssets/gltf/MaterialInstances/MI_Sheen_Mask_DS" 4432
"/InterchangeAssets/gltf/MaterialInstances/MI_Sheen_Opaque_DS" 4433
"/InterchangeAssets/gltf/MaterialInstances/MI_Sheen_Blend" 4434
"/InterchangeAssets/gltf/MaterialInstances/MI_Sheen_Mask" 4435
"/InterchangeAssets/gltf/MaterialInstances/MI_Sheen_Opaque" 4436
"/InterchangeAssets/gltf/MaterialInstances/MI_Default_Blend_DS" 4437
"/InterchangeAssets/gltf/MaterialInstances/MI_Default_Mask_DS" 4438
"/InterchangeAssets/gltf/MaterialInstances/MI_Default_Opaque_DS" 4439
"/InterchangeAssets/gltf/MaterialInstances/MI_Default_Blend" 4440
"/InterchangeAssets/gltf/MaterialInstances/MI_Default_Mask" 4441
"/InterchangeAssets/gltf/MaterialInstances/MI_Default_Opaque" 4442
"C:/Users/marco/Documents/Unreal Projects/Propulsive_Momentum/Content/_Blueprints/BP_MainMenu_Gamemode.uasset" 4443
"../../../Engine/Plugins/Interchange/Assets/Content/Functions/MF_OrenNayerView.uasset" 4444
"../../../Engine/Plugins/Interchange/Assets/Content/gltf/MaterialInstances/MI_SpecularGlossiness_Mask_DS.uasset" 4445
"../../../Engine/Plugins/Interchange/Assets/Content/gltf/M_Unlit.uasset" 4446
"../../../Engine/Plugins/Interchange/Assets/Content/gltf/MaterialInstances/MI_Unlit_Blend.uasset" 4447
"../../../Engine/Plugins/Interchange/Assets/Content/gltf/MaterialInstances/MI_SpecularGlossiness_Blend_DS.uasset" 4448
"../../../Engine/Plugins/Interchange/Assets/Content/gltf/MaterialInstances/MI_Unlit_Opaque.uasset" 4449
"../../../Engine/Plugins/Interchange/Assets/Content/Functions/MX_OpenPBR_Opaque.uasset" 4450
"../../../Engine/Plugins/Interchange/Assets/Content/gltf/MaterialInstances/MI_Unlit_Mask.uasset" 4451
"../../../Engine/Content/Functions/Engine_MaterialFunctions01/Volumetrics/BeersLaw.uasset" 4452
"../../../Engine/Plugins/Interchange/Assets/Content/gltf/MaterialInstances/MI_SpecularGlossiness_Opaque_DS.uasset" 4453
"../../../Engine/Plugins/Interchange/Assets/Content/gltf/MaterialBodies/MF_Unlit_Body.uasset" 4454
"../../../Engine/Plugins/Interchange/Assets/Content/gltf/MaterialInstances/MI_SpecularGlossiness_Blend.uasset" 4455
"../../../Engine/Plugins/Interchange/Assets/Content/Functions/MX_TransmissionSurface.uasset" 4456
"../../../Engine/Content/Functions/Substrate/MF_SchlickInternal.uasset" 4457
"../../../Engine/Plugins/Interchange/Assets/Content/gltf/MaterialInstances/MI_Unlit_Opaque_DS.uasset" 4458
"../../../Engine/Plugins/Interchange/Assets/Content/Functions/MX_OpenPBR_Translucent.uasset" 4459
"C:/Users/marco/Documents/Unreal Projects/Propulsive_Momentum/Content/_UI/UI_MainMenu.uasset" 4460
"../../../Engine/Plugins/Interchange/Assets/Content/gltf/MaterialInstances/MI_Unlit_Mask_DS.uasset" 4461
"../../../Engine/Plugins/Interchange/Assets/Content/gltf/MaterialInstances/MI_Unlit_Blend_DS.uasset" 4462
"../../../Engine/Plugins/Interchange/Assets/Content/Functions/MX_Transmission.uasset" 4463
"../../../Engine/Plugins/Interchange/Assets/Content/Functions/MX_StandardSurface.uasset" 4464
"C:/Users/marco/Documents/Unreal Projects/Propulsive_Momentum/Content/_Levels/Level_MainMenu.umap" 4465
"../../../Engine/Plugins/Animation/ControlRig/Content/Controls/ControlRig_Arrow2_1mm.uasset" 4466
"../../../Engine/Plugins/Animation/ControlRig/Content/Controls/ControlRig_Arrow4_1mm.uasset" 4467
"../../../Engine/Plugins/Animation/ControlRig/Content/Controls/ControlRig_Arrow2_3mm.uasset" 4468
"../../../Engine/Plugins/Animation/ControlRig/Content/Controls/ControlRig_Arrow4_solid.uasset" 4469
"../../../Engine/Plugins/Animation/ControlRig/Content/Controls/ControlRig_Arrow_3mm.uasset" 4470
"../../../Engine/Plugins/Animation/ControlRig/Content/Controls/ControlRig_Sphere_solid.uasset" 4471
"../../../Engine/Plugins/Animation/ControlRig/Content/Controls/ControlRig_Arrow_1mm.uasset" 4472
"../../../Engine/Plugins/Animation/ControlRig/Content/Controls/ControlRig_Arrow2_solid.uasset" 4473
"../../../Engine/Plugins/Animation/ControlRig/Content/Controls/ControlRig_Arrow4_3mm.uasset" 4474
"/ControlRig/Controls/ControlRig_Arrow_3mm" 4475
"/ControlRig/Controls/ControlRig_Arrow_1mm" 4476
"/ControlRig/Controls/ControlRig_Arrow4_solid" 4477
"/ControlRig/Controls/ControlRig_Arrow4_3mm" 4478
"/ControlRig/Controls/ControlRig_Arrow4_1mm" 4479
"/ControlRig/Controls/ControlRig_Arrow2_solid" 4480
"/ControlRig/Controls/ControlRig_Arrow2_3mm" 4481
"/ControlRig/Controls/ControlRig_Arrow2_1mm" 4482
"/ControlRig/Controls/ControlRig_Sphere_solid" 4483
"/Game/_Levels/Level_MainMenu" 4484
"/InterchangeAssets/Functions/MX_OpenPBR_Opaque" 4485
"/InterchangeAssets/gltf/MaterialInstances/MI_Unlit_Blend_DS" 4486
"/InterchangeAssets/gltf/MaterialInstances/MI_Unlit_Mask_DS" 4487
"/InterchangeAssets/gltf/MaterialInstances/MI_Unlit_Opaque_DS" 4488
"/InterchangeAssets/gltf/MaterialInstances/MI_Unlit_Blend" 4489
"/InterchangeAssets/gltf/MaterialInstances/MI_Unlit_Mask" 4490
"/InterchangeAssets/gltf/MaterialInstances/MI_Unlit_Opaque" 4491
"/InterchangeAssets/Functions/MX_OpenPBR_Translucent" 4492
"/InterchangeAssets/gltf/MaterialInstances/MI_SpecularGlossiness_Blend_DS" 4493
"/InterchangeAssets/gltf/MaterialInstances/MI_SpecularGlossiness_Mask_DS" 4494
"/InterchangeAssets/gltf/MaterialInstances/MI_SpecularGlossiness_Opaque_DS" 4495
"/InterchangeAssets/gltf/MaterialInstances/MI_SpecularGlossiness_Blend" 4496
"../../../Engine/Plugins/Animation/ControlRig/Content/Controls/ControlRig_Arrow_solid.uasset" 4497
"../../../Engine/Plugins/Animation/ControlRig/Content/Controls/ControlRig_Diamond_1mm.uasset" 4498
"../../../Engine/Plugins/Animation/ControlRig/Content/Controls/ControlRig_Diamond_solid.uasset" 4499
"../../../Engine/Plugins/Animation/ControlRig/Content/Controls/ControlRig_Circle_solid.uasset" 4500
"../../../Engine/Plugins/Animation/ControlRig/Content/Controls/ControlRig_Box_3mm.uasset" 4501
"../../../Engine/Plugins/Animation/ControlRig/Content/Controls/ControlRig_Box_1mm.uasset" 4502
"../../../Engine/Plugins/Animation/ControlRig/Content/Controls/ControlRig_HalfCircle_1mm.uasset" 4503
"../../../Engine/Plugins/Animation/ControlRig/Content/Controls/ControlRig_Box_solid.uasset" 4504
"../../../Engine/Plugins/Animation/ControlRig/Content/Controls/ControlRig_HalfCircle_3mm.uasset" 4505
"../../../Engine/Plugins/Animation/ControlRig/Content/Controls/ControlRig_HalfCircle_solid.uasset" 4506
"../../../Engine/Plugins/Animation/ControlRig/Content/Controls/ControlRig_Circle_3mm.uasset" 4507
"../../../Engine/Plugins/Animation/ControlRig/Content/Controls/ControlRig_Circle_1mm.uasset" 4508
"../../../Engine/Plugins/Animation/ControlRig/Content/Controls/ControlRig_Hexagon_1mm.uasset" 4509
"../../../Engine/Plugins/Animation/ControlRig/Content/Controls/ControlRig_Diamond_3mm.uasset" 4510
"../../../Engine/Plugins/Animation/ControlRig/Content/Controls/ControlRig_Hexagon_3mm.uasset" 4511
"/ControlRig/Controls/ControlRig_Hexagon_3mm" 4512
"/ControlRig/Controls/ControlRig_Hexagon_1mm" 4513
"/ControlRig/Controls/ControlRig_HalfCircle_solid" 4514
"/ControlRig/Controls/ControlRig_HalfCircle_3mm" 4515
"/ControlRig/Controls/ControlRig_HalfCircle_1mm" 4516
"/ControlRig/Controls/ControlRig_Diamond_solid" 4517
"/ControlRig/Controls/ControlRig_Diamond_3mm" 4518
"/ControlRig/Controls/ControlRig_Diamond_1mm" 4519
"/ControlRig/Controls/ControlRig_Circle_solid" 4520
"/ControlRig/Controls/ControlRig_Circle_3mm" 4521
"/ControlRig/Controls/ControlRig_Circle_1mm" 4522
"/ControlRig/Controls/ControlRig_Box_solid" 4523
"/ControlRig/Controls/ControlRig_Box_3mm" 4524
"/ControlRig/Controls/ControlRig_Box_1mm" 4525
"/ControlRig/Controls/ControlRig_Arrow_solid" 4526
"../../../Engine/Plugins/Animation/ControlRig/Content/Controls/ControlRig_Octagon_1mm.uasset" 4527
"../../../Engine/Plugins/Animation/ControlRig/Content/Controls/ControlRig_RoundedTriangle_3mm.uasset" 4528
"../../../Engine/Plugins/Animation/ControlRig/Content/Controls/ControlRig_Square_solid.uasset" 4529
"../../../Engine/Plugins/Animation/ControlRig/Content/Controls/ControlRig_Wedge_3mm.uasset" 4530
"../../../Engine/Plugins/Animation/ControlRig/Content/Controls/ControlRig_QuarterCircle_1mm.uasset" 4531
"../../../Engine/Plugins/Animation/ControlRig/Content/Controls/ControlRig_Sphere_1mm.uasset" 4532
"../../../Engine/Plugins/Animation/ControlRig/Content/Controls/ControlRig_QuarterCircle_3mm.uasset" 4533
"../../../Engine/Plugins/Animation/ControlRig/Content/Controls/ControlRig_RoundedSquare_solid.uasset" 4534
"../../../Engine/Plugins/Animation/ControlRig/Content/Controls/ControlRig_RoundedTriangle_solid.uasset" 4535
"../../../Engine/Plugins/Animation/ControlRig/Content/Controls/ControlRig_Pyramid_1mm.uasset" 4536
"../../../Engine/Plugins/Animation/ControlRig/Content/Controls/ControlRig_Hexagon_solid.uasset" 4537
"../../../Engine/Plugins/Animation/ControlRig/Content/Controls/ControlRig_Triangle_1mm.uasset" 4538
"../../../Engine/Content/Maps/Entry_BuiltData.uasset" 4539
"../../../Engine/Plugins/Animation/ControlRig/Content/Controls/ControlRig_RoundedSquare_1mm.uasset" 4540
"../../../Engine/Plugins/Animation/ControlRig/Content/Controls/ControlRig_Octagon_3mm.uasset" 4541
"../../../Engine/Plugins/Animation/ControlRig/Content/Controls/ControlRig_Triangle_3mm.uasset" 4542
"../../../Engine/Plugins/Animation/ControlRig/Content/Controls/ControlRig_Pyramid_3mm.uasset" 4543
"../../../Engine/Plugins/Animation/ControlRig/Content/Controls/ControlRig_QuarterCircle_solid.uasset" 4544
"../../../Engine/Plugins/Animation/ControlRig/Content/Controls/ControlRig_Pyramid_solid.uasset" 4545
"../../../Engine/Content/Maps/Entry.umap" 4546
"../../../Engine/Plugins/Animation/ControlRig/Content/Controls/ControlRig_Square_3mm.uasset" 4547
"../../../Engine/Plugins/Animation/ControlRig/Content/Controls/ControlRig_Star4_solid.uasset" 4548
"../../../Engine/Plugins/Animation/ControlRig/Content/Controls/ControlRig_Wedge_1mm.uasset" 4549
"../../../Engine/Plugins/Animation/ControlRig/Content/Controls/ControlRig_Wedge_solid.uasset" 4550
"../../../Engine/Plugins/Animation/ControlRig/Content/Controls/ControlRig_RoundedTriangle_1mm.uasset" 4551
"../../../Engine/Plugins/Animation/ControlRig/Content/Controls/ControlRig_RoundedSquare_3mm.uasset" 4552
"../../../Engine/Plugins/Animation/ControlRig/Content/Controls/ControlRig_Octagon_solid.uasset" 4553
"../../../Engine/Plugins/Animation/ControlRig/Content/Controls/ControlRig_Star4_3mm.uasset" 4554
"../../../Engine/Plugins/Animation/ControlRig/Content/Controls/ControlRig_Star4_1mm.uasset" 4555
"../../../Engine/Plugins/Animation/ControlRig/Content/Controls/ControlRig_Square_1mm.uasset" 4556
"../../../Engine/Plugins/Animation/ControlRig/Content/Controls/ControlRig_Sphere_3mm.uasset" 4557
"/Engine/Maps/Entry" 4558
"/ControlRig/Controls/ControlRig_Wedge_solid" 4559
"/ControlRig/Controls/ControlRig_Wedge_3mm" 4560
"/ControlRig/Controls/ControlRig_Wedge_1mm" 4561
"/ControlRig/Controls/ControlRig_Triangle_3mm" 4562
"/ControlRig/Controls/ControlRig_Triangle_1mm" 4563
"/ControlRig/Controls/ControlRig_Star4_solid" 4564
"/ControlRig/Controls/ControlRig_Star4_3mm" 4565
"/ControlRig/Controls/ControlRig_Star4_1mm" 4566
"/ControlRig/Controls/ControlRig_Square_solid" 4567
"/ControlRig/Controls/ControlRig_Square_3mm" 4568
"/ControlRig/Controls/ControlRig_Square_1mm" 4569
"/ControlRig/Controls/ControlRig_Sphere_3mm" 4570
"/ControlRig/Controls/ControlRig_Sphere_1mm" 4571
"/ControlRig/Controls/ControlRig_RoundedTriangle_solid" 4572
"../../../Engine/Plugins/Animation/ControlRig/Content/Controls/ControlRig_Triangle_solid.uasset" 4573
"/ControlRig/Controls/ControlRig_RoundedTriangle_3mm" 4574
"/ControlRig/Controls/ControlRig_RoundedTriangle_1mm" 4575
"/ControlRig/Controls/ControlRig_RoundedSquare_solid" 4576
"/ControlRig/Controls/ControlRig_RoundedSquare_3mm" 4577
"/ControlRig/Controls/ControlRig_RoundedSquare_1mm" 4578
"/ControlRig/Controls/ControlRig_QuarterCircle_solid" 4579
"/ControlRig/Controls/ControlRig_QuarterCircle_3mm" 4580
"/ControlRig/Controls/ControlRig_QuarterCircle_1mm" 4581
"/ControlRig/Controls/ControlRig_Pyramid_solid" 4582
"/ControlRig/Controls/ControlRig_Pyramid_3mm" 4583
"/ControlRig/Controls/ControlRig_Pyramid_1mm" 4584
"/ControlRig/Controls/ControlRig_Octagon_solid" 4585
"/ControlRig/Controls/ControlRig_Octagon_3mm" 4586
"/ControlRig/Controls/ControlRig_Octagon_1mm" 4587
"/ControlRig/Controls/ControlRig_Hexagon_solid" 4588
"../../../Engine/Content/EditorMaterials/PreviewShadowIndicator.uasset" 4589
"../../../Engine/Content/EditorMaterials/PreviewShadowIndicatorMaterial.uasset" 4590
"../../../Engine/Content/EngineMaterials/Substrate/GLints/dict_16_192_64_0p5_0p02_0001_0004.uasset" 4591
"../../../Engine/Content/EngineMaterials/Substrate/GLints/dict_16_192_64_0p5_0p02_0000_0011.uasset" 4592
"../../../Engine/Content/EngineMaterials/Substrate/GLints/dict_16_192_64_0p5_0p02_0000_0010.uasset" 4593
"../../../Engine/Content/EngineMaterials/Substrate/GLints/dict_16_192_64_0p5_0p02_0000_0000.uasset" 4594
"../../../Engine/Content/EngineMaterials/Substrate/GLints/dict_16_192_64_0p5_0p02_0001_0002.uasset" 4595
"../../../Engine/Content/EngineMaterials/Substrate/GLints/dict_16_192_64_0p5_0p02_0000_0012.uasset" 4596
"../../../Engine/Content/EngineMaterials/Substrate/GLints/dict_16_192_64_0p5_0p02_0000_0003.uasset" 4597
"../../../Engine/Content/EngineMaterials/Substrate/GLints/dict_16_192_64_0p5_0p02_0000_0006.uasset" 4598
"../../../Engine/Content/EngineMaterials/Substrate/GLints/dict_16_192_64_0p5_0p02_0000_0001.uasset" 4599
"../../../Engine/Content/EngineMaterials/Substrate/GLints/dict_16_192_64_0p5_0p02_0000_0002.uasset" 4600
"../../../Engine/Content/EngineMaterials/Substrate/GLints/dict_16_192_64_0p5_0p02_0000_0005.uasset" 4601
"../../../Engine/Content/EngineMaterials/Substrate/GLints/dict_16_192_64_0p5_0p02_0001_0005.uasset" 4602
"../../../Engine/Content/EngineMaterials/Substrate/GLints/dict_16_192_64_0p5_0p02_0001_0001.uasset" 4603
"../../../Engine/Content/EngineMaterials/Substrate/GLints/dict_16_192_64_0p5_0p02_0001_0003.uasset" 4604
"../../../Engine/Content/EngineMaterials/Substrate/GLints/dict_16_192_64_0p5_0p02_0000_0008.uasset" 4605
"../../../Engine/Content/EngineMaterials/Substrate/GLints/dict_16_192_64_0p5_0p02_0001_0000.uasset" 4606
"../../../Engine/Content/EngineMaterials/Substrate/GLints/dict_16_192_64_0p5_0p02_0000_0007.uasset" 4607
"../../../Engine/Content/EngineMaterials/Substrate/GLints/dict_16_192_64_0p5_0p02_0001_0009.uasset" 4608
"../../../Engine/Content/EngineMaterials/Substrate/GLints/dict_16_192_64_0p5_0p02_0001_0006.uasset" 4609
"../../../Engine/Content/EngineMaterials/Substrate/GLints/dict_16_192_64_0p5_0p02_0001_0012.uasset" 4610
"../../../Engine/Content/EngineMaterials/Substrate/GLints/dict_16_192_64_0p5_0p02_0001_0010.uasset" 4611
"../../../Engine/Content/EngineMaterials/Substrate/GLints/dict_16_192_64_0p5_0p02_0000_0015.uasset" 4612
"../../../Engine/Content/EngineMaterials/Substrate/GLints/dict_16_192_64_0p5_0p02_0001_0007.uasset" 4613
"../../../Engine/Content/EngineMaterials/Substrate/GLints/dict_16_192_64_0p5_0p02_0000_0014.uasset" 4614
"../../../Engine/Content/EngineMaterials/Substrate/GLints/dict_16_192_64_0p5_0p02_0000_0009.uasset" 4615
"/ControlRig/Controls/ControlRig_Triangle_solid" 4616
"/Engine/EditorMaterials/PreviewShadowIndicatorMaterial" 4617
"../../../Engine/Content/EngineMaterials/Substrate/GLints/dict_16_192_64_0p5_0p02_0000_0013.uasset" 4618
"../../../Engine/Content/EngineMaterials/Substrate/GLints/dict_16_192_64_0p5_0p02_0001_0011.uasset" 4619
"../../../Engine/Content/EngineMaterials/Substrate/GLints/dict_16_192_64_0p5_0p02_0000_0004.uasset" 4620
"../../../Engine/Content/EngineMaterials/Substrate/GLints/dict_16_192_64_0p5_0p02_0001_0008.uasset" 4621
"../../../Engine/Content/EngineMaterials/Substrate/GLints/dict_16_192_64_0p5_0p02_0001_0015.uasset" 4622
"../../../Engine/Content/EngineMaterials/Substrate/GLints/dict_16_192_64_0p5_0p02_0001_0014.uasset" 4623
"../../../Engine/Content/EngineMaterials/Substrate/GLints/dict_16_192_64_0p5_0p02_0001_0013.uasset" 4624
"/Engine/EngineMaterials/Substrate/GLints/dict_16_192_64_0p5_0p02_0001_0012" 4625
"/Engine/EngineMaterials/Substrate/GLints/dict_16_192_64_0p5_0p02_0001_0011" 4626
"/Engine/EngineMaterials/Substrate/GLints/dict_16_192_64_0p5_0p02_0001_0010" 4627
"/Engine/EngineMaterials/Substrate/GLints/dict_16_192_64_0p5_0p02_0001_0009" 4628
"/Engine/EngineMaterials/Substrate/GLints/dict_16_192_64_0p5_0p02_0001_0008" 4629
"/Engine/EngineMaterials/Substrate/GLints/dict_16_192_64_0p5_0p02_0001_0007" 4630
"/Engine/EngineMaterials/Substrate/GLints/dict_16_192_64_0p5_0p02_0001_0006" 4631
"/Engine/EngineMaterials/Substrate/GLints/dict_16_192_64_0p5_0p02_0001_0005" 4632
"/Engine/EngineMaterials/Substrate/GLints/dict_16_192_64_0p5_0p02_0001_0004" 4633
"/Engine/EngineMaterials/Substrate/GLints/dict_16_192_64_0p5_0p02_0001_0003" 4634
"/Engine/EngineMaterials/Substrate/GLints/dict_16_192_64_0p5_0p02_0001_0002" 4635
"/Engine/EngineMaterials/Substrate/GLints/dict_16_192_64_0p5_0p02_0001_0001" 4636
"/Engine/EngineMaterials/Substrate/GLints/dict_16_192_64_0p5_0p02_0001_0000" 4637
"/Engine/EngineMaterials/Substrate/GLints/dict_16_192_64_0p5_0p02_0000_0015" 4638
"/Engine/EngineMaterials/Substrate/GLints/dict_16_192_64_0p5_0p02_0000_0014" 4639
"/Engine/EngineMaterials/Substrate/GLints/dict_16_192_64_0p5_0p02_0000_0013" 4640
"/Engine/EngineMaterials/Substrate/GLints/dict_16_192_64_0p5_0p02_0000_0012" 4641
"/Engine/EngineMaterials/Substrate/GLints/dict_16_192_64_0p5_0p02_0000_0011" 4642
"/Engine/EngineMaterials/Substrate/GLints/dict_16_192_64_0p5_0p02_0000_0010" 4643
"/Engine/EngineMaterials/Substrate/GLints/dict_16_192_64_0p5_0p02_0000_0009" 4644
"/Engine/EngineMaterials/Substrate/GLints/dict_16_192_64_0p5_0p02_0000_0008" 4645
"/Engine/EngineMaterials/Substrate/GLints/dict_16_192_64_0p5_0p02_0000_0007" 4646
"/Engine/EngineMaterials/Substrate/GLints/dict_16_192_64_0p5_0p02_0000_0006" 4647
"/Engine/EngineMaterials/Substrate/GLints/dict_16_192_64_0p5_0p02_0000_0005" 4648
"/Engine/EngineMaterials/Substrate/GLints/dict_16_192_64_0p5_0p02_0000_0004" 4649
"/Engine/EngineMaterials/Substrate/GLints/dict_16_192_64_0p5_0p02_0000_0003" 4650
"/Engine/EngineMaterials/Substrate/GLints/dict_16_192_64_0p5_0p02_0000_0002" 4651
"/Engine/EngineMaterials/Substrate/GLints/dict_16_192_64_0p5_0p02_0000_0001" 4652
"/Engine/EngineMaterials/Substrate/GLints/dict_16_192_64_0p5_0p02_0000_0000" 4653
"../../../Engine/Content/EngineMaterials/Substrate/GLints/dict_16_192_64_0p5_0p02_0003_0005.uasset" 4654
"../../../Engine/Content/EngineMaterials/Substrate/GLints/dict_16_192_64_0p5_0p02_0003_0001.uasset" 4655
"../../../Engine/Content/EngineMaterials/Substrate/GLints/dict_16_192_64_0p5_0p02_0002_0003.uasset" 4656
"../../../Engine/Content/EngineMaterials/Substrate/GLints/dict_16_192_64_0p5_0p02_0002_0008.uasset" 4657
"../../../Engine/Content/EngineMaterials/Substrate/GLints/dict_16_192_64_0p5_0p02_0002_0015.uasset" 4658
"../../../Engine/Content/EngineMaterials/Substrate/GLints/dict_16_192_64_0p5_0p02_0002_0002.uasset" 4659
"../../../Engine/Content/EngineMaterials/Substrate/GLints/dict_16_192_64_0p5_0p02_0002_0006.uasset" 4660
"../../../Engine/Content/EngineMaterials/Substrate/GLints/dict_16_192_64_0p5_0p02_0002_0005.uasset" 4661
"../../../Engine/Content/EngineMaterials/Substrate/GLints/dict_16_192_64_0p5_0p02_0002_0000.uasset" 4662
"../../../Engine/Content/EngineMaterials/Substrate/GLints/dict_16_192_64_0p5_0p02_0002_0010.uasset" 4663
"../../../Engine/Content/EngineMaterials/Substrate/GLints/dict_16_192_64_0p5_0p02_0002_0014.uasset" 4664
"../../../Engine/Content/EngineMaterials/Substrate/GLints/dict_16_192_64_0p5_0p02_0002_0013.uasset" 4665
"../../../Engine/Content/EngineMaterials/Substrate/GLints/dict_16_192_64_0p5_0p02_0003_0002.uasset" 4666
"../../../Engine/Content/EngineMaterials/Substrate/GLints/dict_16_192_64_0p5_0p02_0002_0012.uasset" 4667
"../../../Engine/Content/EngineMaterials/Substrate/GLints/dict_16_192_64_0p5_0p02_0002_0004.uasset" 4668
"../../../Engine/Content/EngineMaterials/Substrate/GLints/dict_16_192_64_0p5_0p02_0003_0004.uasset" 4669
"../../../Engine/Content/EngineMaterials/Substrate/GLints/dict_16_192_64_0p5_0p02_0002_0001.uasset" 4670
"../../../Engine/Content/EngineMaterials/Substrate/GLints/dict_16_192_64_0p5_0p02_0003_0000.uasset" 4671
"../../../Engine/Content/EngineMaterials/Substrate/GLints/dict_16_192_64_0p5_0p02_0002_0011.uasset" 4672
"../../../Engine/Content/EngineMaterials/Substrate/GLints/dict_16_192_64_0p5_0p02_0002_0009.uasset" 4673
"../../../Engine/Content/EngineMaterials/Substrate/GLints/dict_16_192_64_0p5_0p02_0002_0007.uasset" 4674
"../../../Engine/Content/EngineMaterials/Substrate/GLints/dict_16_192_64_0p5_0p02_0003_0003.uasset" 4675
"../../../Engine/Content/EngineMaterials/Substrate/GLints/dict_16_192_64_0p5_0p02_0003_0010.uasset" 4676
"../../../Engine/Content/EngineMaterials/Substrate/GLints/dict_16_192_64_0p5_0p02_0003_0006.uasset" 4677
"../../../Engine/Content/EngineMaterials/Substrate/GLints/dict_16_192_64_0p5_0p02_0003_0011.uasset" 4678
"../../../Engine/Content/EngineMaterials/Substrate/GLints/dict_16_192_64_0p5_0p02_0003_0007.uasset" 4679
"../../../Engine/Content/EngineMaterials/Substrate/GLints/dict_16_192_64_0p5_0p02_0003_0008.uasset" 4680
"../../../Engine/Content/EngineMaterials/Substrate/GLints/dict_16_192_64_0p5_0p02_0003_0009.uasset" 4681
"../../../Engine/Content/EngineMaterials/Substrate/GLints/dict_16_192_64_0p5_0p02_0003_0012.uasset" 4682
"../../../Engine/Plugins/Animation/DeformerGraph/Shaders/Private/DataInterfaceCustomComputeKernel.ush" 4683
"../../../Engine/Plugins/Animation/DeformerGraph/Shaders/Private/DataInterfaceCloth.ush" 4684
"../../../Engine/Plugins/Animation/DeformerGraph/Shaders/Private/DataInterfaceSkinnedMeshRead.ush" 4685
"../../../Engine/Plugins/Animation/DeformerGraph/Shaders/Private/DataInterfaceSkeleton.ush" 4686
"../../../Engine/Plugins/Animation/DeformerGraph/Shaders/Private/DataInterfaceSkeletonCommon.ush" 4687
"../../../Engine/Plugins/Animation/DeformerGraph/Shaders/Private/DataInterfaceMorphTarget.ush" 4688
"../../../Engine/Plugins/Animation/DeformerGraph/Shaders/Private/DataInterfaceSkinnedMeshWrite.ush" 4689
"../../../Engine/Plugins/Animation/DeformerGraph/Shaders/Private/DataInterfaceRawBuffer.ush" 4690
"../../../Engine/Plugins/Runtime/ComputeFramework/Shaders/Private/BufferAlias.ush" 4691
"../../../Engine/Plugins/Animation/DeformerGraph/Shaders/Private/DataInterfaceSkinnedMesh.ush" 4692
"../../../Engine/Plugins/Animation/DeformerGraph/Shaders/Private/DataInterfaceHalfEdge.ush" 4693
"/Engine/EngineMaterials/Substrate/GLints/dict_16_192_64_0p5_0p02_0001_0015" 4694
"/Engine/EngineMaterials/Substrate/GLints/dict_16_192_64_0p5_0p02_0001_0014" 4695
"/Engine/EngineMaterials/Substrate/GLints/dict_16_192_64_0p5_0p02_0001_0013" 4696
"../../../Engine/Content/EngineMaterials/Substrate/GLints/dict_16_192_64_0p5_0p02_0003_0015.uasset" 4697
"../../../Engine/Content/EngineMaterials/Substrate/GLints/dict_16_192_64_0p5_0p02_0003_0014.uasset" 4698
"/Engine/EngineMaterials/Substrate/GLints/dict_16_192_64_0p5_0p02_0003_0012" 4699
"/Engine/EngineMaterials/Substrate/GLints/dict_16_192_64_0p5_0p02_0003_0011" 4700
"/Engine/EngineMaterials/Substrate/GLints/dict_16_192_64_0p5_0p02_0003_0010" 4701
"/Engine/EngineMaterials/Substrate/GLints/dict_16_192_64_0p5_0p02_0003_0009" 4702
"/Engine/EngineMaterials/Substrate/GLints/dict_16_192_64_0p5_0p02_0003_0008" 4703
"/Engine/EngineMaterials/Substrate/GLints/dict_16_192_64_0p5_0p02_0003_0007" 4704
"/Engine/EngineMaterials/Substrate/GLints/dict_16_192_64_0p5_0p02_0003_0006" 4705
"/Engine/EngineMaterials/Substrate/GLints/dict_16_192_64_0p5_0p02_0003_0005" 4706
"/Engine/EngineMaterials/Substrate/GLints/dict_16_192_64_0p5_0p02_0003_0004" 4707
"../../../Engine/Content/EngineMaterials/Substrate/GLints/dict_16_192_64_0p5_0p02_0003_0013.uasset" 4708
"/Engine/EngineMaterials/Substrate/GLints/dict_16_192_64_0p5_0p02_0003_0003" 4709
"/Engine/EngineMaterials/Substrate/GLints/dict_16_192_64_0p5_0p02_0003_0002" 4710
"/Engine/EngineMaterials/Substrate/GLints/dict_16_192_64_0p5_0p02_0003_0001" 4711
"/Engine/EngineMaterials/Substrate/GLints/dict_16_192_64_0p5_0p02_0003_0000" 4712
"/Engine/EngineMaterials/Substrate/GLints/dict_16_192_64_0p5_0p02_0002_0015" 4713
"/Engine/EngineMaterials/Substrate/GLints/dict_16_192_64_0p5_0p02_0002_0014" 4714
"/Engine/EngineMaterials/Substrate/GLints/dict_16_192_64_0p5_0p02_0002_0013" 4715
"/Engine/EngineMaterials/Substrate/GLints/dict_16_192_64_0p5_0p02_0002_0012" 4716
"/Engine/EngineMaterials/Substrate/GLints/dict_16_192_64_0p5_0p02_0002_0011" 4717
"/Engine/EngineMaterials/Substrate/GLints/dict_16_192_64_0p5_0p02_0002_0010" 4718
"/Engine/EngineMaterials/Substrate/GLints/dict_16_192_64_0p5_0p02_0002_0009" 4719
"/Engine/EngineMaterials/Substrate/GLints/dict_16_192_64_0p5_0p02_0002_0008" 4720
"/Engine/EngineMaterials/Substrate/GLints/dict_16_192_64_0p5_0p02_0002_0007" 4721
"/Engine/EngineMaterials/Substrate/GLints/dict_16_192_64_0p5_0p02_0002_0006" 4722
"/Engine/EngineMaterials/Substrate/GLints/dict_16_192_64_0p5_0p02_0002_0005" 4723
"/Engine/EngineMaterials/Substrate/GLints/dict_16_192_64_0p5_0p02_0002_0004" 4724
"/Engine/EngineMaterials/Substrate/GLints/dict_16_192_64_0p5_0p02_0002_0003" 4725
"/Engine/EngineMaterials/Substrate/GLints/dict_16_192_64_0p5_0p02_0002_0002" 4726
"/Engine/EngineMaterials/Substrate/GLints/dict_16_192_64_0p5_0p02_0002_0001" 4727
"/Engine/EngineMaterials/Substrate/GLints/dict_16_192_64_0p5_0p02_0002_0000" 4728
"/Engine/EngineMaterials/Substrate/GLints/dict_16_192_64_0p5_0p02_0003_0015" 4729
"/Engine/EngineMaterials/Substrate/GLints/dict_16_192_64_0p5_0p02_0003_0014" 4730
"/Engine/EngineMaterials/Substrate/GLints/dict_16_192_64_0p5_0p02_0003_0013" 4731
"../../../Engine/Content/EngineMaterials/Substrate/GLints/dict_16_192_64_0p5_0p02_0004_0011.uasset" 4732
"../../../Engine/Content/EngineMaterials/Substrate/GLints/dict_16_192_64_0p5_0p02_0004_0000.uasset" 4733
"../../../Engine/Content/EngineMaterials/Substrate/GLints/dict_16_192_64_0p5_0p02_0005_0004.uasset" 4734
"../../../Engine/Content/EngineMaterials/Substrate/GLints/dict_16_192_64_0p5_0p02_0004_0009.uasset" 4735
"../../../Engine/Content/EngineMaterials/Substrate/GLints/dict_16_192_64_0p5_0p02_0004_0014.uasset" 4736
"../../../Engine/Content/EngineMaterials/Substrate/GLints/dict_16_192_64_0p5_0p02_0004_0006.uasset" 4737
"../../../Engine/Content/EngineMaterials/Substrate/GLints/dict_16_192_64_0p5_0p02_0005_0001.uasset" 4738
"../../../Engine/Content/EngineMaterials/Substrate/GLints/dict_16_192_64_0p5_0p02_0005_0000.uasset" 4739
"../../../Engine/Content/EngineMaterials/Substrate/GLints/dict_16_192_64_0p5_0p02_0004_0002.uasset" 4740
"../../../Engine/Content/EngineMaterials/Substrate/GLints/dict_16_192_64_0p5_0p02_0004_0008.uasset" 4741
"../../../Engine/Content/EngineMaterials/Substrate/GLints/dict_16_192_64_0p5_0p02_0005_0005.uasset" 4742
"/Engine/EngineMaterials/Substrate/GLints/dict_16_192_64_0p5_0p02_0005_0005" 4743
"/Engine/EngineMaterials/Substrate/GLints/dict_16_192_64_0p5_0p02_0005_0004" 4744
"/Engine/EngineMaterials/Substrate/GLints/dict_16_192_64_0p5_0p02_0005_0001" 4745
"/Engine/EngineMaterials/Substrate/GLints/dict_16_192_64_0p5_0p02_0005_0000" 4746
"/Engine/EngineMaterials/Substrate/GLints/dict_16_192_64_0p5_0p02_0004_0014" 4747
"/Engine/EngineMaterials/Substrate/GLints/dict_16_192_64_0p5_0p02_0004_0011" 4748
"/Engine/EngineMaterials/Substrate/GLints/dict_16_192_64_0p5_0p02_0004_0009" 4749
"/Engine/EngineMaterials/Substrate/GLints/dict_16_192_64_0p5_0p02_0004_0008" 4750
"/Engine/EngineMaterials/Substrate/GLints/dict_16_192_64_0p5_0p02_0004_0006" 4751
"../../../Engine/Content/EngineMaterials/Substrate/GLints/dict_16_192_64_0p5_0p02_0004_0015.uasset" 4752
"../../../Engine/Content/EngineMaterials/Substrate/GLints/dict_16_192_64_0p5_0p02_0004_0012.uasset" 4753
"/Engine/EngineMaterials/Substrate/GLints/dict_16_192_64_0p5_0p02_0004_0002" 4754
"/Engine/EngineMaterials/Substrate/GLints/dict_16_192_64_0p5_0p02_0004_0000" 4755
"../../../Engine/Content/EngineMaterials/Substrate/GLints/dict_16_192_64_0p5_0p02_0005_0003.uasset" 4756
"../../../Engine/Content/EngineMaterials/Substrate/GLints/dict_16_192_64_0p5_0p02_0005_0012.uasset" 4757
"/Engine/EngineMaterials/Substrate/GLints/dict_16_192_64_0p5_0p02_0005_0012" 4758
"/Engine/EngineMaterials/Substrate/GLints/dict_16_192_64_0p5_0p02_0005_0003" 4759
"/Engine/EngineMaterials/Substrate/GLints/dict_16_192_64_0p5_0p02_0004_0015" 4760
"/Engine/EngineMaterials/Substrate/GLints/dict_16_192_64_0p5_0p02_0004_0012" 4761
"../../../Engine/Content/EngineMaterials/Substrate/GLints/dict_16_192_64_0p5_0p02_0004_0005.uasset" 4762
"../../../Engine/Content/EngineMaterials/Substrate/GLints/dict_16_192_64_0p5_0p02_0005_0013.uasset" 4763
"../../../Engine/Content/EngineMaterials/Substrate/GLints/dict_16_192_64_0p5_0p02_0004_0004.uasset" 4764
"../../../Engine/Content/EngineMaterials/Substrate/GLints/dict_16_192_64_0p5_0p02_0005_0010.uasset" 4765
"../../../Engine/Content/EngineMaterials/Substrate/GLints/dict_16_192_64_0p5_0p02_0004_0001.uasset" 4766
"../../../Engine/Content/EngineMaterials/Substrate/GLints/dict_16_192_64_0p5_0p02_0005_0002.uasset" 4767
"../../../Engine/Content/EngineMaterials/Substrate/GLints/dict_16_192_64_0p5_0p02_0005_0011.uasset" 4768
"/Engine/EngineMaterials/Substrate/GLints/dict_16_192_64_0p5_0p02_0005_0010" 4769
"/Engine/EngineMaterials/Substrate/GLints/dict_16_192_64_0p5_0p02_0005_0002" 4770
"/Engine/EngineMaterials/Substrate/GLints/dict_16_192_64_0p5_0p02_0004_0005" 4771
"/Engine/EngineMaterials/Substrate/GLints/dict_16_192_64_0p5_0p02_0004_0004" 4772
"../../../Engine/Content/EngineMaterials/Substrate/GLints/dict_16_192_64_0p5_0p02_0005_0007.uasset" 4773
"/Engine/EngineMaterials/Substrate/GLints/dict_16_192_64_0p5_0p02_0004_0001" 4774
"/Engine/EngineMaterials/Substrate/GLints/dict_16_192_64_0p5_0p02_0005_0013" 4775
"/Engine/EngineMaterials/Substrate/GLints/dict_16_192_64_0p5_0p02_0005_0011" 4776
"/Engine/EngineMaterials/Substrate/GLints/dict_16_192_64_0p5_0p02_0005_0007" 4777
"../../../Engine/Content/EngineMaterials/Substrate/GLints/dict_16_192_64_0p5_0p02_0004_0013.uasset" 4778
"../../../Engine/Content/EngineMaterials/Substrate/GLints/dict_16_192_64_0p5_0p02_0004_0010.uasset" 4779
"../../../Engine/Content/EngineMaterials/Substrate/GLints/dict_16_192_64_0p5_0p02_0006_0005.uasset" 4780
"/Engine/EngineMaterials/Substrate/GLints/dict_16_192_64_0p5_0p02_0004_0013" 4781
"/Engine/EngineMaterials/Substrate/GLints/dict_16_192_64_0p5_0p02_0006_0005" 4782
"/Engine/EngineMaterials/Substrate/GLints/dict_16_192_64_0p5_0p02_0004_0010" 4783
"../../../Engine/Content/EngineMaterials/Substrate/GLints/dict_16_192_64_0p5_0p02_0006_0009.uasset" 4784
"../../../Engine/Content/EngineMaterials/Substrate/GLints/dict_16_192_64_0p5_0p02_0006_0000.uasset" 4785
"../../../Engine/Content/EngineMaterials/Substrate/GLints/dict_16_192_64_0p5_0p02_0006_0004.uasset" 4786
"../../../Engine/Content/EngineMaterials/Substrate/GLints/dict_16_192_64_0p5_0p02_0006_0003.uasset" 4787
"../../../Engine/Content/EngineMaterials/Substrate/GLints/dict_16_192_64_0p5_0p02_0005_0006.uasset" 4788
"../../../Engine/Content/EngineMaterials/Substrate/GLints/dict_16_192_64_0p5_0p02_0005_0009.uasset" 4789
"../../../Engine/Content/EngineMaterials/Substrate/GLints/dict_16_192_64_0p5_0p02_0004_0003.uasset" 4790
"../../../Engine/Content/EngineMaterials/Substrate/GLints/dict_16_192_64_0p5_0p02_0005_0008.uasset" 4791
"../../../Engine/Content/EngineMaterials/Substrate/GLints/dict_16_192_64_0p5_0p02_0006_0011.uasset" 4792
"../../../Engine/Content/EngineMaterials/Substrate/GLints/dict_16_192_64_0p5_0p02_0006_0008.uasset" 4793
"../../../Engine/Content/EngineMaterials/Substrate/GLints/dict_16_192_64_0p5_0p02_0006_0013.uasset" 4794
"../../../Engine/Content/EngineMaterials/Substrate/GLints/dict_16_192_64_0p5_0p02_0007_0003.uasset" 4795
"../../../Engine/Content/EngineMaterials/Substrate/GLints/dict_16_192_64_0p5_0p02_0007_0000.uasset" 4796
"../../../Engine/Content/EngineMaterials/Substrate/GLints/dict_16_192_64_0p5_0p02_0006_0001.uasset" 4797
"../../../Engine/Content/EngineMaterials/Substrate/GLints/dict_16_192_64_0p5_0p02_0007_0001.uasset" 4798
"../../../Engine/Content/EngineMaterials/Substrate/GLints/dict_16_192_64_0p5_0p02_0007_0002.uasset" 4799
"../../../Engine/Content/EngineMaterials/Substrate/GLints/dict_16_192_64_0p5_0p02_0006_0006.uasset" 4800
"../../../Engine/Content/EngineMaterials/Substrate/GLints/dict_16_192_64_0p5_0p02_0006_0014.uasset" 4801
"../../../Engine/Content/EngineMaterials/Substrate/GLints/dict_16_192_64_0p5_0p02_0006_0002.uasset" 4802
"../../../Engine/Content/EngineMaterials/Substrate/GLints/dict_16_192_64_0p5_0p02_0007_0005.uasset" 4803
"../../../Engine/Content/EngineMaterials/Substrate/GLints/dict_16_192_64_0p5_0p02_0007_0009.uasset" 4804
"../../../Engine/Content/EngineMaterials/Substrate/GLints/dict_16_192_64_0p5_0p02_0006_0015.uasset" 4805
"../../../Engine/Content/EngineMaterials/Substrate/GLints/dict_16_192_64_0p5_0p02_0007_0008.uasset" 4806
"../../../Engine/Content/EngineMaterials/Substrate/GLints/dict_16_192_64_0p5_0p02_0004_0007.uasset" 4807
"../../../Engine/Content/EngineMaterials/Substrate/GLints/dict_16_192_64_0p5_0p02_0007_0006.uasset" 4808
"../../../Engine/Content/EngineMaterials/Substrate/GLints/dict_16_192_64_0p5_0p02_0006_0010.uasset" 4809
"../../../Engine/Content/EngineMaterials/Substrate/GLints/dict_16_192_64_0p5_0p02_0007_0007.uasset" 4810
"../../../Engine/Content/EngineMaterials/Substrate/GLints/dict_16_192_64_0p5_0p02_0005_0014.uasset" 4811
"../../../Engine/Content/EngineMaterials/Substrate/GLints/dict_16_192_64_0p5_0p02_0006_0007.uasset" 4812
"../../../Engine/Content/EngineMaterials/Substrate/GLints/dict_16_192_64_0p5_0p02_0005_0015.uasset" 4813
"../../../Engine/Content/EngineMaterials/Substrate/GLints/dict_16_192_64_0p5_0p02_0006_0012.uasset" 4814
"/Engine/EngineMaterials/Substrate/GLints/dict_16_192_64_0p5_0p02_0006_0014" 4815
"../../../Engine/Content/EngineMaterials/Substrate/GLints/dict_16_192_64_0p5_0p02_0007_0004.uasset" 4816
"/Engine/EngineMaterials/Substrate/GLints/dict_16_192_64_0p5_0p02_0007_0006" 4817
"/Engine/EngineMaterials/Substrate/GLints/dict_16_192_64_0p5_0p02_0005_0009" 4818
"/Engine/EngineMaterials/Substrate/GLints/dict_16_192_64_0p5_0p02_0005_0008" 4819
"/Engine/EngineMaterials/Substrate/GLints/dict_16_192_64_0p5_0p02_0005_0015" 4820
"/Engine/EngineMaterials/Substrate/GLints/dict_16_192_64_0p5_0p02_0007_0005" 4821
"/Engine/EngineMaterials/Substrate/GLints/dict_16_192_64_0p5_0p02_0005_0006" 4822
"/Engine/EngineMaterials/Substrate/GLints/dict_16_192_64_0p5_0p02_0006_0010" 4823
"/Engine/EngineMaterials/Substrate/GLints/dict_16_192_64_0p5_0p02_0006_0009" 4824
"/Engine/EngineMaterials/Substrate/GLints/dict_16_192_64_0p5_0p02_0006_0013" 4825
"/Engine/EngineMaterials/Substrate/GLints/dict_16_192_64_0p5_0p02_0007_0003" 4826
"/Engine/EngineMaterials/Substrate/GLints/dict_16_192_64_0p5_0p02_0006_0008" 4827
"/Engine/EngineMaterials/Substrate/GLints/dict_16_192_64_0p5_0p02_0006_0007" 4828
"/Engine/EngineMaterials/Substrate/GLints/dict_16_192_64_0p5_0p02_0006_0012" 4829
"/Engine/EngineMaterials/Substrate/GLints/dict_16_192_64_0p5_0p02_0006_0006" 4830
"/Engine/EngineMaterials/Substrate/GLints/dict_16_192_64_0p5_0p02_0007_0007" 4831
"/Engine/EngineMaterials/Substrate/GLints/dict_16_192_64_0p5_0p02_0006_0011" 4832
"/Engine/EngineMaterials/Substrate/GLints/dict_16_192_64_0p5_0p02_0007_0009" 4833
"/Engine/EngineMaterials/Substrate/GLints/dict_16_192_64_0p5_0p02_0007_0008" 4834
"/Engine/EngineMaterials/Substrate/GLints/dict_16_192_64_0p5_0p02_0006_0004" 4835
"/Engine/EngineMaterials/Substrate/GLints/dict_16_192_64_0p5_0p02_0006_0003" 4836
"/Engine/EngineMaterials/Substrate/GLints/dict_16_192_64_0p5_0p02_0004_0007" 4837
"/Engine/EngineMaterials/Substrate/GLints/dict_16_192_64_0p5_0p02_0006_0002" 4838
"/Engine/EngineMaterials/Substrate/GLints/dict_16_192_64_0p5_0p02_0007_0002" 4839
"/Engine/EngineMaterials/Substrate/GLints/dict_16_192_64_0p5_0p02_0007_0001" 4840
"/Engine/EngineMaterials/Substrate/GLints/dict_16_192_64_0p5_0p02_0004_0003" 4841
"/Engine/EngineMaterials/Substrate/GLints/dict_16_192_64_0p5_0p02_0006_0001" 4842
"/Engine/EngineMaterials/Substrate/GLints/dict_16_192_64_0p5_0p02_0007_0000" 4843
"/Engine/EngineMaterials/Substrate/GLints/dict_16_192_64_0p5_0p02_0006_0000" 4844
"/Engine/EngineMaterials/Substrate/GLints/dict_16_192_64_0p5_0p02_0005_0014" 4845
"/Engine/EngineMaterials/Substrate/GLints/dict_16_192_64_0p5_0p02_0006_0015" 4846
"/Engine/EngineMaterials/Substrate/GLints/dict_16_192_64_0p5_0p02_0007_0004" 4847
"../../../Engine/Content/EngineMaterials/Substrate/GLints/dict_16_192_64_0p5_0p02_0008_0013.uasset" 4848
"../../../Engine/Content/EngineMaterials/Substrate/GLints/dict_16_192_64_0p5_0p02_0008_0011.uasset" 4849
"../../../Engine/Content/EngineMaterials/Substrate/GLints/dict_16_192_64_0p5_0p02_0008_0006.uasset" 4850
"../../../Engine/Content/EngineMaterials/Substrate/GLints/dict_16_192_64_0p5_0p02_0008_0010.uasset" 4851
"../../../Engine/Content/EngineMaterials/Substrate/GLints/dict_16_192_64_0p5_0p02_0007_0011.uasset" 4852
"../../../Engine/Content/EngineMaterials/Substrate/GLints/dict_16_192_64_0p5_0p02_0008_0007.uasset" 4853
"../../../Engine/Content/EngineMaterials/Substrate/GLints/dict_16_192_64_0p5_0p02_0007_0010.uasset" 4854
"../../../Engine/Content/EngineMaterials/Substrate/GLints/dict_16_192_64_0p5_0p02_0008_0005.uasset" 4855
"../../../Engine/Content/EngineMaterials/Substrate/GLints/dict_16_192_64_0p5_0p02_0009_0003.uasset" 4856
"../../../Engine/Content/EngineMaterials/Substrate/GLints/dict_16_192_64_0p5_0p02_0008_0014.uasset" 4857
"../../../Engine/Content/EngineMaterials/Substrate/GLints/dict_16_192_64_0p5_0p02_0008_0015.uasset" 4858
"../../../Engine/Content/EngineMaterials/Substrate/GLints/dict_16_192_64_0p5_0p02_0008_0008.uasset" 4859
"../../../Engine/Content/EngineMaterials/Substrate/GLints/dict_16_192_64_0p5_0p02_0008_0000.uasset" 4860
"../../../Engine/Content/EngineMaterials/Substrate/GLints/dict_16_192_64_0p5_0p02_0009_0000.uasset" 4861
"../../../Engine/Content/EngineMaterials/Substrate/GLints/dict_16_192_64_0p5_0p02_0009_0002.uasset" 4862
"../../../Engine/Content/EngineMaterials/Substrate/GLints/dict_16_192_64_0p5_0p02_0007_0015.uasset" 4863
"../../../Engine/Content/EngineMaterials/Substrate/GLints/dict_16_192_64_0p5_0p02_0008_0002.uasset" 4864
"../../../Engine/Content/EngineMaterials/Substrate/GLints/dict_16_192_64_0p5_0p02_0009_0005.uasset" 4865
"/Engine/EngineMaterials/Substrate/GLints/dict_16_192_64_0p5_0p02_0009_0005" 4866
"/Engine/EngineMaterials/Substrate/GLints/dict_16_192_64_0p5_0p02_0009_0003" 4867
"../../../Engine/Content/EngineMaterials/Substrate/GLints/dict_16_192_64_0p5_0p02_0008_0004.uasset" 4868
"/Engine/EngineMaterials/Substrate/GLints/dict_16_192_64_0p5_0p02_0009_0002" 4869
"../../../Engine/Content/EngineMaterials/Substrate/GLints/dict_16_192_64_0p5_0p02_0009_0001.uasset" 4870
"/Engine/EngineMaterials/Substrate/GLints/dict_16_192_64_0p5_0p02_0009_0000" 4871
"/Engine/EngineMaterials/Substrate/GLints/dict_16_192_64_0p5_0p02_0008_0015" 4872
"/Engine/EngineMaterials/Substrate/GLints/dict_16_192_64_0p5_0p02_0008_0014" 4873
"/Engine/EngineMaterials/Substrate/GLints/dict_16_192_64_0p5_0p02_0008_0013" 4874
"/Engine/EngineMaterials/Substrate/GLints/dict_16_192_64_0p5_0p02_0008_0011" 4875
"/Engine/EngineMaterials/Substrate/GLints/dict_16_192_64_0p5_0p02_0008_0010" 4876
"/Engine/EngineMaterials/Substrate/GLints/dict_16_192_64_0p5_0p02_0008_0008" 4877
"../../../Engine/Content/EngineMaterials/Substrate/GLints/dict_16_192_64_0p5_0p02_0008_0003.uasset" 4878
"/Engine/EngineMaterials/Substrate/GLints/dict_16_192_64_0p5_0p02_0008_0007" 4879
"/Engine/EngineMaterials/Substrate/GLints/dict_16_192_64_0p5_0p02_0008_0006" 4880
"../../../Engine/Content/EngineMaterials/Substrate/GLints/dict_16_192_64_0p5_0p02_0009_0008.uasset" 4881
"/Engine/EngineMaterials/Substrate/GLints/dict_16_192_64_0p5_0p02_0008_0005" 4882
"/Engine/EngineMaterials/Substrate/GLints/dict_16_192_64_0p5_0p02_0008_0002" 4883
"../../../Engine/Content/EngineMaterials/Substrate/GLints/dict_16_192_64_0p5_0p02_0008_0001.uasset" 4884
"/Engine/EngineMaterials/Substrate/GLints/dict_16_192_64_0p5_0p02_0008_0000" 4885
"/Engine/EngineMaterials/Substrate/GLints/dict_16_192_64_0p5_0p02_0007_0015" 4886
"/Engine/EngineMaterials/Substrate/GLints/dict_16_192_64_0p5_0p02_0007_0011" 4887
"/Engine/EngineMaterials/Substrate/GLints/dict_16_192_64_0p5_0p02_0007_0010" 4888
"/Engine/EngineMaterials/Substrate/GLints/dict_16_192_64_0p5_0p02_0009_0008" 4889
"/Engine/EngineMaterials/Substrate/GLints/dict_16_192_64_0p5_0p02_0009_0001" 4890
"../../../Engine/Content/EngineMaterials/Substrate/GLints/dict_16_192_64_0p5_0p02_0008_0012.uasset" 4891
"/Engine/EngineMaterials/Substrate/GLints/dict_16_192_64_0p5_0p02_0008_0004" 4892
"/Engine/EngineMaterials/Substrate/GLints/dict_16_192_64_0p5_0p02_0008_0003" 4893
"/Engine/EngineMaterials/Substrate/GLints/dict_16_192_64_0p5_0p02_0008_0001" 4894
"../../../Engine/Content/EngineMaterials/Substrate/GLints/dict_16_192_64_0p5_0p02_0009_0009.uasset" 4895
"/Engine/EngineMaterials/Substrate/GLints/dict_16_192_64_0p5_0p02_0009_0009" 4896
"/Engine/EngineMaterials/Substrate/GLints/dict_16_192_64_0p5_0p02_0008_0012" 4897
"../../../Engine/Content/EngineMaterials/Substrate/GLints/dict_16_192_64_0p5_0p02_0009_0004.uasset" 4898
"../../../Engine/Content/EngineMaterials/Substrate/GLints/dict_16_192_64_0p5_0p02_0008_0009.uasset" 4899
"../../../Engine/Content/EngineMaterials/Substrate/GLints/dict_16_192_64_0p5_0p02_0009_0006.uasset" 4900
"../../../Engine/Content/EngineMaterials/Substrate/GLints/dict_16_192_64_0p5_0p02_0010_0000.uasset" 4901
"../../../Engine/Content/EngineMaterials/Substrate/GLints/dict_16_192_64_0p5_0p02_0009_0012.uasset" 4902
"../../../Engine/Content/EngineMaterials/Substrate/GLints/dict_16_192_64_0p5_0p02_0009_0013.uasset" 4903
"../../../Engine/Content/EngineMaterials/Substrate/GLints/dict_16_192_64_0p5_0p02_0009_0014.uasset" 4904
"../../../Engine/Content/EngineMaterials/Substrate/GLints/dict_16_192_64_0p5_0p02_0009_0011.uasset" 4905
"../../../Engine/Content/EngineMaterials/Substrate/GLints/dict_16_192_64_0p5_0p02_0007_0014.uasset" 4906
"../../../Engine/Content/EngineMaterials/Substrate/GLints/dict_16_192_64_0p5_0p02_0009_0015.uasset" 4907
"../../../Engine/Content/EngineMaterials/Substrate/GLints/dict_16_192_64_0p5_0p02_0007_0012.uasset" 4908
"../../../Engine/Content/EngineMaterials/Substrate/GLints/dict_16_192_64_0p5_0p02_0009_0010.uasset" 4909
"../../../Engine/Content/EngineMaterials/Substrate/GLints/dict_16_192_64_0p5_0p02_0007_0013.uasset" 4910
"../../../Engine/Content/EngineMaterials/Substrate/GLints/dict_16_192_64_0p5_0p02_0010_0005.uasset" 4911
"/Engine/EngineMaterials/Substrate/GLints/dict_16_192_64_0p5_0p02_0009_0006" 4912
"../../../Engine/Content/EngineMaterials/Substrate/GLints/dict_16_192_64_0p5_0p02_0010_0001.uasset" 4913
"../../../Engine/Content/EngineMaterials/Substrate/GLints/dict_16_192_64_0p5_0p02_0010_0007.uasset" 4914
"/Engine/EngineMaterials/Substrate/GLints/dict_16_192_64_0p5_0p02_0009_0004" 4915
"/Engine/EngineMaterials/Substrate/GLints/dict_16_192_64_0p5_0p02_0010_0005" 4916
"/Engine/EngineMaterials/Substrate/GLints/dict_16_192_64_0p5_0p02_0008_0009" 4917
"../../../Engine/Content/EngineMaterials/Substrate/GLints/dict_16_192_64_0p5_0p02_0009_0007.uasset" 4918
"/Engine/EngineMaterials/Substrate/GLints/dict_16_192_64_0p5_0p02_0010_0000" 4919
"/Engine/EngineMaterials/Substrate/GLints/dict_16_192_64_0p5_0p02_0009_0015" 4920
"/Engine/EngineMaterials/Substrate/GLints/dict_16_192_64_0p5_0p02_0009_0014" 4921
"/Engine/EngineMaterials/Substrate/GLints/dict_16_192_64_0p5_0p02_0009_0013" 4922
"/Engine/EngineMaterials/Substrate/GLints/dict_16_192_64_0p5_0p02_0009_0012" 4923
"/Engine/EngineMaterials/Substrate/GLints/dict_16_192_64_0p5_0p02_0007_0014" 4924
"/Engine/EngineMaterials/Substrate/GLints/dict_16_192_64_0p5_0p02_0007_0013" 4925
"/Engine/EngineMaterials/Substrate/GLints/dict_16_192_64_0p5_0p02_0007_0012" 4926
"/Engine/EngineMaterials/Substrate/GLints/dict_16_192_64_0p5_0p02_0009_0011" 4927
"/Engine/EngineMaterials/Substrate/GLints/dict_16_192_64_0p5_0p02_0009_0010" 4928
"/Engine/EngineMaterials/Substrate/GLints/dict_16_192_64_0p5_0p02_0009_0007" 4929
"../../../Engine/Content/EngineMaterials/Substrate/GLints/dict_16_192_64_0p5_0p02_0010_0010.uasset" 4930
"/Engine/EngineMaterials/Substrate/GLints/dict_16_192_64_0p5_0p02_0010_0007" 4931
"/Engine/EngineMaterials/Substrate/GLints/dict_16_192_64_0p5_0p02_0010_0001" 4932
"/Engine/EngineMaterials/Substrate/GLints/dict_16_192_64_0p5_0p02_0010_0010" 4933
"../../../Engine/Content/EngineMaterials/Substrate/GLints/dict_16_192_64_0p5_0p02_0010_0003.uasset" 4934
"../../../Engine/Content/EngineMaterials/Substrate/GLints/dict_16_192_64_0p5_0p02_0011_0001.uasset" 4935
"../../../Engine/Content/EngineMaterials/Substrate/GLints/dict_16_192_64_0p5_0p02_0010_0013.uasset" 4936
"../../../Engine/Content/EngineMaterials/Substrate/GLints/dict_16_192_64_0p5_0p02_0010_0008.uasset" 4937
"../../../Engine/Content/EngineMaterials/Substrate/GLints/dict_16_192_64_0p5_0p02_0010_0011.uasset" 4938
"../../../Engine/Content/EngineMaterials/Substrate/GLints/dict_16_192_64_0p5_0p02_0010_0009.uasset" 4939
"/Engine/EngineMaterials/Substrate/GLints/dict_16_192_64_0p5_0p02_0010_0011" 4940
"/Engine/EngineMaterials/Substrate/GLints/dict_16_192_64_0p5_0p02_0010_0009" 4941
"../../../Engine/Content/EngineMaterials/Substrate/GLints/dict_16_192_64_0p5_0p02_0010_0015.uasset" 4942
"/Engine/EngineMaterials/Substrate/GLints/dict_16_192_64_0p5_0p02_0010_0008" 4943
"../../../Engine/Content/EngineMaterials/Substrate/GLints/dict_16_192_64_0p5_0p02_0011_0004.uasset" 4944
"/Engine/EngineMaterials/Substrate/GLints/dict_16_192_64_0p5_0p02_0011_0001" 4945
"/Engine/EngineMaterials/Substrate/GLints/dict_16_192_64_0p5_0p02_0010_0003" 4946
"/Engine/EngineMaterials/Substrate/GLints/dict_16_192_64_0p5_0p02_0010_0013" 4947
"/Engine/EngineMaterials/Substrate/GLints/dict_16_192_64_0p5_0p02_0010_0015" 4948
"/Engine/EngineMaterials/Substrate/GLints/dict_16_192_64_0p5_0p02_0011_0004" 4949
"../../../Engine/Content/EngineMaterials/Substrate/GLints/dict_16_192_64_0p5_0p02_0011_0005.uasset" 4950
"../../../Engine/Content/EngineMaterials/Substrate/GLints/dict_16_192_64_0p5_0p02_0011_0003.uasset" 4951
"../../../Engine/Content/EngineMaterials/Substrate/GLints/dict_16_192_64_0p5_0p02_0011_0008.uasset" 4952
"../../../Engine/Content/EngineMaterials/Substrate/GLints/dict_16_192_64_0p5_0p02_0011_0011.uasset" 4953
"../../../Engine/Content/EngineMaterials/Substrate/GLints/dict_16_192_64_0p5_0p02_0011_0007.uasset" 4954
"../../../Engine/Content/EngineMaterials/Substrate/GLints/dict_16_192_64_0p5_0p02_0011_0009.uasset" 4955
"../../../Engine/Content/EngineMaterials/Substrate/GLints/dict_16_192_64_0p5_0p02_0011_0013.uasset" 4956
"../../../Engine/Content/EngineMaterials/Substrate/GLints/dict_16_192_64_0p5_0p02_0011_0010.uasset" 4957
"../../../Engine/Content/EngineMaterials/Substrate/GLints/dict_16_192_64_0p5_0p02_0011_0012.uasset" 4958
"../../../Engine/Content/EngineMaterials/Substrate/GLints/dict_16_192_64_0p5_0p02_0011_0015.uasset" 4959
"../../../Engine/Content/EngineMaterials/Substrate/GLints/dict_16_192_64_0p5_0p02_0012_0000.uasset" 4960
"../../../Engine/Content/EngineMaterials/Substrate/GLints/dict_16_192_64_0p5_0p02_0011_0014.uasset" 4961
"../../../Engine/Content/EngineMaterials/Substrate/GLints/dict_16_192_64_0p5_0p02_0012_0001.uasset" 4962
"../../../Engine/Content/EngineMaterials/Substrate/GLints/dict_16_192_64_0p5_0p02_0012_0002.uasset" 4963
"../../../Engine/Content/EngineMaterials/Substrate/GLints/dict_16_192_64_0p5_0p02_0012_0003.uasset" 4964
"../../../Engine/Content/EngineMaterials/Substrate/GLints/dict_16_192_64_0p5_0p02_0012_0008.uasset" 4965
"../../../Engine/Content/EngineMaterials/Substrate/GLints/dict_16_192_64_0p5_0p02_0012_0009.uasset" 4966
"../../../Engine/Content/EngineMaterials/Substrate/GLints/dict_16_192_64_0p5_0p02_0012_0004.uasset" 4967
"../../../Engine/Content/EngineMaterials/Substrate/GLints/dict_16_192_64_0p5_0p02_0012_0005.uasset" 4968
"../../../Engine/Content/EngineMaterials/Substrate/GLints/dict_16_192_64_0p5_0p02_0012_0007.uasset" 4969
"../../../Engine/Content/EngineMaterials/Substrate/GLints/dict_16_192_64_0p5_0p02_0012_0012.uasset" 4970
"../../../Engine/Content/EngineMaterials/Substrate/GLints/dict_16_192_64_0p5_0p02_0012_0010.uasset" 4971
"../../../Engine/Content/EngineMaterials/Substrate/GLints/dict_16_192_64_0p5_0p02_0012_0011.uasset" 4972
"../../../Engine/Content/EngineMaterials/Substrate/GLints/dict_16_192_64_0p5_0p02_0012_0006.uasset" 4973
"../../../Engine/Content/EngineMaterials/Substrate/GLints/dict_16_192_64_0p5_0p02_0011_0006.uasset" 4974
"/Engine/EngineMaterials/Substrate/GLints/dict_16_192_64_0p5_0p02_0012_0003" 4975
"/Engine/EngineMaterials/Substrate/GLints/dict_16_192_64_0p5_0p02_0012_0000" 4976
"/Engine/EngineMaterials/Substrate/GLints/dict_16_192_64_0p5_0p02_0012_0010" 4977
"/Engine/EngineMaterials/Substrate/GLints/dict_16_192_64_0p5_0p02_0011_0015" 4978
"/Engine/EngineMaterials/Substrate/GLints/dict_16_192_64_0p5_0p02_0012_0004" 4979
"/Engine/EngineMaterials/Substrate/GLints/dict_16_192_64_0p5_0p02_0012_0009" 4980
"/Engine/EngineMaterials/Substrate/GLints/dict_16_192_64_0p5_0p02_0012_0012" 4981
"/Engine/EngineMaterials/Substrate/GLints/dict_16_192_64_0p5_0p02_0012_0008" 4982
"/Engine/EngineMaterials/Substrate/GLints/dict_16_192_64_0p5_0p02_0012_0002" 4983
"/Engine/EngineMaterials/Substrate/GLints/dict_16_192_64_0p5_0p02_0011_0014" 4984
"/Engine/EngineMaterials/Substrate/GLints/dict_16_192_64_0p5_0p02_0012_0007" 4985
"/Engine/EngineMaterials/Substrate/GLints/dict_16_192_64_0p5_0p02_0012_0006" 4986
"/Engine/EngineMaterials/Substrate/GLints/dict_16_192_64_0p5_0p02_0011_0013" 4987
"/Engine/EngineMaterials/Substrate/GLints/dict_16_192_64_0p5_0p02_0012_0001" 4988
"/Engine/EngineMaterials/Substrate/GLints/dict_16_192_64_0p5_0p02_0011_0012" 4989
"/Engine/EngineMaterials/Substrate/GLints/dict_16_192_64_0p5_0p02_0011_0011" 4990
"/Engine/EngineMaterials/Substrate/GLints/dict_16_192_64_0p5_0p02_0012_0005" 4991
"/Engine/EngineMaterials/Substrate/GLints/dict_16_192_64_0p5_0p02_0011_0010" 4992
"/Engine/EngineMaterials/Substrate/GLints/dict_16_192_64_0p5_0p02_0011_0009" 4993
"/Engine/EngineMaterials/Substrate/GLints/dict_16_192_64_0p5_0p02_0011_0008" 4994
"/Engine/EngineMaterials/Substrate/GLints/dict_16_192_64_0p5_0p02_0011_0007" 4995
"/Engine/EngineMaterials/Substrate/GLints/dict_16_192_64_0p5_0p02_0011_0006" 4996
"/Engine/EngineMaterials/Substrate/GLints/dict_16_192_64_0p5_0p02_0011_0005" 4997
"/Engine/EngineMaterials/Substrate/GLints/dict_16_192_64_0p5_0p02_0012_0011" 4998
"/Engine/EngineMaterials/Substrate/GLints/dict_16_192_64_0p5_0p02_0011_0003" 4999
"../../../Engine/Content/EngineMaterials/Substrate/GLints/dict_16_192_64_0p5_0p02_0011_0002.uasset" 5000
"../../../Engine/Content/EngineMaterials/Substrate/GLints/dict_16_192_64_0p5_0p02_0010_0002.uasset" 5001
"../../../Engine/Content/EngineMaterials/Substrate/GLints/dict_16_192_64_0p5_0p02_0011_0000.uasset" 5002
"../../../Engine/Content/EngineMaterials/Substrate/GLints/dict_16_192_64_0p5_0p02_0010_0014.uasset" 5003
"../../../Engine/Content/EngineMaterials/Substrate/GLints/dict_16_192_64_0p5_0p02_0012_0013.uasset" 5004
"/Engine/EngineMaterials/Substrate/GLints/dict_16_192_64_0p5_0p02_0011_0000" 5005
"../../../Engine/Content/EngineMaterials/Substrate/GLints/dict_16_192_64_0p5_0p02_0013_0003.uasset" 5006
"/Engine/EngineMaterials/Substrate/GLints/dict_16_192_64_0p5_0p02_0011_0002" 5007
"../../../Engine/Content/EngineMaterials/Substrate/GLints/dict_16_192_64_0p5_0p02_0013_0009.uasset" 5008
"/Engine/EngineMaterials/Substrate/GLints/dict_16_192_64_0p5_0p02_0010_0002" 5009
"/Engine/EngineMaterials/Substrate/GLints/dict_16_192_64_0p5_0p02_0010_0014" 5010
"/Engine/EngineMaterials/Substrate/GLints/dict_16_192_64_0p5_0p02_0012_0013" 5011
"/Engine/EngineMaterials/Substrate/GLints/dict_16_192_64_0p5_0p02_0013_0009" 5012
"/Engine/EngineMaterials/Substrate/GLints/dict_16_192_64_0p5_0p02_0013_0003" 5013
"../../../Engine/Content/EngineMaterials/Substrate/GLints/dict_16_192_64_0p5_0p02_0013_0008.uasset" 5014
"../../../Engine/Content/EngineMaterials/Substrate/GLints/dict_16_192_64_0p5_0p02_0013_0001.uasset" 5015
"../../../Engine/Content/EngineMaterials/Substrate/GLints/dict_16_192_64_0p5_0p02_0013_0006.uasset" 5016
"../../../Engine/Content/EngineMaterials/Substrate/GLints/dict_16_192_64_0p5_0p02_0013_0002.uasset" 5017
"../../../Engine/Content/EngineMaterials/Substrate/GLints/dict_16_192_64_0p5_0p02_0013_0007.uasset" 5018
"../../../Engine/Content/EngineMaterials/Substrate/GLints/dict_16_192_64_0p5_0p02_0013_0011.uasset" 5019
"../../../Engine/Content/EngineMaterials/Substrate/GLints/dict_16_192_64_0p5_0p02_0013_0005.uasset" 5020
"../../../Engine/Content/EngineMaterials/Substrate/GLints/dict_16_192_64_0p5_0p02_0014_0001.uasset" 5021
"../../../Engine/Content/EngineMaterials/Substrate/GLints/dict_16_192_64_0p5_0p02_0013_0010.uasset" 5022
"../../../Engine/Content/EngineMaterials/Substrate/GLints/dict_16_192_64_0p5_0p02_0014_0000.uasset" 5023
"/Engine/EngineMaterials/Substrate/GLints/dict_16_192_64_0p5_0p02_0014_0001" 5024
"/Engine/EngineMaterials/Substrate/GLints/dict_16_192_64_0p5_0p02_0014_0000" 5025
"/Engine/EngineMaterials/Substrate/GLints/dict_16_192_64_0p5_0p02_0013_0011" 5026
"../../../Engine/Content/EngineMaterials/Substrate/GLints/dict_16_192_64_0p5_0p02_0013_0013.uasset" 5027
"/Engine/EngineMaterials/Substrate/GLints/dict_16_192_64_0p5_0p02_0013_0010" 5028
"/Engine/EngineMaterials/Substrate/GLints/dict_16_192_64_0p5_0p02_0013_0008" 5029
"/Engine/EngineMaterials/Substrate/GLints/dict_16_192_64_0p5_0p02_0013_0007" 5030
"/Engine/EngineMaterials/Substrate/GLints/dict_16_192_64_0p5_0p02_0013_0006" 5031
"/Engine/EngineMaterials/Substrate/GLints/dict_16_192_64_0p5_0p02_0013_0005" 5032
"/Engine/EngineMaterials/Substrate/GLints/dict_16_192_64_0p5_0p02_0013_0002" 5033
"../../../Engine/Content/EngineMaterials/Substrate/GLints/dict_16_192_64_0p5_0p02_0014_0002.uasset" 5034
"/Engine/EngineMaterials/Substrate/GLints/dict_16_192_64_0p5_0p02_0013_0001" 5035
"/Engine/EngineMaterials/Substrate/GLints/dict_16_192_64_0p5_0p02_0014_0002" 5036
"/Engine/EngineMaterials/Substrate/GLints/dict_16_192_64_0p5_0p02_0013_0013" 5037
"../../../Engine/Content/EngineMaterials/Substrate/GLints/dict_16_192_64_0p5_0p02_0014_0006.uasset" 5038
"../../../Engine/Content/EngineMaterials/Substrate/GLints/dict_16_192_64_0p5_0p02_0013_0014.uasset" 5039
"../../../Engine/Content/EngineMaterials/Substrate/GLints/dict_16_192_64_0p5_0p02_0013_0015.uasset" 5040
"../../../Engine/Content/EngineMaterials/Substrate/GLints/dict_16_192_64_0p5_0p02_0014_0003.uasset" 5041
"../../../Engine/Content/EngineMaterials/Substrate/GLints/dict_16_192_64_0p5_0p02_0014_0009.uasset" 5042
"../../../Engine/Content/EngineMaterials/Substrate/GLints/dict_16_192_64_0p5_0p02_0014_0008.uasset" 5043
"../../../Engine/Content/EngineMaterials/Substrate/GLints/dict_16_192_64_0p5_0p02_0014_0005.uasset" 5044
"../../../Engine/Content/EngineMaterials/Substrate/GLints/dict_16_192_64_0p5_0p02_0014_0014.uasset" 5045
"../../../Engine/Content/EngineMaterials/Substrate/GLints/dict_16_192_64_0p5_0p02_0014_0004.uasset" 5046
"../../../Engine/Content/EngineMaterials/Substrate/GLints/dict_16_192_64_0p5_0p02_0014_0007.uasset" 5047
"/Engine/EngineMaterials/Substrate/GLints/dict_16_192_64_0p5_0p02_0014_0005" 5048
"../../../Engine/Content/EngineMaterials/Substrate/GLints/dict_16_192_64_0p5_0p02_0014_0012.uasset" 5049
"/Engine/EngineMaterials/Substrate/GLints/dict_16_192_64_0p5_0p02_0014_0009" 5050
"/Engine/EngineMaterials/Substrate/GLints/dict_16_192_64_0p5_0p02_0014_0004" 5051
"../../../Engine/Content/EngineMaterials/Substrate/GLints/dict_16_192_64_0p5_0p02_0014_0015.uasset" 5052
"/Engine/EngineMaterials/Substrate/GLints/dict_16_192_64_0p5_0p02_0014_0003" 5053
"/Engine/EngineMaterials/Substrate/GLints/dict_16_192_64_0p5_0p02_0013_0015" 5054
"/Engine/EngineMaterials/Substrate/GLints/dict_16_192_64_0p5_0p02_0013_0014" 5055
"/Engine/EngineMaterials/Substrate/GLints/dict_16_192_64_0p5_0p02_0014_0008" 5056
"/Engine/EngineMaterials/Substrate/GLints/dict_16_192_64_0p5_0p02_0014_0014" 5057
"/Engine/EngineMaterials/Substrate/GLints/dict_16_192_64_0p5_0p02_0014_0006" 5058
"/Engine/EngineMaterials/Substrate/GLints/dict_16_192_64_0p5_0p02_0014_0012" 5059
"/Engine/EngineMaterials/Substrate/GLints/dict_16_192_64_0p5_0p02_0014_0007" 5060
"../../../Engine/Content/EngineMaterials/Substrate/GLints/dict_16_192_64_0p5_0p02_0014_0011.uasset" 5061
"../../../Engine/Content/EngineMaterials/Substrate/GLints/dict_16_192_64_0p5_0p02_0014_0010.uasset" 5062
"/Engine/EngineMaterials/Substrate/GLints/dict_16_192_64_0p5_0p02_0014_0015" 5063
"/Engine/EngineMaterials/Substrate/GLints/dict_16_192_64_0p5_0p02_0014_0010" 5064
"/Engine/EngineMaterials/Substrate/GLints/dict_16_192_64_0p5_0p02_0014_0011" 5065
"../../../Engine/Content/EngineMaterials/Substrate/GLints/dict_16_192_64_0p5_0p02_0014_0013.uasset" 5066
"../../../Engine/Content/EngineMaterials/Substrate/GLints/dict_16_192_64_0p5_0p02_0015_0000.uasset" 5067
"../../../Engine/Content/EngineMaterials/Substrate/GLints/dict_16_192_64_0p5_0p02_0015_0001.uasset" 5068
"../../../Engine/Content/EngineMaterials/Substrate/GLints/dict_16_192_64_0p5_0p02_0015_0004.uasset" 5069
"../../../Engine/Content/EngineMaterials/Substrate/GLints/dict_16_192_64_0p5_0p02_0015_0002.uasset" 5070
"../../../Engine/Content/EngineMaterials/Substrate/GLints/dict_16_192_64_0p5_0p02_0015_0012.uasset" 5071
"../../../Engine/Content/EngineMaterials/Substrate/GLints/dict_16_192_64_0p5_0p02_0015_0006.uasset" 5072
"/Engine/EngineMaterials/Substrate/GLints/dict_16_192_64_0p5_0p02_0015_0006" 5073
"/Engine/EngineMaterials/Substrate/GLints/dict_16_192_64_0p5_0p02_0015_0012" 5074
"../../../Engine/Content/EngineMaterials/Substrate/GLints/dict_16_192_64_0p5_0p02_0015_0003.uasset" 5075
"/Engine/EngineMaterials/Substrate/GLints/dict_16_192_64_0p5_0p02_0015_0004" 5076
"/Engine/EngineMaterials/Substrate/GLints/dict_16_192_64_0p5_0p02_0015_0002" 5077
"/Engine/EngineMaterials/Substrate/GLints/dict_16_192_64_0p5_0p02_0015_0001" 5078
"/Engine/EngineMaterials/Substrate/GLints/dict_16_192_64_0p5_0p02_0015_0000" 5079
"../../../Engine/Content/EngineMaterials/Substrate/GLints/dict_16_192_64_0p5_0p02_0015_0005.uasset" 5080
"/Engine/EngineMaterials/Substrate/GLints/dict_16_192_64_0p5_0p02_0014_0013" 5081
"/Engine/EngineMaterials/Substrate/GLints/dict_16_192_64_0p5_0p02_0015_0005" 5082
"/Engine/EngineMaterials/Substrate/GLints/dict_16_192_64_0p5_0p02_0015_0003" 5083
"../../../Engine/Content/EngineMaterials/Substrate/GLints/dict_16_192_64_0p5_0p02_0015_0007.uasset" 5084
"../../../Engine/Content/EngineMaterials/Substrate/GLints/dict_16_192_64_0p5_0p02_0015_0008.uasset" 5085
"../../../Engine/Content/EngineMaterials/Substrate/GLints/dict_16_192_64_0p5_0p02_0016_0000.uasset" 5086
"../../../Engine/Content/EngineMaterials/Substrate/GLints/dict_16_192_64_0p5_0p02_0015_0009.uasset" 5087
"../../../Engine/Content/EngineMaterials/Substrate/GLints/dict_16_192_64_0p5_0p02_0016_0002.uasset" 5088
"../../../Engine/Content/EngineMaterials/Substrate/GLints/dict_16_192_64_0p5_0p02_0015_0010.uasset" 5089
"../../../Engine/Content/EngineMaterials/Substrate/GLints/dict_16_192_64_0p5_0p02_0015_0013.uasset" 5090
"../../../Engine/Content/EngineMaterials/Substrate/GLints/dict_16_192_64_0p5_0p02_0015_0011.uasset" 5091
"../../../Engine/Content/EngineMaterials/Substrate/GLints/dict_16_192_64_0p5_0p02_0016_0004.uasset" 5092
"../../../Engine/Content/EngineMaterials/Substrate/GLints/dict_16_192_64_0p5_0p02_0015_0014.uasset" 5093
"/Engine/EngineMaterials/Substrate/GLints/dict_16_192_64_0p5_0p02_0016_0000" 5094
"/Engine/EngineMaterials/Substrate/GLints/dict_16_192_64_0p5_0p02_0015_0014" 5095
"../../../Engine/Content/EngineMaterials/Substrate/GLints/dict_16_192_64_0p5_0p02_0016_0010.uasset" 5096
"/Engine/EngineMaterials/Substrate/GLints/dict_16_192_64_0p5_0p02_0015_0008" 5097
"/Engine/EngineMaterials/Substrate/GLints/dict_16_192_64_0p5_0p02_0015_0013" 5098
"/Engine/EngineMaterials/Substrate/GLints/dict_16_192_64_0p5_0p02_0015_0007" 5099
"../../../Engine/Content/EngineMaterials/Substrate/GLints/dict_16_192_64_0p5_0p02_0016_0006.uasset" 5100
"../../../Engine/Content/EngineMaterials/Substrate/GLints/dict_16_192_64_0p5_0p02_0015_0015.uasset" 5101
"/Engine/EngineMaterials/Substrate/GLints/dict_16_192_64_0p5_0p02_0016_0004" 5102
"/Engine/EngineMaterials/Substrate/GLints/dict_16_192_64_0p5_0p02_0015_0011" 5103
"/Engine/EngineMaterials/Substrate/GLints/dict_16_192_64_0p5_0p02_0016_0002" 5104
"/Engine/EngineMaterials/Substrate/GLints/dict_16_192_64_0p5_0p02_0015_0010" 5105
"/Engine/EngineMaterials/Substrate/GLints/dict_16_192_64_0p5_0p02_0015_0009" 5106
"/Engine/EngineMaterials/Substrate/GLints/dict_16_192_64_0p5_0p02_0016_0006" 5107
"/Engine/EngineMaterials/Substrate/GLints/dict_16_192_64_0p5_0p02_0015_0015" 5108
"/Engine/EngineMaterials/Substrate/GLints/dict_16_192_64_0p5_0p02_0016_0010" 5109
"../../../Engine/Content/EngineMaterials/Substrate/GLints/dict_16_192_64_0p5_0p02_0016_0009.uasset" 5110
"../../../Engine/Content/EngineMaterials/Substrate/GLints/dict_16_192_64_0p5_0p02_0016_0011.uasset" 5111
"../../../Engine/Content/EngineMaterials/Substrate/GLints/dict_16_192_64_0p5_0p02_0016_0013.uasset" 5112
"../../../Engine/Content/EngineMaterials/Substrate/GLints/dict_16_192_64_0p5_0p02_0016_0001.uasset" 5113
"../../../Engine/Content/EngineMaterials/Substrate/GLints/dict_16_192_64_0p5_0p02_0016_0005.uasset" 5114
"../../../Engine/Content/EngineMaterials/Substrate/GLints/dict_16_192_64_0p5_0p02_0016_0012.uasset" 5115
"../../../Engine/Content/EngineMaterials/Substrate/GLints/dict_16_192_64_0p5_0p02_0016_0008.uasset" 5116
"../../../Engine/Content/EngineMaterials/Substrate/GLints/dict_16_192_64_0p5_0p02_0016_0003.uasset" 5117
"../../../Engine/Content/EngineMaterials/Substrate/GLints/dict_16_192_64_0p5_0p02_0016_0007.uasset" 5118
"/Engine/EngineMaterials/Substrate/GLints/dict_16_192_64_0p5_0p02_0016_0001" 5119
"/Engine/EngineMaterials/Substrate/GLints/dict_16_192_64_0p5_0p02_0016_0013" 5120
"/Engine/EngineMaterials/Substrate/GLints/dict_16_192_64_0p5_0p02_0016_0012" 5121
"/Engine/EngineMaterials/Substrate/GLints/dict_16_192_64_0p5_0p02_0016_0011" 5122
"/Engine/EngineMaterials/Substrate/GLints/dict_16_192_64_0p5_0p02_0016_0009" 5123
"/Engine/EngineMaterials/Substrate/GLints/dict_16_192_64_0p5_0p02_0016_0008" 5124
"/Engine/EngineMaterials/Substrate/GLints/dict_16_192_64_0p5_0p02_0016_0003" 5125
"/Engine/EngineMaterials/Substrate/GLints/dict_16_192_64_0p5_0p02_0016_0005" 5126
"../../../Engine/Content/EngineMaterials/Substrate/GLints/dict_16_192_64_0p5_0p02_0017_0000.uasset" 5127
"/Engine/EngineMaterials/Substrate/GLints/dict_16_192_64_0p5_0p02_0016_0007" 5128
"/Engine/EngineMaterials/Substrate/GLints/dict_16_192_64_0p5_0p02_0017_0000" 5129
"../../../Engine/Content/EngineMaterials/Substrate/GLints/dict_16_192_64_0p5_0p02_0017_0001.uasset" 5130
"../../../Engine/Content/EngineMaterials/Substrate/GLints/dict_16_192_64_0p5_0p02_0017_0002.uasset" 5131
"../../../Engine/Content/EngineMaterials/Substrate/GLints/dict_16_192_64_0p5_0p02_0017_0006.uasset" 5132
"../../../Engine/Content/EngineMaterials/Substrate/GLints/dict_16_192_64_0p5_0p02_0016_0014.uasset" 5133
"../../../Engine/Content/EngineMaterials/Substrate/GLints/dict_16_192_64_0p5_0p02_0017_0013.uasset" 5134
"../../../Engine/Content/EngineMaterials/Substrate/GLints/dict_16_192_64_0p5_0p02_0017_0005.uasset" 5135
"../../../Engine/Content/EngineMaterials/Substrate/GLints/dict_16_192_64_0p5_0p02_0017_0007.uasset" 5136
"../../../Engine/Content/EngineMaterials/Substrate/GLints/dict_16_192_64_0p5_0p02_0017_0009.uasset" 5137
"../../../Engine/Content/EngineMaterials/Substrate/GLints/dict_16_192_64_0p5_0p02_0017_0003.uasset" 5138
"../../../Engine/Content/EngineMaterials/Substrate/GLints/dict_16_192_64_0p5_0p02_0017_0004.uasset" 5139
"../../../Engine/Content/EngineMaterials/Substrate/GLints/dict_16_192_64_0p5_0p02_0016_0015.uasset" 5140
"../../../Engine/Content/EngineMaterials/Substrate/GLints/dict_16_192_64_0p5_0p02_0017_0008.uasset" 5141
"/Engine/EngineMaterials/Substrate/GLints/dict_16_192_64_0p5_0p02_0017_0009" 5142
"../../../Engine/Content/EngineMaterials/Substrate/GLints/dict_16_192_64_0p5_0p02_0018_0000.uasset" 5143
"../../../Engine/Content/EngineMaterials/Substrate/GLints/dict_16_192_64_0p5_0p02_0017_0014.uasset" 5144
"../../../Engine/Content/EngineMaterials/Substrate/GLints/dict_16_192_64_0p5_0p02_0018_0001.uasset" 5145
"/Engine/EngineMaterials/Substrate/GLints/dict_16_192_64_0p5_0p02_0017_0008" 5146
"/Engine/EngineMaterials/Substrate/GLints/dict_16_192_64_0p5_0p02_0017_0007" 5147
"/Engine/EngineMaterials/Substrate/GLints/dict_16_192_64_0p5_0p02_0016_0015" 5148
"../../../Engine/Content/EngineMaterials/Substrate/GLints/dict_16_192_64_0p5_0p02_0017_0012.uasset" 5149
"/Engine/EngineMaterials/Substrate/GLints/dict_16_192_64_0p5_0p02_0017_0006" 5150
"/Engine/EngineMaterials/Substrate/GLints/dict_16_192_64_0p5_0p02_0017_0005" 5151
"/Engine/EngineMaterials/Substrate/GLints/dict_16_192_64_0p5_0p02_0016_0014" 5152
"/Engine/EngineMaterials/Substrate/GLints/dict_16_192_64_0p5_0p02_0017_0004" 5153
"/Engine/EngineMaterials/Substrate/GLints/dict_16_192_64_0p5_0p02_0017_0003" 5154
"/Engine/EngineMaterials/Substrate/GLints/dict_16_192_64_0p5_0p02_0017_0002" 5155
"/Engine/EngineMaterials/Substrate/GLints/dict_16_192_64_0p5_0p02_0017_0001" 5156
"/Engine/EngineMaterials/Substrate/GLints/dict_16_192_64_0p5_0p02_0017_0013" 5157
"../../../Engine/Content/EngineMaterials/Substrate/GLints/dict_16_192_64_0p5_0p02_0017_0015.uasset" 5158
"../../../Engine/Content/EngineMaterials/Substrate/GLints/dict_16_192_64_0p5_0p02_0012_0015.uasset" 5159
"../../../Engine/Content/EngineMaterials/Substrate/GLints/dict_16_192_64_0p5_0p02_0018_0003.uasset" 5160
"/Engine/EngineMaterials/Substrate/GLints/dict_16_192_64_0p5_0p02_0017_0012" 5161
"/Engine/EngineMaterials/Substrate/GLints/dict_16_192_64_0p5_0p02_0018_0001" 5162
"/Engine/EngineMaterials/Substrate/GLints/dict_16_192_64_0p5_0p02_0018_0000" 5163
"../../../Engine/Content/EngineMaterials/Substrate/GLints/dict_16_192_64_0p5_0p02_0018_0004.uasset" 5164
"/Engine/EngineMaterials/Substrate/GLints/dict_16_192_64_0p5_0p02_0017_0015" 5165
"/Engine/EngineMaterials/Substrate/GLints/dict_16_192_64_0p5_0p02_0017_0014" 5166
"/Engine/EngineMaterials/Substrate/GLints/dict_16_192_64_0p5_0p02_0012_0015" 5167
"../../../Engine/Content/EngineMaterials/Substrate/GLints/dict_16_192_64_0p5_0p02_0018_0006.uasset" 5168
"../../../Engine/Content/EngineMaterials/Substrate/GLints/dict_16_192_64_0p5_0p02_0018_0002.uasset" 5169
"/Engine/EngineMaterials/Substrate/GLints/dict_16_192_64_0p5_0p02_0018_0004" 5170
"/Engine/EngineMaterials/Substrate/GLints/dict_16_192_64_0p5_0p02_0018_0003" 5171
"/Engine/EngineMaterials/Substrate/GLints/dict_16_192_64_0p5_0p02_0018_0002" 5172
"/Engine/EngineMaterials/Substrate/GLints/dict_16_192_64_0p5_0p02_0018_0006" 5173
"../../../Engine/Content/EngineMaterials/Substrate/GLints/dict_16_192_64_0p5_0p02_0018_0005.uasset" 5174
"../../../Engine/Content/EngineMaterials/Substrate/GLints/dict_16_192_64_0p5_0p02_0017_0011.uasset" 5175
"../../../Engine/Content/EngineMaterials/Substrate/GLints/dict_16_192_64_0p5_0p02_0010_0006.uasset" 5176
"../../../Engine/Content/EngineMaterials/Substrate/GLints/dict_16_192_64_0p5_0p02_0018_0009.uasset" 5177
"../../../Engine/Content/EngineMaterials/Substrate/GLints/dict_16_192_64_0p5_0p02_0018_0012.uasset" 5178
"../../../Engine/Content/EngineMaterials/Substrate/GLints/dict_16_192_64_0p5_0p02_0018_0011.uasset" 5179
"/Engine/EngineMaterials/Substrate/GLints/dict_16_192_64_0p5_0p02_0018_0005" 5180
"/Engine/EngineMaterials/Substrate/GLints/dict_16_192_64_0p5_0p02_0017_0011" 5181
"../../../Engine/Content/EngineMaterials/Substrate/GLints/dict_16_192_64_0p5_0p02_0018_0008.uasset" 5182
"/Engine/EngineMaterials/Substrate/GLints/dict_16_192_64_0p5_0p02_0010_0006" 5183
"/Engine/EngineMaterials/Substrate/GLints/dict_16_192_64_0p5_0p02_0018_0012" 5184
"/Engine/EngineMaterials/Substrate/GLints/dict_16_192_64_0p5_0p02_0018_0011" 5185
"../../../Engine/Content/EngineMaterials/Substrate/GLints/dict_16_192_64_0p5_0p02_0018_0010.uasset" 5186
"/Engine/EngineMaterials/Substrate/GLints/dict_16_192_64_0p5_0p02_0018_0009" 5187
"/Engine/EngineMaterials/Substrate/GLints/dict_16_192_64_0p5_0p02_0018_0010" 5188
"../../../Engine/Content/EngineMaterials/Substrate/GLints/dict_16_192_64_0p5_0p02_0018_0013.uasset" 5189
"/Engine/EngineMaterials/Substrate/GLints/dict_16_192_64_0p5_0p02_0018_0008" 5190
"/Engine/EngineMaterials/Substrate/GLints/dict_16_192_64_0p5_0p02_0018_0013" 5191
"../../../Engine/Content/EngineMaterials/Substrate/GLints/dict_16_192_64_0p5_0p02_0018_0015.uasset" 5192
"../../../Engine/Content/EngineMaterials/Substrate/GLints/dict_16_192_64_0p5_0p02_0019_0001.uasset" 5193
"/Engine/EngineMaterials/Substrate/GLints/dict_16_192_64_0p5_0p02_0019_0001" 5194
"/Engine/EngineMaterials/Substrate/GLints/dict_16_192_64_0p5_0p02_0018_0015" 5195
"../../../Engine/Content/EngineMaterials/Substrate/GLints/dict_16_192_64_0p5_0p02_0019_0012.uasset" 5196
"../../../Engine/Content/EngineMaterials/Substrate/GLints/dict_16_192_64_0p5_0p02_0019_0005.uasset" 5197
"../../../Engine/Content/EngineMaterials/Substrate/GLints/dict_16_192_64_0p5_0p02_0019_0002.uasset" 5198
"../../../Engine/Content/EngineMaterials/Substrate/GLints/dict_16_192_64_0p5_0p02_0019_0000.uasset" 5199
"../../../Engine/Content/EngineMaterials/Substrate/GLints/dict_16_192_64_0p5_0p02_0019_0004.uasset" 5200
"../../../Engine/Content/EngineMaterials/Substrate/GLints/dict_16_192_64_0p5_0p02_0019_0007.uasset" 5201
"../../../Engine/Content/EngineMaterials/Substrate/GLints/dict_16_192_64_0p5_0p02_0019_0006.uasset" 5202
"../../../Engine/Content/EngineMaterials/Substrate/GLints/dict_16_192_64_0p5_0p02_0019_0013.uasset" 5203
"../../../Engine/Content/EngineMaterials/Substrate/GLints/dict_16_192_64_0p5_0p02_0019_0011.uasset" 5204
"../../../Engine/Content/EngineMaterials/Substrate/GLints/dict_16_192_64_0p5_0p02_0019_0003.uasset" 5205
"../../../Engine/Content/EngineMaterials/Substrate/GLints/dict_16_192_64_0p5_0p02_0019_0008.uasset" 5206
"../../../Engine/Content/EngineMaterials/Substrate/GLints/dict_16_192_64_0p5_0p02_0019_0010.uasset" 5207
"/Engine/EngineMaterials/Substrate/GLints/dict_16_192_64_0p5_0p02_0019_0008" 5208
"/Engine/EngineMaterials/Substrate/GLints/dict_16_192_64_0p5_0p02_0019_0002" 5209
"../../../Engine/Content/EngineMaterials/Substrate/GLints/dict_16_192_64_0p5_0p02_0019_0009.uasset" 5210
"/Engine/EngineMaterials/Substrate/GLints/dict_16_192_64_0p5_0p02_0019_0000" 5211
"../../../Engine/Content/EngineMaterials/Substrate/GLints/dict_16_192_64_0p5_0p02_0019_0015.uasset" 5212
"/Engine/EngineMaterials/Substrate/GLints/dict_16_192_64_0p5_0p02_0019_0012" 5213
"/Engine/EngineMaterials/Substrate/GLints/dict_16_192_64_0p5_0p02_0019_0011" 5214
"/Engine/EngineMaterials/Substrate/GLints/dict_16_192_64_0p5_0p02_0019_0010" 5215
"/Engine/EngineMaterials/Substrate/GLints/dict_16_192_64_0p5_0p02_0019_0007" 5216
"/Engine/EngineMaterials/Substrate/GLints/dict_16_192_64_0p5_0p02_0019_0006" 5217
"/Engine/EngineMaterials/Substrate/GLints/dict_16_192_64_0p5_0p02_0019_0005" 5218
"/Engine/EngineMaterials/Substrate/GLints/dict_16_192_64_0p5_0p02_0019_0013" 5219
"/Engine/EngineMaterials/Substrate/GLints/dict_16_192_64_0p5_0p02_0019_0004" 5220
"/Engine/EngineMaterials/Substrate/GLints/dict_16_192_64_0p5_0p02_0019_0003" 5221
"/Engine/EngineMaterials/Substrate/GLints/dict_16_192_64_0p5_0p02_0019_0015" 5222
"/Engine/EngineMaterials/Substrate/GLints/dict_16_192_64_0p5_0p02_0019_0009" 5223
"../../../Engine/Content/EngineMaterials/Substrate/GLints/dict_16_192_64_0p5_0p02_0020_0007.uasset" 5224
"../../../Engine/Content/EngineMaterials/Substrate/GLints/dict_16_192_64_0p5_0p02_0020_0002.uasset" 5225
"../../../Engine/Content/EngineMaterials/Substrate/GLints/dict_16_192_64_0p5_0p02_0020_0005.uasset" 5226
"../../../Engine/Content/EngineMaterials/Substrate/GLints/dict_16_192_64_0p5_0p02_0020_0001.uasset" 5227
"../../../Engine/Content/EngineMaterials/Substrate/GLints/dict_16_192_64_0p5_0p02_0020_0006.uasset" 5228
"../../../Engine/Content/EngineMaterials/Substrate/GLints/dict_16_192_64_0p5_0p02_0019_0014.uasset" 5229
"../../../Engine/Content/EngineMaterials/Substrate/GLints/dict_16_192_64_0p5_0p02_0020_0000.uasset" 5230
"../../../Engine/Content/EngineMaterials/Substrate/GLints/dict_16_192_64_0p5_0p02_0020_0003.uasset" 5231
"../../../Engine/Content/EngineMaterials/Substrate/GLints/dict_16_192_64_0p5_0p02_0020_0004.uasset" 5232
"../../../Engine/Content/EngineMaterials/Substrate/GLints/dict_16_192_64_0p5_0p02_0020_0012.uasset" 5233
"../../../Engine/Content/EngineMaterials/Substrate/GLints/dict_16_192_64_0p5_0p02_0020_0014.uasset" 5234
"/Engine/EngineMaterials/Substrate/GLints/dict_16_192_64_0p5_0p02_0020_0002" 5235
"../../../Engine/Content/EngineMaterials/Substrate/GLints/dict_16_192_64_0p5_0p02_0020_0013.uasset" 5236
"/Engine/EngineMaterials/Substrate/GLints/dict_16_192_64_0p5_0p02_0020_0001" 5237
"../../../Engine/Content/EngineMaterials/Substrate/GLints/dict_16_192_64_0p5_0p02_0020_0008.uasset" 5238
"../../../Engine/Content/EngineMaterials/Substrate/GLints/dict_16_192_64_0p5_0p02_0020_0009.uasset" 5239
"/Engine/EngineMaterials/Substrate/GLints/dict_16_192_64_0p5_0p02_0020_0007" 5240
"/Engine/EngineMaterials/Substrate/GLints/dict_16_192_64_0p5_0p02_0020_0006" 5241
"/Engine/EngineMaterials/Substrate/GLints/dict_16_192_64_0p5_0p02_0020_0005" 5242
"../../../Engine/Content/EngineMaterials/Substrate/GLints/dict_16_192_64_0p5_0p02_0020_0011.uasset" 5243
"../../../Engine/Content/EngineMaterials/Substrate/GLints/dict_16_192_64_0p5_0p02_0020_0010.uasset" 5244
"/Engine/EngineMaterials/Substrate/GLints/dict_16_192_64_0p5_0p02_0020_0000" 5245
"../../../Engine/Content/EngineMaterials/Substrate/GLints/dict_16_192_64_0p5_0p02_0021_0000.uasset" 5246
"/Engine/EngineMaterials/Substrate/GLints/dict_16_192_64_0p5_0p02_0020_0014" 5247
"/Engine/EngineMaterials/Substrate/GLints/dict_16_192_64_0p5_0p02_0019_0014" 5248
"/Engine/EngineMaterials/Substrate/GLints/dict_16_192_64_0p5_0p02_0020_0004" 5249
"/Engine/EngineMaterials/Substrate/GLints/dict_16_192_64_0p5_0p02_0020_0012" 5250
"/Engine/EngineMaterials/Substrate/GLints/dict_16_192_64_0p5_0p02_0020_0003" 5251
"/Engine/EngineMaterials/Substrate/GLints/dict_16_192_64_0p5_0p02_0021_0000" 5252
"/Engine/EngineMaterials/Substrate/GLints/dict_16_192_64_0p5_0p02_0020_0013" 5253
"/Engine/EngineMaterials/Substrate/GLints/dict_16_192_64_0p5_0p02_0020_0011" 5254
"/Engine/EngineMaterials/Substrate/GLints/dict_16_192_64_0p5_0p02_0020_0010" 5255
"/Engine/EngineMaterials/Substrate/GLints/dict_16_192_64_0p5_0p02_0020_0009" 5256
"/Engine/EngineMaterials/Substrate/GLints/dict_16_192_64_0p5_0p02_0020_0008" 5257
"../../../Engine/Content/EngineMaterials/Substrate/GLints/dict_16_192_64_0p5_0p02_0021_0001.uasset" 5258
"../../../Engine/Content/EngineMaterials/Substrate/GLints/dict_16_192_64_0p5_0p02_0021_0002.uasset" 5259
"../../../Engine/Content/EngineMaterials/Substrate/GLints/dict_16_192_64_0p5_0p02_0020_0015.uasset" 5260
"../../../Engine/Content/EngineMaterials/Substrate/GLints/dict_16_192_64_0p5_0p02_0021_0008.uasset" 5261
"../../../Engine/Content/EngineMaterials/Substrate/GLints/dict_16_192_64_0p5_0p02_0021_0004.uasset" 5262
"../../../Engine/Content/EngineMaterials/Substrate/GLints/dict_16_192_64_0p5_0p02_0021_0005.uasset" 5263
"../../../Engine/Content/EngineMaterials/Substrate/GLints/dict_16_192_64_0p5_0p02_0021_0003.uasset" 5264
"../../../Engine/Content/EngineMaterials/Substrate/GLints/dict_16_192_64_0p5_0p02_0021_0009.uasset" 5265
"../../../Engine/Content/EngineMaterials/Substrate/GLints/dict_16_192_64_0p5_0p02_0021_0006.uasset" 5266
"/Engine/EngineMaterials/Substrate/GLints/dict_16_192_64_0p5_0p02_0021_0003" 5267
"/Engine/EngineMaterials/Substrate/GLints/dict_16_192_64_0p5_0p02_0021_0002" 5268
"/Engine/EngineMaterials/Substrate/GLints/dict_16_192_64_0p5_0p02_0021_0001" 5269
"/Engine/EngineMaterials/Substrate/GLints/dict_16_192_64_0p5_0p02_0020_0015" 5270
"/Engine/EngineMaterials/Substrate/GLints/dict_16_192_64_0p5_0p02_0021_0005" 5271
"/Engine/EngineMaterials/Substrate/GLints/dict_16_192_64_0p5_0p02_0021_0009" 5272
"../../../Engine/Content/EngineMaterials/Substrate/GLints/dict_16_192_64_0p5_0p02_0021_0012.uasset" 5273
"/Engine/EngineMaterials/Substrate/GLints/dict_16_192_64_0p5_0p02_0021_0008" 5274
"/Engine/EngineMaterials/Substrate/GLints/dict_16_192_64_0p5_0p02_0021_0006" 5275
"/Engine/EngineMaterials/Substrate/GLints/dict_16_192_64_0p5_0p02_0021_0004" 5276
"/Engine/EngineMaterials/Substrate/GLints/dict_16_192_64_0p5_0p02_0021_0012" 5277
"../../../Engine/Content/EngineMaterials/Substrate/GLints/dict_16_192_64_0p5_0p02_0021_0011.uasset" 5278
"../../../Engine/Content/EngineMaterials/Substrate/GLints/dict_16_192_64_0p5_0p02_0021_0015.uasset" 5279
"../../../Engine/Content/EngineMaterials/Substrate/GLints/dict_16_192_64_0p5_0p02_0022_0003.uasset" 5280
"../../../Engine/Content/EngineMaterials/Substrate/GLints/dict_16_192_64_0p5_0p02_0021_0010.uasset" 5281
"../../../Engine/Content/EngineMaterials/Substrate/GLints/dict_16_192_64_0p5_0p02_0021_0014.uasset" 5282
"../../../Engine/Content/EngineMaterials/Substrate/GLints/dict_16_192_64_0p5_0p02_0021_0013.uasset" 5283
"../../../Engine/Content/EngineMaterials/Substrate/GLints/dict_16_192_64_0p5_0p02_0021_0007.uasset" 5284
"../../../Engine/Content/EngineMaterials/Substrate/GLints/dict_16_192_64_0p5_0p02_0022_0004.uasset" 5285
"../../../Engine/Content/EngineMaterials/Substrate/GLints/dict_16_192_64_0p5_0p02_0022_0001.uasset" 5286
"../../../Engine/Content/EngineMaterials/Substrate/GLints/dict_16_192_64_0p5_0p02_0022_0005.uasset" 5287
"../../../Engine/Content/EngineMaterials/Substrate/GLints/dict_16_192_64_0p5_0p02_0022_0002.uasset" 5288
"/Engine/EngineMaterials/Substrate/GLints/dict_16_192_64_0p5_0p02_0021_0015" 5289
"/Engine/EngineMaterials/Substrate/GLints/dict_16_192_64_0p5_0p02_0021_0014" 5290
"/Engine/EngineMaterials/Substrate/GLints/dict_16_192_64_0p5_0p02_0021_0013" 5291
"/Engine/EngineMaterials/Substrate/GLints/dict_16_192_64_0p5_0p02_0021_0011" 5292
"/Engine/EngineMaterials/Substrate/GLints/dict_16_192_64_0p5_0p02_0021_0010" 5293
"/Engine/EngineMaterials/Substrate/GLints/dict_16_192_64_0p5_0p02_0022_0005" 5294
"/Engine/EngineMaterials/Substrate/GLints/dict_16_192_64_0p5_0p02_0021_0007" 5295
"/Engine/EngineMaterials/Substrate/GLints/dict_16_192_64_0p5_0p02_0022_0004" 5296
"/Engine/EngineMaterials/Substrate/GLints/dict_16_192_64_0p5_0p02_0022_0003" 5297
"/Engine/EngineMaterials/Substrate/GLints/dict_16_192_64_0p5_0p02_0022_0001" 5298
"/Engine/EngineMaterials/Substrate/GLints/dict_16_192_64_0p5_0p02_0022_0002" 5299
"../../../Engine/Content/EngineMaterials/Substrate/GLints/dict_16_192_64_0p5_0p02_0022_0000.uasset" 5300
"../../../Engine/Content/EngineMaterials/Substrate/GLints/dict_16_192_64_0p5_0p02_0022_0008.uasset" 5301
"../../../Engine/Content/EngineMaterials/Substrate/GLints/dict_16_192_64_0p5_0p02_0022_0006.uasset" 5302
"../../../Engine/Content/EngineMaterials/Substrate/GLints/dict_16_192_64_0p5_0p02_0022_0009.uasset" 5303
"../../../Engine/Content/EngineMaterials/Substrate/GLints/dict_16_192_64_0p5_0p02_0022_0007.uasset" 5304
"../../../Engine/Content/EngineMaterials/Substrate/GLints/dict_16_192_64_0p5_0p02_0022_0010.uasset" 5305
"../../../Engine/Content/EngineMaterials/Substrate/GLints/dict_16_192_64_0p5_0p02_0022_0012.uasset" 5306
"../../../Engine/Content/EngineMaterials/Substrate/GLints/dict_16_192_64_0p5_0p02_0022_0015.uasset" 5307
"../../../Engine/Content/EngineMaterials/Substrate/GLints/dict_16_192_64_0p5_0p02_0023_0000.uasset" 5308
"../../../Engine/Content/EngineMaterials/Substrate/GLints/dict_16_192_64_0p5_0p02_0022_0011.uasset" 5309
"/Engine/EngineMaterials/Substrate/GLints/dict_16_192_64_0p5_0p02_0022_0015" 5310
"../../../Engine/Content/EngineMaterials/Substrate/GLints/dict_16_192_64_0p5_0p02_0023_0002.uasset" 5311
"/Engine/EngineMaterials/Substrate/GLints/dict_16_192_64_0p5_0p02_0022_0000" 5312
"/Engine/EngineMaterials/Substrate/GLints/dict_16_192_64_0p5_0p02_0022_0006" 5313
"../../../Engine/Content/EngineMaterials/Substrate/GLints/dict_16_192_64_0p5_0p02_0022_0013.uasset" 5314
"/Engine/EngineMaterials/Substrate/GLints/dict_16_192_64_0p5_0p02_0022_0012" 5315
"/Engine/EngineMaterials/Substrate/GLints/dict_16_192_64_0p5_0p02_0023_0000" 5316
"/Engine/EngineMaterials/Substrate/GLints/dict_16_192_64_0p5_0p02_0022_0011" 5317
"/Engine/EngineMaterials/Substrate/GLints/dict_16_192_64_0p5_0p02_0022_0010" 5318
"/Engine/EngineMaterials/Substrate/GLints/dict_16_192_64_0p5_0p02_0022_0009" 5319
"../../../Engine/Content/EngineMaterials/Substrate/GLints/dict_16_192_64_0p5_0p02_0023_0001.uasset" 5320
"/Engine/EngineMaterials/Substrate/GLints/dict_16_192_64_0p5_0p02_0022_0008" 5321
"../../../Engine/Content/EngineMaterials/Substrate/GLints/dict_16_192_64_0p5_0p02_0022_0014.uasset" 5322
"/Engine/EngineMaterials/Substrate/GLints/dict_16_192_64_0p5_0p02_0022_0007" 5323
"/Engine/EngineMaterials/Substrate/GLints/dict_16_192_64_0p5_0p02_0022_0014" 5324
"../../../Engine/Content/EngineMaterials/Substrate/GLints/dict_16_192_64_0p5_0p02_0023_0004.uasset" 5325
"../../../Engine/Content/EngineMaterials/Substrate/GLints/dict_16_192_64_0p5_0p02_0023_0003.uasset" 5326
"/Engine/EngineMaterials/Substrate/GLints/dict_16_192_64_0p5_0p02_0022_0013" 5327
"/Engine/EngineMaterials/Substrate/GLints/dict_16_192_64_0p5_0p02_0023_0002" 5328
"/Engine/EngineMaterials/Substrate/GLints/dict_16_192_64_0p5_0p02_0023_0001" 5329
"../../../Engine/Content/EngineMaterials/Substrate/GLints/dict_16_192_64_0p5_0p02_0023_0005.uasset" 5330
"../../../Engine/Content/EngineMaterials/Substrate/GLints/dict_16_192_64_0p5_0p02_0023_0006.uasset" 5331
"/Engine/EngineMaterials/Substrate/GLints/dict_16_192_64_0p5_0p02_0023_0006" 5332
"/Engine/EngineMaterials/Substrate/GLints/dict_16_192_64_0p5_0p02_0023_0005" 5333
"/Engine/EngineMaterials/Substrate/GLints/dict_16_192_64_0p5_0p02_0023_0004" 5334
"/Engine/EngineMaterials/Substrate/GLints/dict_16_192_64_0p5_0p02_0023_0003" 5335
"../../../Engine/Content/EngineMaterials/Substrate/GLints/dict_16_192_64_0p5_0p02_0024_0003.uasset" 5336
"../../../Engine/Content/EngineMaterials/Substrate/GLints/dict_16_192_64_0p5_0p02_0023_0010.uasset" 5337
"../../../Engine/Content/EngineMaterials/Substrate/GLints/dict_16_192_64_0p5_0p02_0023_0007.uasset" 5338
"../../../Engine/Content/EngineMaterials/Substrate/GLints/dict_16_192_64_0p5_0p02_0023_0013.uasset" 5339
"../../../Engine/Content/EngineMaterials/Substrate/GLints/dict_16_192_64_0p5_0p02_0023_0008.uasset" 5340
"../../../Engine/Content/EngineMaterials/Substrate/GLints/dict_16_192_64_0p5_0p02_0024_0000.uasset" 5341
"../../../Engine/Content/EngineMaterials/Substrate/GLints/dict_16_192_64_0p5_0p02_0023_0012.uasset" 5342
"/Engine/EngineMaterials/Substrate/GLints/dict_16_192_64_0p5_0p02_0023_0010" 5343
"/Engine/EngineMaterials/Substrate/GLints/dict_16_192_64_0p5_0p02_0024_0003" 5344
"/Engine/EngineMaterials/Substrate/GLints/dict_16_192_64_0p5_0p02_0023_0008" 5345
"/Engine/EngineMaterials/Substrate/GLints/dict_16_192_64_0p5_0p02_0023_0007" 5346
"/Engine/EngineMaterials/Substrate/GLints/dict_16_192_64_0p5_0p02_0024_0000" 5347
"../../../Engine/Content/EngineMaterials/Substrate/GLints/dict_16_192_64_0p5_0p02_0024_0001.uasset" 5348
"/Engine/EngineMaterials/Substrate/GLints/dict_16_192_64_0p5_0p02_0023_0013" 5349
"/Engine/EngineMaterials/Substrate/GLints/dict_16_192_64_0p5_0p02_0023_0012" 5350
"/Engine/EngineMaterials/Substrate/GLints/dict_16_192_64_0p5_0p02_0024_0001" 5351
"../../../Engine/Content/EngineMaterials/Substrate/GLints/dict_16_192_64_0p5_0p02_0023_0009.uasset" 5352
"../../../Engine/Content/EngineMaterials/Substrate/GLints/dict_16_192_64_0p5_0p02_0024_0002.uasset" 5353
"../../../Engine/Content/EngineMaterials/Substrate/GLints/dict_16_192_64_0p5_0p02_0023_0014.uasset" 5354
"../../../Engine/Content/EngineMaterials/Substrate/GLints/dict_16_192_64_0p5_0p02_0023_0015.uasset" 5355
"../../../Engine/Content/EngineMaterials/Substrate/GLints/dict_16_192_64_0p5_0p02_0024_0005.uasset" 5356
"../../../Engine/Content/EngineMaterials/Substrate/GLints/dict_16_192_64_0p5_0p02_0024_0006.uasset" 5357
"../../../Engine/Content/EngineMaterials/Substrate/GLints/dict_16_192_64_0p5_0p02_0024_0004.uasset" 5358
"../../../Engine/Content/EngineMaterials/Substrate/GLints/dict_16_192_64_0p5_0p02_0024_0008.uasset" 5359
"../../../Engine/Content/EngineMaterials/Substrate/GLints/dict_16_192_64_0p5_0p02_0024_0007.uasset" 5360
"/Engine/EngineMaterials/Substrate/GLints/dict_16_192_64_0p5_0p02_0024_0005" 5361
"/Engine/EngineMaterials/Substrate/GLints/dict_16_192_64_0p5_0p02_0024_0004" 5362
"/Engine/EngineMaterials/Substrate/GLints/dict_16_192_64_0p5_0p02_0023_0009" 5363
"/Engine/EngineMaterials/Substrate/GLints/dict_16_192_64_0p5_0p02_0024_0008" 5364
"/Engine/EngineMaterials/Substrate/GLints/dict_16_192_64_0p5_0p02_0024_0002" 5365
"/Engine/EngineMaterials/Substrate/GLints/dict_16_192_64_0p5_0p02_0023_0015" 5366
"/Engine/EngineMaterials/Substrate/GLints/dict_16_192_64_0p5_0p02_0023_0014" 5367
"/Engine/EngineMaterials/Substrate/GLints/dict_16_192_64_0p5_0p02_0024_0007" 5368
"/Engine/EngineMaterials/Substrate/GLints/dict_16_192_64_0p5_0p02_0024_0006" 5369
"../../../Engine/Content/EngineMaterials/Substrate/GLints/dict_16_192_64_0p5_0p02_0024_0010.uasset" 5370
"../../../Engine/Content/EngineMaterials/Substrate/GLints/dict_16_192_64_0p5_0p02_0024_0014.uasset" 5371
"../../../Engine/Content/EngineMaterials/Substrate/GLints/dict_16_192_64_0p5_0p02_0024_0011.uasset" 5372
"../../../Engine/Content/EngineMaterials/Substrate/GLints/dict_16_192_64_0p5_0p02_0024_0013.uasset" 5373
"../../../Engine/Content/EngineMaterials/Substrate/GLints/dict_16_192_64_0p5_0p02_0024_0012.uasset" 5374
"../../../Engine/Content/EngineMaterials/Substrate/GLints/dict_16_192_64_0p5_0p02_0024_0015.uasset" 5375
"../../../Engine/Content/EngineMaterials/Substrate/GLints/dict_16_192_64_0p5_0p02_0024_0009.uasset" 5376
"../../../Engine/Content/EngineMaterials/Substrate/GLints/dict_16_192_64_0p5_0p02_0025_0002.uasset" 5377
"../../../Engine/Content/EngineMaterials/Substrate/GLints/dict_16_192_64_0p5_0p02_0025_0001.uasset" 5378
"/Engine/EngineMaterials/Substrate/GLints/dict_16_192_64_0p5_0p02_0024_0009" 5379
"/Engine/EngineMaterials/Substrate/GLints/dict_16_192_64_0p5_0p02_0025_0002" 5380
"/Engine/EngineMaterials/Substrate/GLints/dict_16_192_64_0p5_0p02_0025_0001" 5381
"/Engine/EngineMaterials/Substrate/GLints/dict_16_192_64_0p5_0p02_0024_0013" 5382
"/Engine/EngineMaterials/Substrate/GLints/dict_16_192_64_0p5_0p02_0024_0012" 5383
"/Engine/EngineMaterials/Substrate/GLints/dict_16_192_64_0p5_0p02_0024_0011" 5384
"../../../Engine/Content/EngineMaterials/Substrate/GLints/dict_16_192_64_0p5_0p02_0025_0000.uasset" 5385
"/Engine/EngineMaterials/Substrate/GLints/dict_16_192_64_0p5_0p02_0024_0010" 5386
"/Engine/EngineMaterials/Substrate/GLints/dict_16_192_64_0p5_0p02_0024_0015" 5387
"/Engine/EngineMaterials/Substrate/GLints/dict_16_192_64_0p5_0p02_0024_0014" 5388
"../../../Engine/Content/EngineMaterials/Substrate/GLints/dict_16_192_64_0p5_0p02_0025_0003.uasset" 5389
"/Engine/EngineMaterials/Substrate/GLints/dict_16_192_64_0p5_0p02_0025_0003" 5390
"/Engine/EngineMaterials/Substrate/GLints/dict_16_192_64_0p5_0p02_0025_0000" 5391
"../../../Engine/Content/EngineMaterials/Substrate/GLints/dict_16_192_64_0p5_0p02_0025_0005.uasset" 5392
"../../../Engine/Content/EngineMaterials/Substrate/GLints/dict_16_192_64_0p5_0p02_0025_0004.uasset" 5393
"../../../Engine/Content/EngineMaterials/Substrate/GLints/dict_16_192_64_0p5_0p02_0025_0006.uasset" 5394
"../../../Engine/Content/EngineMaterials/Substrate/GLints/dict_16_192_64_0p5_0p02_0025_0013.uasset" 5395
"/Engine/EngineMaterials/Substrate/GLints/dict_16_192_64_0p5_0p02_0025_0013" 5396
"../../../Engine/Content/EngineMaterials/Substrate/GLints/dict_16_192_64_0p5_0p02_0025_0012.uasset" 5397
"../../../Engine/Content/EngineMaterials/Substrate/GLints/dict_16_192_64_0p5_0p02_0025_0007.uasset" 5398
"/Engine/EngineMaterials/Substrate/GLints/dict_16_192_64_0p5_0p02_0025_0004" 5399
"/Engine/EngineMaterials/Substrate/GLints/dict_16_192_64_0p5_0p02_0025_0005" 5400
"../../../Engine/Content/EngineMaterials/Substrate/GLints/dict_16_192_64_0p5_0p02_0025_0008.uasset" 5401
"../../../Engine/Content/EngineMaterials/Substrate/GLints/dict_16_192_64_0p5_0p02_0025_0010.uasset" 5402
"/Engine/EngineMaterials/Substrate/GLints/dict_16_192_64_0p5_0p02_0025_0006" 5403
"../../../Engine/Content/EngineMaterials/Substrate/GLints/dict_16_192_64_0p5_0p02_0025_0011.uasset" 5404
"/Engine/EngineMaterials/Substrate/GLints/dict_16_192_64_0p5_0p02_0025_0012" 5405
"../../../Engine/Content/EngineMaterials/Substrate/GLints/dict_16_192_64_0p5_0p02_0025_0009.uasset" 5406
"/Engine/EngineMaterials/Substrate/GLints/dict_16_192_64_0p5_0p02_0025_0011" 5407
"/Engine/EngineMaterials/Substrate/GLints/dict_16_192_64_0p5_0p02_0025_0010" 5408
"/Engine/EngineMaterials/Substrate/GLints/dict_16_192_64_0p5_0p02_0025_0008" 5409
"/Engine/EngineMaterials/Substrate/GLints/dict_16_192_64_0p5_0p02_0025_0007" 5410
"/Engine/EngineMaterials/Substrate/GLints/dict_16_192_64_0p5_0p02_0025_0009" 5411
"../../../Engine/Content/EngineMaterials/Substrate/GLints/dict_16_192_64_0p5_0p02_0026_0001.uasset" 5412
"../../../Engine/Content/EngineMaterials/Substrate/GLints/dict_16_192_64_0p5_0p02_0026_0000.uasset" 5413
"../../../Engine/Content/EngineMaterials/Substrate/GLints/dict_16_192_64_0p5_0p02_0010_0012.uasset" 5414
"../../../Engine/Content/EngineMaterials/Substrate/GLints/dict_16_192_64_0p5_0p02_0026_0006.uasset" 5415
"../../../Engine/Content/EngineMaterials/Substrate/GLints/dict_16_192_64_0p5_0p02_0026_0002.uasset" 5416
"/Engine/EngineMaterials/Substrate/GLints/dict_16_192_64_0p5_0p02_0026_0006" 5417
"../../../Engine/Content/EngineMaterials/Substrate/GLints/dict_16_192_64_0p5_0p02_0026_0003.uasset" 5418
"/Engine/EngineMaterials/Substrate/GLints/dict_16_192_64_0p5_0p02_0026_0002" 5419
"/Engine/EngineMaterials/Substrate/GLints/dict_16_192_64_0p5_0p02_0026_0001" 5420
"/Engine/EngineMaterials/Substrate/GLints/dict_16_192_64_0p5_0p02_0010_0012" 5421
"/Engine/EngineMaterials/Substrate/GLints/dict_16_192_64_0p5_0p02_0026_0000" 5422
"/Engine/EngineMaterials/Substrate/GLints/dict_16_192_64_0p5_0p02_0026_0003" 5423
"../../../Engine/Content/EngineMaterials/Substrate/GLints/dict_16_192_64_0p5_0p02_0026_0007.uasset" 5424
"/Engine/EngineMaterials/Substrate/GLints/dict_16_192_64_0p5_0p02_0026_0007" 5425
"../../../Engine/Content/EngineMaterials/Substrate/GLints/dict_16_192_64_0p5_0p02_0026_0005.uasset" 5426
"../../../Engine/Content/EngineMaterials/Substrate/GLints/dict_16_192_64_0p5_0p02_0026_0009.uasset" 5427
"../../../Engine/Content/EngineMaterials/Substrate/GLints/dict_16_192_64_0p5_0p02_0026_0004.uasset" 5428
"../../../Engine/Content/EngineMaterials/Substrate/GLints/dict_16_192_64_0p5_0p02_0026_0008.uasset" 5429
"../../../Engine/Content/EngineMaterials/Substrate/GLints/dict_16_192_64_0p5_0p02_0026_0010.uasset" 5430
"../../../Engine/Content/EngineMaterials/Substrate/GLints/dict_16_192_64_0p5_0p02_0026_0013.uasset" 5431
"/Engine/EngineMaterials/Substrate/GLints/dict_16_192_64_0p5_0p02_0026_0013" 5432
"/Engine/EngineMaterials/Substrate/GLints/dict_16_192_64_0p5_0p02_0026_0009" 5433
"/Engine/EngineMaterials/Substrate/GLints/dict_16_192_64_0p5_0p02_0026_0005" 5434
"/Engine/EngineMaterials/Substrate/GLints/dict_16_192_64_0p5_0p02_0026_0004" 5435
"/Engine/EngineMaterials/Substrate/GLints/dict_16_192_64_0p5_0p02_0026_0008" 5436
"/Engine/EngineMaterials/Substrate/GLints/dict_16_192_64_0p5_0p02_0026_0010" 5437
"../../../Engine/Content/EngineMaterials/Substrate/GLints/dict_16_192_64_0p5_0p02_0026_0011.uasset" 5438
"../../../Engine/Content/EngineMaterials/Substrate/GLints/dict_16_192_64_0p5_0p02_0026_0014.uasset" 5439
"../../../Engine/Content/EngineMaterials/Substrate/GLints/dict_16_192_64_0p5_0p02_0027_0000.uasset" 5440
"../../../Engine/Content/EngineMaterials/Substrate/GLints/dict_16_192_64_0p5_0p02_0027_0005.uasset" 5441
"../../../Engine/Content/EngineMaterials/Substrate/GLints/dict_16_192_64_0p5_0p02_0026_0015.uasset" 5442
"../../../Engine/Content/EngineMaterials/Substrate/GLints/dict_16_192_64_0p5_0p02_0027_0001.uasset" 5443
"../../../Engine/Content/EngineMaterials/Substrate/GLints/dict_16_192_64_0p5_0p02_0027_0002.uasset" 5444
"../../../Engine/Content/EngineMaterials/Substrate/GLints/dict_16_192_64_0p5_0p02_0027_0006.uasset" 5445
"../../../Engine/Content/EngineMaterials/Substrate/GLints/dict_16_192_64_0p5_0p02_0027_0007.uasset" 5446
"/Engine/EngineMaterials/Substrate/GLints/dict_16_192_64_0p5_0p02_0027_0002" 5447
"/Engine/EngineMaterials/Substrate/GLints/dict_16_192_64_0p5_0p02_0027_0001" 5448
"/Engine/EngineMaterials/Substrate/GLints/dict_16_192_64_0p5_0p02_0027_0000" 5449
"/Engine/EngineMaterials/Substrate/GLints/dict_16_192_64_0p5_0p02_0026_0011" 5450
"../../../Engine/Content/EngineMaterials/Substrate/GLints/dict_16_192_64_0p5_0p02_0027_0009.uasset" 5451
"/Engine/EngineMaterials/Substrate/GLints/dict_16_192_64_0p5_0p02_0026_0015" 5452
"/Engine/EngineMaterials/Substrate/GLints/dict_16_192_64_0p5_0p02_0027_0007" 5453
"/Engine/EngineMaterials/Substrate/GLints/dict_16_192_64_0p5_0p02_0027_0006" 5454
"/Engine/EngineMaterials/Substrate/GLints/dict_16_192_64_0p5_0p02_0026_0014" 5455
"/Engine/EngineMaterials/Substrate/GLints/dict_16_192_64_0p5_0p02_0027_0005" 5456
"/Engine/EngineMaterials/Substrate/GLints/dict_16_192_64_0p5_0p02_0027_0009" 5457
"../../../Engine/Content/EngineMaterials/Substrate/GLints/dict_16_192_64_0p5_0p02_0027_0010.uasset" 5458
"../../../Engine/Content/EngineMaterials/Substrate/GLints/dict_16_192_64_0p5_0p02_0027_0012.uasset" 5459
"../../../Engine/Content/EngineMaterials/Substrate/GLints/dict_16_192_64_0p5_0p02_0027_0011.uasset" 5460
"../../../Engine/Content/EngineMaterials/Substrate/GLints/dict_16_192_64_0p5_0p02_0027_0008.uasset" 5461
"../../../Engine/Content/EngineMaterials/Substrate/GLints/dict_16_192_64_0p5_0p02_0027_0013.uasset" 5462
"../../../Engine/Content/EngineMaterials/Substrate/GLints/dict_16_192_64_0p5_0p02_0028_0000.uasset" 5463
"../../../Engine/Content/EngineMaterials/Substrate/GLints/dict_16_192_64_0p5_0p02_0027_0015.uasset" 5464
"../../../Engine/Content/EngineMaterials/Substrate/GLints/dict_16_192_64_0p5_0p02_0027_0014.uasset" 5465
"../../../Engine/Content/EngineMaterials/Substrate/GLints/dict_16_192_64_0p5_0p02_0028_0003.uasset" 5466
"/Engine/EngineMaterials/Substrate/GLints/dict_16_192_64_0p5_0p02_0028_0000" 5467
"/Engine/EngineMaterials/Substrate/GLints/dict_16_192_64_0p5_0p02_0027_0010" 5468
"../../../Engine/Content/EngineMaterials/Substrate/GLints/dict_16_192_64_0p5_0p02_0028_0001.uasset" 5469
"/Engine/EngineMaterials/Substrate/GLints/dict_16_192_64_0p5_0p02_0027_0015" 5470
"../../../Engine/Content/EngineMaterials/Substrate/GLints/dict_16_192_64_0p5_0p02_0028_0005.uasset" 5471
"/Engine/EngineMaterials/Substrate/GLints/dict_16_192_64_0p5_0p02_0027_0008" 5472
"../../../Engine/Content/EngineMaterials/Substrate/GLints/dict_16_192_64_0p5_0p02_0028_0008.uasset" 5473
"../../../Engine/Content/EngineMaterials/Substrate/GLints/dict_16_192_64_0p5_0p02_0028_0006.uasset" 5474
"/Engine/EngineMaterials/Substrate/GLints/dict_16_192_64_0p5_0p02_0027_0014" 5475
"/Engine/EngineMaterials/Substrate/GLints/dict_16_192_64_0p5_0p02_0027_0013" 5476
"/Engine/EngineMaterials/Substrate/GLints/dict_16_192_64_0p5_0p02_0027_0012" 5477
"/Engine/EngineMaterials/Substrate/GLints/dict_16_192_64_0p5_0p02_0028_0003" 5478
"/Engine/EngineMaterials/Substrate/GLints/dict_16_192_64_0p5_0p02_0027_0011" 5479
"../../../Engine/Content/EngineMaterials/Substrate/GLints/dict_16_192_64_0p5_0p02_0028_0004.uasset" 5480
"/Engine/EngineMaterials/Substrate/GLints/dict_16_192_64_0p5_0p02_0028_0008" 5481
"/Engine/EngineMaterials/Substrate/GLints/dict_16_192_64_0p5_0p02_0028_0006" 5482
"/Engine/EngineMaterials/Substrate/GLints/dict_16_192_64_0p5_0p02_0028_0005" 5483
"/Engine/EngineMaterials/Substrate/GLints/dict_16_192_64_0p5_0p02_0028_0004" 5484
"/Engine/EngineMaterials/Substrate/GLints/dict_16_192_64_0p5_0p02_0028_0001" 5485
"../../../Engine/Content/EngineMaterials/Substrate/GLints/dict_16_192_64_0p5_0p02_0028_0002.uasset" 5486
"../../../Engine/Content/EngineMaterials/Substrate/GLints/dict_16_192_64_0p5_0p02_0028_0007.uasset" 5487
"../../../Engine/Content/EngineMaterials/Substrate/GLints/dict_16_192_64_0p5_0p02_0028_0010.uasset" 5488
"../../../Engine/Content/EngineMaterials/Substrate/GLints/dict_16_192_64_0p5_0p02_0028_0012.uasset" 5489
"../../../Engine/Content/EngineMaterials/Substrate/GLints/dict_16_192_64_0p5_0p02_0028_0011.uasset" 5490
"/Engine/EngineMaterials/Substrate/GLints/dict_16_192_64_0p5_0p02_0028_0007" 5491
"../../../Engine/Content/EngineMaterials/Substrate/GLints/dict_16_192_64_0p5_0p02_0018_0014.uasset" 5492
"/Engine/EngineMaterials/Substrate/GLints/dict_16_192_64_0p5_0p02_0028_0010" 5493
"../../../Engine/Content/EngineMaterials/Substrate/GLints/dict_16_192_64_0p5_0p02_0028_0009.uasset" 5494
"/Engine/EngineMaterials/Substrate/GLints/dict_16_192_64_0p5_0p02_0028_0012" 5495
"/Engine/EngineMaterials/Substrate/GLints/dict_16_192_64_0p5_0p02_0028_0002" 5496
"/Engine/EngineMaterials/Substrate/GLints/dict_16_192_64_0p5_0p02_0028_0011" 5497
"/Engine/EngineMaterials/Substrate/GLints/dict_16_192_64_0p5_0p02_0028_0009" 5498
"../../../Engine/Content/EngineMaterials/Substrate/GLints/dict_16_192_64_0p5_0p02_0028_0013.uasset" 5499
"/Engine/EngineMaterials/Substrate/GLints/dict_16_192_64_0p5_0p02_0018_0014" 5500
"../../../Engine/Content/EngineMaterials/Substrate/GLints/dict_16_192_64_0p5_0p02_0013_0012.uasset" 5501
"/Engine/EngineMaterials/Substrate/GLints/dict_16_192_64_0p5_0p02_0013_0012" 5502
"/Engine/EngineMaterials/Substrate/GLints/dict_16_192_64_0p5_0p02_0028_0013" 5503
"../../../Engine/Content/EngineMaterials/Substrate/GLints/dict_16_192_64_0p5_0p02_0028_0014.uasset" 5504
"../../../Engine/Content/EngineMaterials/Substrate/GLints/dict_16_192_64_0p5_0p02_0028_0015.uasset" 5505
"../../../Engine/Content/EngineMaterials/Substrate/GLints/dict_16_192_64_0p5_0p02_0029_0000.uasset" 5506
"../../../Engine/Content/EngineMaterials/Substrate/GLints/dict_16_192_64_0p5_0p02_0029_0001.uasset" 5507
"../../../Engine/Content/EngineMaterials/Substrate/GLints/dict_16_192_64_0p5_0p02_0029_0004.uasset" 5508
"../../../Engine/Content/EngineMaterials/Substrate/GLints/dict_16_192_64_0p5_0p02_0029_0005.uasset" 5509
"../../../Engine/Content/EngineMaterials/Substrate/GLints/dict_16_192_64_0p5_0p02_0029_0003.uasset" 5510
"/Engine/EngineMaterials/Substrate/GLints/dict_16_192_64_0p5_0p02_0029_0003" 5511
"/Engine/EngineMaterials/Substrate/GLints/dict_16_192_64_0p5_0p02_0029_0001" 5512
"/Engine/EngineMaterials/Substrate/GLints/dict_16_192_64_0p5_0p02_0029_0000" 5513
"/Engine/EngineMaterials/Substrate/GLints/dict_16_192_64_0p5_0p02_0028_0015" 5514
"/Engine/EngineMaterials/Substrate/GLints/dict_16_192_64_0p5_0p02_0028_0014" 5515
"/Engine/EngineMaterials/Substrate/GLints/dict_16_192_64_0p5_0p02_0029_0005" 5516
"/Engine/EngineMaterials/Substrate/GLints/dict_16_192_64_0p5_0p02_0029_0004" 5517
"../../../Engine/Content/EngineMaterials/Substrate/GLints/dict_16_192_64_0p5_0p02_0029_0002.uasset" 5518
"../../../Engine/Content/EngineMaterials/Substrate/GLints/dict_16_192_64_0p5_0p02_0029_0007.uasset" 5519
"../../../Engine/Content/EngineMaterials/Substrate/GLints/dict_16_192_64_0p5_0p02_0029_0008.uasset" 5520
"../../../Engine/Content/EngineMaterials/Substrate/GLints/dict_16_192_64_0p5_0p02_0029_0006.uasset" 5521
"../../../Engine/Content/EngineMaterials/Substrate/GLints/dict_16_192_64_0p5_0p02_0029_0009.uasset" 5522
"../../../Engine/Content/EngineMaterials/Substrate/GLints/dict_16_192_64_0p5_0p02_0029_0010.uasset" 5523
"/Engine/EngineMaterials/Substrate/GLints/dict_16_192_64_0p5_0p02_0029_0002" 5524
"/Engine/EngineMaterials/Substrate/GLints/dict_16_192_64_0p5_0p02_0029_0008" 5525
"../../../Engine/Content/EngineMaterials/Substrate/GLints/dict_16_192_64_0p5_0p02_0029_0015.uasset" 5526
"/Engine/EngineMaterials/Substrate/GLints/dict_16_192_64_0p5_0p02_0029_0007" 5527
"/Engine/EngineMaterials/Substrate/GLints/dict_16_192_64_0p5_0p02_0029_0006" 5528
"/Engine/EngineMaterials/Substrate/GLints/dict_16_192_64_0p5_0p02_0029_0010" 5529
"../../../Engine/Content/EngineMaterials/Substrate/GLints/dict_16_192_64_0p5_0p02_0029_0012.uasset" 5530
"/Engine/EngineMaterials/Substrate/GLints/dict_16_192_64_0p5_0p02_0029_0009" 5531
"/Engine/EngineMaterials/Substrate/GLints/dict_16_192_64_0p5_0p02_0029_0015" 5532
"/Engine/EngineMaterials/Substrate/GLints/dict_16_192_64_0p5_0p02_0029_0012" 5533
"../../../Engine/Content/EngineMaterials/Substrate/GLints/dict_16_192_64_0p5_0p02_0029_0011.uasset" 5534
"/Engine/EngineMaterials/Substrate/GLints/dict_16_192_64_0p5_0p02_0029_0011" 5535
"../../../Engine/Content/EngineMaterials/Substrate/GLints/dict_16_192_64_0p5_0p02_0023_0011.uasset" 5536
"../../../Engine/Content/EngineMaterials/Substrate/GLints/dict_16_192_64_0p5_0p02_0030_0000.uasset" 5537
"../../../Engine/Content/EngineMaterials/Substrate/GLints/dict_16_192_64_0p5_0p02_0030_0001.uasset" 5538
"../../../Engine/Content/EngineMaterials/Substrate/GLints/dict_16_192_64_0p5_0p02_0029_0013.uasset" 5539
"../../../Engine/Content/EngineMaterials/Substrate/GLints/dict_16_192_64_0p5_0p02_0029_0014.uasset" 5540
"../../../Engine/Content/EngineMaterials/Substrate/GLints/dict_16_192_64_0p5_0p02_0030_0005.uasset" 5541
"../../../Engine/Content/EngineMaterials/Substrate/GLints/dict_16_192_64_0p5_0p02_0030_0002.uasset" 5542
"/Engine/EngineMaterials/Substrate/GLints/dict_16_192_64_0p5_0p02_0029_0014" 5543
"../../../Engine/Content/EngineMaterials/Substrate/GLints/dict_16_192_64_0p5_0p02_0030_0003.uasset" 5544
"/Engine/EngineMaterials/Substrate/GLints/dict_16_192_64_0p5_0p02_0029_0013" 5545
"/Engine/EngineMaterials/Substrate/GLints/dict_16_192_64_0p5_0p02_0030_0005" 5546
"/Engine/EngineMaterials/Substrate/GLints/dict_16_192_64_0p5_0p02_0030_0001" 5547
"../../../Engine/Content/EngineMaterials/Substrate/GLints/dict_16_192_64_0p5_0p02_0030_0004.uasset" 5548
"/Engine/EngineMaterials/Substrate/GLints/dict_16_192_64_0p5_0p02_0030_0000" 5549
"/Engine/EngineMaterials/Substrate/GLints/dict_16_192_64_0p5_0p02_0030_0002" 5550
"/Engine/EngineMaterials/Substrate/GLints/dict_16_192_64_0p5_0p02_0023_0011" 5551
"/Engine/EngineMaterials/Substrate/GLints/dict_16_192_64_0p5_0p02_0030_0004" 5552
"/Engine/EngineMaterials/Substrate/GLints/dict_16_192_64_0p5_0p02_0030_0003" 5553
"../../../Engine/Content/EngineMaterials/Substrate/GLints/dict_16_192_64_0p5_0p02_0030_0012.uasset" 5554
"../../../Engine/Content/EngineMaterials/Substrate/GLints/dict_16_192_64_0p5_0p02_0030_0013.uasset" 5555
"../../../Engine/Content/EngineMaterials/Substrate/GLints/dict_16_192_64_0p5_0p02_0030_0007.uasset" 5556
"../../../Engine/Content/EngineMaterials/Substrate/GLints/dict_16_192_64_0p5_0p02_0030_0010.uasset" 5557
"../../../Engine/Content/EngineMaterials/Substrate/GLints/dict_16_192_64_0p5_0p02_0030_0009.uasset" 5558
"../../../Engine/Content/EngineMaterials/Substrate/GLints/dict_16_192_64_0p5_0p02_0030_0008.uasset" 5559
"../../../Engine/Content/EngineMaterials/Substrate/GLints/dict_16_192_64_0p5_0p02_0030_0011.uasset" 5560
"/Engine/EngineMaterials/Substrate/GLints/dict_16_192_64_0p5_0p02_0030_0008" 5561
"/Engine/EngineMaterials/Substrate/GLints/dict_16_192_64_0p5_0p02_0030_0013" 5562
"../../../Engine/Content/EngineMaterials/Substrate/GLints/dict_16_192_64_0p5_0p02_0030_0015.uasset" 5563
"../../../Engine/Content/EngineMaterials/Substrate/GLints/dict_16_192_64_0p5_0p02_0030_0014.uasset" 5564
"/Engine/EngineMaterials/Substrate/GLints/dict_16_192_64_0p5_0p02_0030_0007" 5565
"/Engine/EngineMaterials/Substrate/GLints/dict_16_192_64_0p5_0p02_0030_0012" 5566
"/Engine/EngineMaterials/Substrate/GLints/dict_16_192_64_0p5_0p02_0030_0011" 5567
"/Engine/EngineMaterials/Substrate/GLints/dict_16_192_64_0p5_0p02_0030_0010" 5568
"../../../Engine/Content/EngineMaterials/Substrate/GLints/dict_16_192_64_0p5_0p02_0031_0002.uasset" 5569
"../../../Engine/Content/EngineMaterials/Substrate/GLints/dict_16_192_64_0p5_0p02_0031_0001.uasset" 5570
"/Engine/EngineMaterials/Substrate/GLints/dict_16_192_64_0p5_0p02_0030_0009" 5571
"/Engine/EngineMaterials/Substrate/GLints/dict_16_192_64_0p5_0p02_0030_0014" 5572
"../../../Engine/Content/EngineMaterials/Substrate/GLints/dict_16_192_64_0p5_0p02_0031_0000.uasset" 5573
"/Engine/EngineMaterials/Substrate/GLints/dict_16_192_64_0p5_0p02_0030_0015" 5574
"/Engine/EngineMaterials/Substrate/GLints/dict_16_192_64_0p5_0p02_0031_0001" 5575
"/Engine/EngineMaterials/Substrate/GLints/dict_16_192_64_0p5_0p02_0031_0002" 5576
"/Engine/EngineMaterials/Substrate/GLints/dict_16_192_64_0p5_0p02_0031_0000" 5577
"../../../Engine/Content/EngineMaterials/Substrate/GLints/dict_16_192_64_0p5_0p02_0031_0005.uasset" 5578
"../../../Engine/Content/EngineMaterials/Substrate/GLints/dict_16_192_64_0p5_0p02_0031_0003.uasset" 5579
"../../../Engine/Content/EngineMaterials/Substrate/GLints/dict_16_192_64_0p5_0p02_0018_0007.uasset" 5580
"../../../Engine/Content/EngineMaterials/Substrate/GLints/dict_16_192_64_0p5_0p02_0031_0010.uasset" 5581
"../../../Engine/Content/EngineMaterials/Substrate/GLints/dict_16_192_64_0p5_0p02_0031_0007.uasset" 5582
"../../../Engine/Content/EngineMaterials/Substrate/GLints/dict_16_192_64_0p5_0p02_0031_0004.uasset" 5583
"/Engine/EngineMaterials/Substrate/GLints/dict_16_192_64_0p5_0p02_0031_0007" 5584
"../../../Engine/Content/EngineMaterials/Substrate/GLints/dict_16_192_64_0p5_0p02_0031_0009.uasset" 5585
"../../../Engine/Content/EngineMaterials/Substrate/GLints/dict_16_192_64_0p5_0p02_0031_0008.uasset" 5586
"../../../Engine/Content/EngineMaterials/Substrate/GLints/dict_16_192_64_0p5_0p02_0031_0006.uasset" 5587
"/Engine/EngineMaterials/Substrate/GLints/dict_16_192_64_0p5_0p02_0031_0005" 5588
"/Engine/EngineMaterials/Substrate/GLints/dict_16_192_64_0p5_0p02_0031_0010" 5589
"/Engine/EngineMaterials/Substrate/GLints/dict_16_192_64_0p5_0p02_0031_0003" 5590
"/Engine/EngineMaterials/Substrate/GLints/dict_16_192_64_0p5_0p02_0018_0007" 5591
"/Engine/EngineMaterials/Substrate/GLints/dict_16_192_64_0p5_0p02_0031_0008" 5592
"/Engine/EngineMaterials/Substrate/GLints/dict_16_192_64_0p5_0p02_0031_0006" 5593
"/Engine/EngineMaterials/Substrate/GLints/dict_16_192_64_0p5_0p02_0031_0004" 5594
"/Engine/EngineMaterials/Substrate/GLints/dict_16_192_64_0p5_0p02_0031_0009" 5595
"../../../Engine/Content/EngineMaterials/Substrate/GLints/dict_16_192_64_0p5_0p02_0031_0011.uasset" 5596
"../../../Engine/Content/EngineMaterials/Substrate/GLints/dict_16_192_64_0p5_0p02_0031_0012.uasset" 5597
"../../../Engine/Content/EngineMaterials/Substrate/GLints/dict_16_192_64_0p5_0p02_0031_0013.uasset" 5598
"../../../Engine/Content/EngineMaterials/Substrate/GLints/dict_16_192_64_0p5_0p02_0032_0000.uasset" 5599
"../../../Engine/Content/EngineMaterials/Substrate/GLints/dict_16_192_64_0p5_0p02_0031_0015.uasset" 5600
"../../../Engine/Content/EngineMaterials/Substrate/GLints/dict_16_192_64_0p5_0p02_0032_0002.uasset" 5601
"../../../Engine/Content/EngineMaterials/Substrate/GLints/dict_16_192_64_0p5_0p02_0031_0014.uasset" 5602
"/Engine/EngineMaterials/Substrate/GLints/dict_16_192_64_0p5_0p02_0032_0000" 5603
"/Engine/EngineMaterials/Substrate/GLints/dict_16_192_64_0p5_0p02_0031_0015" 5604
"/Engine/EngineMaterials/Substrate/GLints/dict_16_192_64_0p5_0p02_0031_0014" 5605
"/Engine/EngineMaterials/Substrate/GLints/dict_16_192_64_0p5_0p02_0031_0013" 5606
"/Engine/EngineMaterials/Substrate/GLints/dict_16_192_64_0p5_0p02_0031_0012" 5607
"/Engine/EngineMaterials/Substrate/GLints/dict_16_192_64_0p5_0p02_0032_0002" 5608
"../../../Engine/Content/EngineMaterials/Substrate/GLints/dict_16_192_64_0p5_0p02_0032_0003.uasset" 5609
"/Engine/EngineMaterials/Substrate/GLints/dict_16_192_64_0p5_0p02_0031_0011" 5610
"/Engine/EngineMaterials/Substrate/GLints/dict_16_192_64_0p5_0p02_0032_0003" 5611
"../../../Engine/Content/EngineMaterials/Substrate/GLints/dict_16_192_64_0p5_0p02_0032_0001.uasset" 5612
"../../../Engine/Content/EngineMaterials/Substrate/GLints/dict_16_192_64_0p5_0p02_0032_0010.uasset" 5613
"../../../Engine/Content/EngineMaterials/Substrate/GLints/dict_16_192_64_0p5_0p02_0032_0004.uasset" 5614
"../../../Engine/Content/EngineMaterials/Substrate/GLints/dict_16_192_64_0p5_0p02_0032_0007.uasset" 5615
"../../../Engine/Content/EngineMaterials/Substrate/GLints/dict_16_192_64_0p5_0p02_0032_0008.uasset" 5616
"../../../Engine/Content/EngineMaterials/Substrate/GLints/dict_16_192_64_0p5_0p02_0032_0006.uasset" 5617
"../../../Engine/Content/EngineMaterials/Substrate/GLints/dict_16_192_64_0p5_0p02_0032_0005.uasset" 5618
"../../../Engine/Content/EngineMaterials/Substrate/GLints/dict_16_192_64_0p5_0p02_0032_0009.uasset" 5619
"../../../Engine/Content/EngineMaterials/Substrate/GLints/dict_16_192_64_0p5_0p02_0032_0011.uasset" 5620
"/Engine/EngineMaterials/Substrate/GLints/dict_16_192_64_0p5_0p02_0032_0001" 5621
"/Engine/EngineMaterials/Substrate/GLints/dict_16_192_64_0p5_0p02_0032_0005" 5622
"/Engine/EngineMaterials/Substrate/GLints/dict_16_192_64_0p5_0p02_0032_0006" 5623
"/Engine/EngineMaterials/Substrate/GLints/dict_16_192_64_0p5_0p02_0032_0011" 5624
"/Engine/EngineMaterials/Substrate/GLints/dict_16_192_64_0p5_0p02_0032_0010" 5625
"/Engine/EngineMaterials/Substrate/GLints/dict_16_192_64_0p5_0p02_0032_0009" 5626
"/Engine/EngineMaterials/Substrate/GLints/dict_16_192_64_0p5_0p02_0032_0004" 5627
"/Engine/EngineMaterials/Substrate/GLints/dict_16_192_64_0p5_0p02_0032_0008" 5628
"/Engine/EngineMaterials/Substrate/GLints/dict_16_192_64_0p5_0p02_0032_0007" 5629
"../../../Engine/Content/EngineMaterials/Substrate/GLints/dict_16_192_64_0p5_0p02_0033_0003.uasset" 5630
"../../../Engine/Content/EngineMaterials/Substrate/GLints/dict_16_192_64_0p5_0p02_0032_0012.uasset" 5631
"../../../Engine/Content/EngineMaterials/Substrate/GLints/dict_16_192_64_0p5_0p02_0033_0000.uasset" 5632
"../../../Engine/Content/EngineMaterials/Substrate/GLints/dict_16_192_64_0p5_0p02_0033_0002.uasset" 5633
"../../../Engine/Content/EngineMaterials/Substrate/GLints/dict_16_192_64_0p5_0p02_0032_0015.uasset" 5634
"../../../Engine/Content/EngineMaterials/Substrate/GLints/dict_16_192_64_0p5_0p02_0032_0013.uasset" 5635
"../../../Engine/Content/EngineMaterials/Substrate/GLints/dict_16_192_64_0p5_0p02_0032_0014.uasset" 5636
"../../../Engine/Content/EngineMaterials/Substrate/GLints/dict_16_192_64_0p5_0p02_0033_0001.uasset" 5637
"../../../Engine/Content/EngineMaterials/Substrate/GLints/dict_16_192_64_0p5_0p02_0033_0004.uasset" 5638
"/Engine/EngineMaterials/Substrate/GLints/dict_16_192_64_0p5_0p02_0032_0015" 5639
"/Engine/EngineMaterials/Substrate/GLints/dict_16_192_64_0p5_0p02_0033_0004" 5640
"/Engine/EngineMaterials/Substrate/GLints/dict_16_192_64_0p5_0p02_0032_0014" 5641
"/Engine/EngineMaterials/Substrate/GLints/dict_16_192_64_0p5_0p02_0032_0013" 5642
"/Engine/EngineMaterials/Substrate/GLints/dict_16_192_64_0p5_0p02_0033_0003" 5643
"/Engine/EngineMaterials/Substrate/GLints/dict_16_192_64_0p5_0p02_0032_0012" 5644
"/Engine/EngineMaterials/Substrate/GLints/dict_16_192_64_0p5_0p02_0033_0002" 5645
"/Engine/EngineMaterials/Substrate/GLints/dict_16_192_64_0p5_0p02_0033_0001" 5646
"/Engine/EngineMaterials/Substrate/GLints/dict_16_192_64_0p5_0p02_0033_0000" 5647
"../../../Engine/Content/EngineMaterials/Substrate/GLints/dict_16_192_64_0p5_0p02_0033_0010.uasset" 5648
"../../../Engine/Content/EngineMaterials/Substrate/GLints/dict_16_192_64_0p5_0p02_0033_0006.uasset" 5649
"../../../Engine/Content/EngineMaterials/Substrate/GLints/dict_16_192_64_0p5_0p02_0033_0009.uasset" 5650
"../../../Engine/Content/EngineMaterials/Substrate/GLints/dict_16_192_64_0p5_0p02_0033_0007.uasset" 5651
"../../../Engine/Content/EngineMaterials/Substrate/GLints/dict_16_192_64_0p5_0p02_0033_0005.uasset" 5652
"../../../Engine/Content/EngineMaterials/Substrate/GLints/dict_16_192_64_0p5_0p02_0033_0008.uasset" 5653
"/Engine/EngineMaterials/Substrate/GLints/dict_16_192_64_0p5_0p02_0033_0006" 5654
"/Engine/EngineMaterials/Substrate/GLints/dict_16_192_64_0p5_0p02_0033_0005" 5655
"/Engine/EngineMaterials/Substrate/GLints/dict_16_192_64_0p5_0p02_0033_0010" 5656
"../../../Engine/Content/EngineMaterials/Substrate/GLints/dict_16_192_64_0p5_0p02_0033_0011.uasset" 5657
"/Engine/EngineMaterials/Substrate/GLints/dict_16_192_64_0p5_0p02_0033_0007" 5658
"/Engine/EngineMaterials/Substrate/GLints/dict_16_192_64_0p5_0p02_0033_0009" 5659
"../../../Engine/Content/EngineMaterials/Substrate/GLints/dict_16_192_64_0p5_0p02_0034_0000.uasset" 5660
"../../../Engine/Content/EngineMaterials/Substrate/GLints/dict_16_192_64_0p5_0p02_0033_0015.uasset" 5661
"/Engine/EngineMaterials/Substrate/GLints/dict_16_192_64_0p5_0p02_0033_0008" 5662
"/Engine/EngineMaterials/Substrate/GLints/dict_16_192_64_0p5_0p02_0034_0000" 5663
"../../../Engine/Content/EngineMaterials/Substrate/GLints/dict_16_192_64_0p5_0p02_0034_0001.uasset" 5664
"/Engine/EngineMaterials/Substrate/GLints/dict_16_192_64_0p5_0p02_0033_0015" 5665
"../../../Engine/Content/EngineMaterials/Substrate/GLints/dict_16_192_64_0p5_0p02_0033_0012.uasset" 5666
"../../../Engine/Content/EngineMaterials/Substrate/GLints/dict_16_192_64_0p5_0p02_0033_0014.uasset" 5667
"/Engine/EngineMaterials/Substrate/GLints/dict_16_192_64_0p5_0p02_0033_0011" 5668
"/Engine/EngineMaterials/Substrate/GLints/dict_16_192_64_0p5_0p02_0033_0014" 5669
"/Engine/EngineMaterials/Substrate/GLints/dict_16_192_64_0p5_0p02_0033_0012" 5670
"/Engine/EngineMaterials/Substrate/GLints/dict_16_192_64_0p5_0p02_0034_0001" 5671
"../../../Engine/Content/EngineMaterials/Substrate/GLints/dict_16_192_64_0p5_0p02_0034_0003.uasset" 5672
"../../../Engine/Content/EngineMaterials/Substrate/GLints/dict_16_192_64_0p5_0p02_0034_0004.uasset" 5673
"/Engine/EngineMaterials/Substrate/GLints/dict_16_192_64_0p5_0p02_0034_0004" 5674
"../../../Engine/Content/EngineMaterials/Substrate/GLints/dict_16_192_64_0p5_0p02_0033_0013.uasset" 5675
"/Engine/EngineMaterials/Substrate/GLints/dict_16_192_64_0p5_0p02_0034_0003" 5676
"/Engine/EngineMaterials/Substrate/GLints/dict_16_192_64_0p5_0p02_0033_0013" 5677
"../../../Engine/Content/EngineMaterials/Substrate/GLints/dict_16_192_64_0p5_0p02_0034_0002.uasset" 5678
"../../../Engine/Content/EngineMaterials/Substrate/GLints/dict_16_192_64_0p5_0p02_0034_0005.uasset" 5679
"../../../Engine/Content/EngineMaterials/Substrate/GLints/dict_16_192_64_0p5_0p02_0034_0010.uasset" 5680
"../../../Engine/Content/EngineMaterials/Substrate/GLints/dict_16_192_64_0p5_0p02_0034_0008.uasset" 5681
"../../../Engine/Content/EngineMaterials/Substrate/GLints/dict_16_192_64_0p5_0p02_0034_0011.uasset" 5682
"/Engine/EngineMaterials/Substrate/GLints/dict_16_192_64_0p5_0p02_0034_0008" 5683
"/Engine/EngineMaterials/Substrate/GLints/dict_16_192_64_0p5_0p02_0034_0005" 5684
"../../../Engine/Content/EngineMaterials/Substrate/GLints/dict_16_192_64_0p5_0p02_0034_0014.uasset" 5685
"../../../Engine/Content/EngineMaterials/Substrate/GLints/dict_16_192_64_0p5_0p02_0034_0006.uasset" 5686
"/Engine/EngineMaterials/Substrate/GLints/dict_16_192_64_0p5_0p02_0034_0011" 5687
"/Engine/EngineMaterials/Substrate/GLints/dict_16_192_64_0p5_0p02_0034_0002" 5688
"/Engine/EngineMaterials/Substrate/GLints/dict_16_192_64_0p5_0p02_0034_0010" 5689
"/Engine/EngineMaterials/Substrate/GLints/dict_16_192_64_0p5_0p02_0034_0014" 5690
"/Engine/EngineMaterials/Substrate/GLints/dict_16_192_64_0p5_0p02_0034_0006" 5691
"../../../Engine/Content/EngineMaterials/Substrate/GLints/dict_16_192_64_0p5_0p02_0034_0007.uasset" 5692
"../../../Engine/Content/EngineMaterials/Substrate/GLints/dict_16_192_64_0p5_0p02_0034_0009.uasset" 5693
"../../../Engine/Content/EngineMaterials/Substrate/GLints/dict_16_192_64_0p5_0p02_0034_0012.uasset" 5694
"../../../Engine/Content/EngineMaterials/Substrate/GLints/dict_16_192_64_0p5_0p02_0034_0013.uasset" 5695
"../../../Engine/Content/EngineMaterials/Substrate/GLints/dict_16_192_64_0p5_0p02_0034_0015.uasset" 5696
"../../../Engine/Content/EngineMaterials/Substrate/GLints/dict_16_192_64_0p5_0p02_0035_0005.uasset" 5697
"../../../Engine/Content/EngineMaterials/Substrate/GLints/dict_16_192_64_0p5_0p02_0035_0001.uasset" 5698
"../../../Engine/Content/EngineMaterials/Substrate/GLints/dict_16_192_64_0p5_0p02_0035_0000.uasset" 5699
"/Engine/EngineMaterials/Substrate/GLints/dict_16_192_64_0p5_0p02_0035_0001" 5700
"/Engine/EngineMaterials/Substrate/GLints/dict_16_192_64_0p5_0p02_0035_0005" 5701
"/Engine/EngineMaterials/Substrate/GLints/dict_16_192_64_0p5_0p02_0034_0015" 5702
"/Engine/EngineMaterials/Substrate/GLints/dict_16_192_64_0p5_0p02_0034_0009" 5703
"/Engine/EngineMaterials/Substrate/GLints/dict_16_192_64_0p5_0p02_0034_0007" 5704
"/Engine/EngineMaterials/Substrate/GLints/dict_16_192_64_0p5_0p02_0035_0000" 5705
"/Engine/EngineMaterials/Substrate/GLints/dict_16_192_64_0p5_0p02_0034_0013" 5706
"../../../Engine/Content/EngineMaterials/Substrate/GLints/dict_16_192_64_0p5_0p02_0035_0003.uasset" 5707
"/Engine/EngineMaterials/Substrate/GLints/dict_16_192_64_0p5_0p02_0034_0012" 5708
"/Engine/EngineMaterials/Substrate/GLints/dict_16_192_64_0p5_0p02_0035_0003" 5709
"../../../Engine/Content/EngineMaterials/Substrate/GLints/dict_16_192_64_0p5_0p02_0035_0002.uasset" 5710
"../../../Engine/Content/EngineMaterials/Substrate/GLints/dict_16_192_64_0p5_0p02_0035_0004.uasset" 5711
"../../../Engine/Content/EngineMaterials/Substrate/GLints/dict_16_192_64_0p5_0p02_0035_0011.uasset" 5712
"../../../Engine/Content/EngineMaterials/Substrate/GLints/dict_16_192_64_0p5_0p02_0035_0015.uasset" 5713
"../../../Engine/Content/EngineMaterials/Substrate/GLints/dict_16_192_64_0p5_0p02_0035_0008.uasset" 5714
"../../../Engine/Content/EngineMaterials/Substrate/GLints/dict_16_192_64_0p5_0p02_0035_0009.uasset" 5715
"../../../Engine/Content/EngineMaterials/Substrate/GLints/dict_16_192_64_0p5_0p02_0035_0007.uasset" 5716
"../../../Engine/Content/EngineMaterials/Substrate/GLints/dict_16_192_64_0p5_0p02_0035_0006.uasset" 5717
"../../../Engine/Content/EngineMaterials/Substrate/GLints/dict_16_192_64_0p5_0p02_0035_0012.uasset" 5718
"../../../Engine/Content/EngineMaterials/Substrate/GLints/dict_16_192_64_0p5_0p02_0035_0010.uasset" 5719
"../../../Engine/Content/EngineMaterials/Substrate/GLints/dict_16_192_64_0p5_0p02_0035_0013.uasset" 5720
"../../../Engine/Content/EngineMaterials/Substrate/GLints/dict_16_192_64_0p5_0p02_0035_0014.uasset" 5721
"C:/Users/marco/Documents/Unreal Projects/Propulsive_Momentum/DerivedDataCache/VT/TEXTURE_7C16439390E24F1F9468894FB4D4BC55_VTCHUNK44B429B40BB45A070EB17C1259C28734996A2F49" 5722
"/Engine/EngineMaterials/Substrate/GLints/dict_16_192_64_0p5_0p02_0035_0002" 5723
"C:/Users/marco/Documents/Unreal Projects/Propulsive_Momentum/DerivedDataCache/VT/TEXTURE_7C16439390E24F1F9468894FB4D4BC55_VTCHUNK967C747FFC357A828288FA05D93CD5DCECDA891B" 5724
"/Engine/EngineMaterials/Substrate/GLints/dict_16_192_64_0p5_0p02_0035_0015" 5725
"C:/Users/marco/Documents/Unreal Projects/Propulsive_Momentum/DerivedDataCache/VT/TEXTURE_7C16439390E24F1F9468894FB4D4BC55_VTCHUNK2A5F9F60441DA258D18B46D59C64D5BAD50E8EE3" 5726
"/Engine/EngineMaterials/Substrate/GLints/dict_16_192_64_0p5_0p02_0035_0008" 5727
"C:/Users/marco/Documents/Unreal Projects/Propulsive_Momentum/DerivedDataCache/VT/TEXTURE_7C16439390E24F1F9468894FB4D4BC55_VTCHUNKC0393DE8C5B4673D99D1BECB92AA8C1F72FEB491" 5728
"/Engine/EngineMaterials/Substrate/GLints/dict_16_192_64_0p5_0p02_0035_0013" 5729
"../../../Engine/Content/EngineMaterials/Substrate/GLints/dict_16_192_64_0p5_0p02_0036_0001.uasset" 5730
"../../../Engine/Content/EngineMaterials/Substrate/GLints/dict_16_192_64_0p5_0p02_0036_0002.uasset" 5731
"C:/Users/marco/Documents/Unreal Projects/Propulsive_Momentum/DerivedDataCache/VT/TEXTURE_7C16439390E24F1F9468894FB4D4BC55_VTCHUNK02D4C3BCAD7DFA48AB32B8281FB06B8B83DB6275" 5732
"../../../Engine/Content/EngineMaterials/Substrate/GLints/dict_16_192_64_0p5_0p02_0036_0003.uasset" 5733
"/Engine/EngineMaterials/Substrate/GLints/dict_16_192_64_0p5_0p02_0035_0004" 5734
"/Engine/EngineMaterials/Substrate/GLints/dict_16_192_64_0p5_0p02_0035_0014" 5735
"../../../Engine/Content/EngineMaterials/Substrate/GLints/dict_16_192_64_0p5_0p02_0025_0015.uasset" 5736
"/Engine/EngineMaterials/Substrate/GLints/dict_16_192_64_0p5_0p02_0035_0012" 5737
"/Engine/EngineMaterials/Substrate/GLints/dict_16_192_64_0p5_0p02_0035_0007" 5738
"/Engine/EngineMaterials/Substrate/GLints/dict_16_192_64_0p5_0p02_0035_0006" 5739
"/Engine/EngineMaterials/Substrate/GLints/dict_16_192_64_0p5_0p02_0035_0011" 5740
"../../../Engine/Content/EngineMaterials/Substrate/GLints/dict_16_192_64_0p5_0p02_0036_0006.uasset" 5741
"/Engine/EngineMaterials/Substrate/GLints/dict_16_192_64_0p5_0p02_0035_0010" 5742
"/Engine/EngineMaterials/Substrate/GLints/dict_16_192_64_0p5_0p02_0035_0009" 5743
"/Engine/EngineMaterials/Substrate/GLints/dict_16_192_64_0p5_0p02_0036_0006" 5744
"/Engine/EngineMaterials/Substrate/GLints/dict_16_192_64_0p5_0p02_0036_0003" 5745
"/Engine/EngineMaterials/Substrate/GLints/dict_16_192_64_0p5_0p02_0036_0002" 5746
"/Engine/EngineMaterials/Substrate/GLints/dict_16_192_64_0p5_0p02_0036_0001" 5747
"/Engine/EngineMaterials/Substrate/GLints/dict_16_192_64_0p5_0p02_0025_0015" 5748
"../../../Engine/Content/EngineMaterials/Substrate/GLints/dict_16_192_64_0p5_0p02_0036_0000.uasset" 5749
"../../../Engine/Content/EngineMaterials/Substrate/GLints/dict_16_192_64_0p5_0p02_0036_0007.uasset" 5750
"../../../Engine/Content/EngineMaterials/Substrate/GLints/dict_16_192_64_0p5_0p02_0036_0005.uasset" 5751
"../../../Engine/Content/EngineMaterials/Substrate/GLints/dict_16_192_64_0p5_0p02_0036_0004.uasset" 5752
"../../../Engine/Content/EngineMaterials/Substrate/GLints/dict_16_192_64_0p5_0p02_0025_0014.uasset" 5753
"../../../Engine/Content/EngineMaterials/Substrate/GLints/dict_16_192_64_0p5_0p02_0037_0000.uasset" 5754
"../../../Engine/Content/EngineMaterials/Substrate/GLints/dict_16_192_64_0p5_0p02_0036_0008.uasset" 5755
"../../../Engine/Content/EngineMaterials/Substrate/GLints/dict_16_192_64_0p5_0p02_0036_0009.uasset" 5756
"../../../Engine/Content/EngineMaterials/Substrate/GLints/dict_16_192_64_0p5_0p02_0036_0012.uasset" 5757
"/Engine/EngineMaterials/Substrate/GLints/dict_16_192_64_0p5_0p02_0025_0014" 5758
"/Engine/EngineMaterials/Substrate/GLints/dict_16_192_64_0p5_0p02_0036_0007" 5759
"/Engine/EngineMaterials/Substrate/GLints/dict_16_192_64_0p5_0p02_0036_0005" 5760
"../../../Engine/Content/EngineMaterials/Substrate/GLints/dict_16_192_64_0p5_0p02_0036_0013.uasset" 5761
"/Engine/EngineMaterials/Substrate/GLints/dict_16_192_64_0p5_0p02_0036_0004" 5762
"../../../Engine/Content/EngineMaterials/Substrate/GLints/dict_16_192_64_0p5_0p02_0036_0014.uasset" 5763
"/Engine/EngineMaterials/Substrate/GLints/dict_16_192_64_0p5_0p02_0037_0000" 5764
"../../../Engine/Content/EngineMaterials/Substrate/GLints/dict_16_192_64_0p5_0p02_0036_0011.uasset" 5765
"/Engine/EngineMaterials/Substrate/GLints/dict_16_192_64_0p5_0p02_0036_0000" 5766
"/Engine/EngineMaterials/Substrate/GLints/dict_16_192_64_0p5_0p02_0036_0008" 5767
"/Engine/EngineMaterials/Substrate/GLints/dict_16_192_64_0p5_0p02_0036_0014" 5768
"/Engine/EngineMaterials/Substrate/GLints/dict_16_192_64_0p5_0p02_0036_0013" 5769
"/Engine/EngineMaterials/Substrate/GLints/dict_16_192_64_0p5_0p02_0036_0012" 5770
"/Engine/EngineMaterials/Substrate/GLints/dict_16_192_64_0p5_0p02_0036_0011" 5771
"/Engine/EngineMaterials/Substrate/GLints/dict_16_192_64_0p5_0p02_0036_0009" 5772
"../../../Engine/Content/EngineMaterials/Substrate/GLints/dict_16_192_64_0p5_0p02_0037_0006.uasset" 5773
"../../../Engine/Content/EngineMaterials/Substrate/GLints/dict_16_192_64_0p5_0p02_0036_0010.uasset" 5774
"../../../Engine/Content/EngineMaterials/Substrate/GLints/dict_16_192_64_0p5_0p02_0037_0007.uasset" 5775
"../../../Engine/Content/EngineMaterials/Substrate/GLints/dict_16_192_64_0p5_0p02_0037_0002.uasset" 5776
"../../../Engine/Content/EngineMaterials/Substrate/GLints/dict_16_192_64_0p5_0p02_0036_0015.uasset" 5777
"../../../Engine/Content/EngineMaterials/Substrate/GLints/dict_16_192_64_0p5_0p02_0037_0005.uasset" 5778
"../../../Engine/Content/EngineMaterials/Substrate/GLints/dict_16_192_64_0p5_0p02_0037_0001.uasset" 5779
"../../../Engine/Content/EngineMaterials/Substrate/GLints/dict_16_192_64_0p5_0p02_0037_0003.uasset" 5780
"../../../Engine/Content/EngineMaterials/Substrate/GLints/dict_16_192_64_0p5_0p02_0037_0008.uasset" 5781
"../../../Engine/Content/EngineMaterials/Substrate/GLints/dict_16_192_64_0p5_0p02_0037_0013.uasset" 5782
"../../../Engine/Content/EngineMaterials/Substrate/GLints/dict_16_192_64_0p5_0p02_0037_0012.uasset" 5783
"../../../Engine/Content/EngineMaterials/Substrate/GLints/dict_16_192_64_0p5_0p02_0037_0014.uasset" 5784
"../../../Engine/Content/EngineMaterials/Substrate/GLints/dict_16_192_64_0p5_0p02_0037_0009.uasset" 5785
"/Engine/EngineMaterials/Substrate/GLints/dict_16_192_64_0p5_0p02_0037_0003" 5786
"/Engine/EngineMaterials/Substrate/GLints/dict_16_192_64_0p5_0p02_0037_0013" 5787
"../../../Engine/Content/EngineMaterials/Substrate/GLints/dict_16_192_64_0p5_0p02_0037_0010.uasset" 5788
"/Engine/EngineMaterials/Substrate/GLints/dict_16_192_64_0p5_0p02_0037_0002" 5789
"/Engine/EngineMaterials/Substrate/GLints/dict_16_192_64_0p5_0p02_0037_0001" 5790
"/Engine/EngineMaterials/Substrate/GLints/dict_16_192_64_0p5_0p02_0037_0008" 5791
"/Engine/EngineMaterials/Substrate/GLints/dict_16_192_64_0p5_0p02_0037_0007" 5792
"/Engine/EngineMaterials/Substrate/GLints/dict_16_192_64_0p5_0p02_0036_0015" 5793
"/Engine/EngineMaterials/Substrate/GLints/dict_16_192_64_0p5_0p02_0037_0006" 5794
"/Engine/EngineMaterials/Substrate/GLints/dict_16_192_64_0p5_0p02_0036_0010" 5795
"/Engine/EngineMaterials/Substrate/GLints/dict_16_192_64_0p5_0p02_0037_0005" 5796
"/Engine/EngineMaterials/Substrate/GLints/dict_16_192_64_0p5_0p02_0037_0009" 5797
"../../../Engine/Content/EngineMaterials/Substrate/GLints/dict_16_192_64_0p5_0p02_0037_0011.uasset" 5798
"../../../Engine/Content/EngineMaterials/Substrate/GLints/dict_16_192_64_0p5_0p02_0038_0003.uasset" 5799
"/Engine/EngineMaterials/Substrate/GLints/dict_16_192_64_0p5_0p02_0037_0014" 5800
"../../../Engine/Content/EngineMaterials/Substrate/GLints/dict_16_192_64_0p5_0p02_0038_0000.uasset" 5801
"/Engine/EngineMaterials/Substrate/GLints/dict_16_192_64_0p5_0p02_0037_0012" 5802
"/Engine/EngineMaterials/Substrate/GLints/dict_16_192_64_0p5_0p02_0037_0010" 5803
"/Engine/EngineMaterials/Substrate/GLints/dict_16_192_64_0p5_0p02_0038_0000" 5804
"/Engine/EngineMaterials/Substrate/GLints/dict_16_192_64_0p5_0p02_0037_0011" 5805
"/Engine/EngineMaterials/Substrate/GLints/dict_16_192_64_0p5_0p02_0038_0003" 5806
"../../../Engine/Content/EngineMaterials/Substrate/GLints/dict_16_192_64_0p5_0p02_0037_0015.uasset" 5807
"../../../Engine/Content/EngineMaterials/Substrate/GLints/dict_16_192_64_0p5_0p02_0038_0007.uasset" 5808
"../../../Engine/Content/EngineMaterials/Substrate/GLints/dict_16_192_64_0p5_0p02_0038_0002.uasset" 5809
"../../../Engine/Content/EngineMaterials/Substrate/GLints/dict_16_192_64_0p5_0p02_0038_0001.uasset" 5810
"../../../Engine/Content/EngineMaterials/Substrate/GLints/dict_16_192_64_0p5_0p02_0038_0004.uasset" 5811
"../../../Engine/Content/EngineMaterials/Substrate/GLints/dict_16_192_64_0p5_0p02_0038_0005.uasset" 5812
"../../../Engine/Content/EngineMaterials/Substrate/GLints/dict_16_192_64_0p5_0p02_0038_0006.uasset" 5813
"../../../Engine/Content/EngineMaterials/Substrate/GLints/dict_16_192_64_0p5_0p02_0038_0008.uasset" 5814
"/Engine/EngineMaterials/Substrate/GLints/dict_16_192_64_0p5_0p02_0037_0015" 5815
"../../../Engine/Content/EngineMaterials/Substrate/GLints/dict_16_192_64_0p5_0p02_0038_0015.uasset" 5816
"../../../Engine/Content/EngineMaterials/Substrate/GLints/dict_16_192_64_0p5_0p02_0038_0012.uasset" 5817
"/Engine/EngineMaterials/Substrate/GLints/dict_16_192_64_0p5_0p02_0038_0005" 5818
"/Engine/EngineMaterials/Substrate/GLints/dict_16_192_64_0p5_0p02_0038_0008" 5819
"/Engine/EngineMaterials/Substrate/GLints/dict_16_192_64_0p5_0p02_0038_0004" 5820
"/Engine/EngineMaterials/Substrate/GLints/dict_16_192_64_0p5_0p02_0038_0002" 5821
"/Engine/EngineMaterials/Substrate/GLints/dict_16_192_64_0p5_0p02_0038_0007" 5822
"../../../Engine/Content/EngineMaterials/Substrate/GLints/dict_16_192_64_0p5_0p02_0038_0011.uasset" 5823
"/Engine/EngineMaterials/Substrate/GLints/dict_16_192_64_0p5_0p02_0038_0001" 5824
"/Engine/EngineMaterials/Substrate/GLints/dict_16_192_64_0p5_0p02_0038_0006" 5825
"/Engine/EngineMaterials/Substrate/GLints/dict_16_192_64_0p5_0p02_0038_0015" 5826
"../../../Engine/Content/EngineMaterials/Substrate/GLints/dict_16_192_64_0p5_0p02_0038_0009.uasset" 5827
"/Engine/EngineMaterials/Substrate/GLints/dict_16_192_64_0p5_0p02_0038_0012" 5828
"/Engine/EngineMaterials/Substrate/GLints/dict_16_192_64_0p5_0p02_0038_0011" 5829
"/Engine/EngineMaterials/Substrate/GLints/dict_16_192_64_0p5_0p02_0038_0009" 5830
"../../../Engine/Content/EngineMaterials/Substrate/GLints/dict_16_192_64_0p5_0p02_0039_0000.uasset" 5831
"../../../Engine/Content/EngineMaterials/Substrate/GLints/dict_16_192_64_0p5_0p02_0038_0010.uasset" 5832
"../../../Engine/Content/EngineMaterials/Substrate/GLints/dict_16_192_64_0p5_0p02_0038_0013.uasset" 5833
"../../../Engine/Content/EngineMaterials/Substrate/GLints/dict_16_192_64_0p5_0p02_0039_0001.uasset" 5834
"../../../Engine/Content/EngineMaterials/Substrate/GLints/dict_16_192_64_0p5_0p02_0038_0014.uasset" 5835
"../../../Engine/Content/EngineMaterials/Substrate/GLints/dict_16_192_64_0p5_0p02_0039_0002.uasset" 5836
"../../../Engine/Content/EngineMaterials/Substrate/GLints/dict_16_192_64_0p5_0p02_0039_0005.uasset" 5837
"../../../Engine/Content/EngineMaterials/Substrate/GLints/dict_16_192_64_0p5_0p02_0039_0006.uasset" 5838
"../../../Engine/Content/EngineMaterials/Substrate/GLints/dict_16_192_64_0p5_0p02_0039_0004.uasset" 5839
"/Engine/EngineMaterials/Substrate/GLints/dict_16_192_64_0p5_0p02_0039_0006" 5840
"/Engine/EngineMaterials/Substrate/GLints/dict_16_192_64_0p5_0p02_0039_0002" 5841
"/Engine/EngineMaterials/Substrate/GLints/dict_16_192_64_0p5_0p02_0038_0014" 5842
"/Engine/EngineMaterials/Substrate/GLints/dict_16_192_64_0p5_0p02_0038_0013" 5843
"/Engine/EngineMaterials/Substrate/GLints/dict_16_192_64_0p5_0p02_0039_0001" 5844
"/Engine/EngineMaterials/Substrate/GLints/dict_16_192_64_0p5_0p02_0038_0010" 5845
"/Engine/EngineMaterials/Substrate/GLints/dict_16_192_64_0p5_0p02_0039_0005" 5846
"/Engine/EngineMaterials/Substrate/GLints/dict_16_192_64_0p5_0p02_0039_0004" 5847
"/Engine/EngineMaterials/Substrate/GLints/dict_16_192_64_0p5_0p02_0039_0000" 5848
"../../../Engine/Content/EngineMaterials/Substrate/GLints/dict_16_192_64_0p5_0p02_0039_0008.uasset" 5849
"../../../Engine/Content/EngineMaterials/Substrate/GLints/dict_16_192_64_0p5_0p02_0039_0003.uasset" 5850
"../../../Engine/Content/EngineMaterials/Substrate/GLints/dict_16_192_64_0p5_0p02_0039_0010.uasset" 5851
"../../../Engine/Content/EngineMaterials/Substrate/GLints/dict_16_192_64_0p5_0p02_0039_0009.uasset" 5852
"../../../Engine/Content/EngineMaterials/Substrate/GLints/dict_16_192_64_0p5_0p02_0039_0011.uasset" 5853
"../../../Engine/Content/EngineMaterials/Substrate/GLints/dict_16_192_64_0p5_0p02_0039_0007.uasset" 5854
"../../../Engine/Content/EngineMaterials/Substrate/GLints/dict_16_192_64_0p5_0p02_0039_0014.uasset" 5855
"../../../Engine/Content/EngineMaterials/Substrate/GLints/dict_16_192_64_0p5_0p02_0039_0012.uasset" 5856
"../../../Engine/Content/EngineMaterials/Substrate/GLints/dict_16_192_64_0p5_0p02_0040_0003.uasset" 5857
"/Engine/EngineMaterials/Substrate/GLints/dict_16_192_64_0p5_0p02_0039_0014" 5858
"/Engine/EngineMaterials/Substrate/GLints/dict_16_192_64_0p5_0p02_0039_0003" 5859
"../../../Engine/Content/EngineMaterials/Substrate/GLints/dict_16_192_64_0p5_0p02_0040_0001.uasset" 5860
"/Engine/EngineMaterials/Substrate/GLints/dict_16_192_64_0p5_0p02_0039_0012" 5861
"/Engine/EngineMaterials/Substrate/GLints/dict_16_192_64_0p5_0p02_0039_0011" 5862
"/Engine/EngineMaterials/Substrate/GLints/dict_16_192_64_0p5_0p02_0039_0010" 5863
"/Engine/EngineMaterials/Substrate/GLints/dict_16_192_64_0p5_0p02_0039_0009" 5864
"/Engine/EngineMaterials/Substrate/GLints/dict_16_192_64_0p5_0p02_0039_0008" 5865
"/Engine/EngineMaterials/Substrate/GLints/dict_16_192_64_0p5_0p02_0040_0003" 5866
"/Engine/EngineMaterials/Substrate/GLints/dict_16_192_64_0p5_0p02_0039_0007" 5867
"/Engine/EngineMaterials/Substrate/GLints/dict_16_192_64_0p5_0p02_0040_0001" 5868
"../../../Engine/Content/EngineMaterials/Substrate/GLints/dict_16_192_64_0p5_0p02_0039_0015.uasset" 5869
"../../../Engine/Content/EngineMaterials/Substrate/GLints/dict_16_192_64_0p5_0p02_0040_0000.uasset" 5870
"../../../Engine/Content/EngineMaterials/Substrate/GLints/dict_16_192_64_0p5_0p02_0039_0013.uasset" 5871
"../../../Engine/Content/EngineMaterials/Substrate/GLints/dict_16_192_64_0p5_0p02_0040_0011.uasset" 5872
"../../../Engine/Content/EngineMaterials/Substrate/GLints/dict_16_192_64_0p5_0p02_0040_0008.uasset" 5873
"../../../Engine/Content/EngineMaterials/Substrate/GLints/dict_16_192_64_0p5_0p02_0040_0002.uasset" 5874
"../../../Engine/Content/EngineMaterials/Substrate/GLints/dict_16_192_64_0p5_0p02_0040_0004.uasset" 5875
"../../../Engine/Content/EngineMaterials/Substrate/GLints/dict_16_192_64_0p5_0p02_0040_0009.uasset" 5876
"../../../Engine/Content/EngineMaterials/Substrate/GLints/dict_16_192_64_0p5_0p02_0040_0006.uasset" 5877
"../../../Engine/Content/EngineMaterials/Substrate/GLints/dict_16_192_64_0p5_0p02_0040_0005.uasset" 5878
"/Engine/EngineMaterials/Substrate/GLints/dict_16_192_64_0p5_0p02_0040_0011" 5879
"../../../Engine/Content/EngineMaterials/Substrate/GLints/dict_16_192_64_0p5_0p02_0040_0010.uasset" 5880
"../../../Engine/Content/EngineMaterials/Substrate/GLints/dict_16_192_64_0p5_0p02_0040_0015.uasset" 5881
"../../../Engine/Content/EngineMaterials/Substrate/GLints/dict_16_192_64_0p5_0p02_0040_0012.uasset" 5882
"../../../Engine/Content/EngineMaterials/Substrate/GLints/dict_16_192_64_0p5_0p02_0041_0000.uasset" 5883
"/Engine/EngineMaterials/Substrate/GLints/dict_16_192_64_0p5_0p02_0040_0009" 5884
"/Engine/EngineMaterials/Substrate/GLints/dict_16_192_64_0p5_0p02_0040_0008" 5885
"../../../Engine/Content/EngineMaterials/Substrate/GLints/dict_16_192_64_0p5_0p02_0040_0007.uasset" 5886
"/Engine/EngineMaterials/Substrate/GLints/dict_16_192_64_0p5_0p02_0040_0000" 5887
"/Engine/EngineMaterials/Substrate/GLints/dict_16_192_64_0p5_0p02_0039_0015" 5888
"/Engine/EngineMaterials/Substrate/GLints/dict_16_192_64_0p5_0p02_0040_0006" 5889
"/Engine/EngineMaterials/Substrate/GLints/dict_16_192_64_0p5_0p02_0040_0002" 5890
"/Engine/EngineMaterials/Substrate/GLints/dict_16_192_64_0p5_0p02_0039_0013" 5891
"/Engine/EngineMaterials/Substrate/GLints/dict_16_192_64_0p5_0p02_0040_0004" 5892
"../../../Engine/Content/EngineMaterials/Substrate/GLints/dict_16_192_64_0p5_0p02_0040_0014.uasset" 5893
"/Engine/EngineMaterials/Substrate/GLints/dict_16_192_64_0p5_0p02_0040_0010" 5894
"/Engine/EngineMaterials/Substrate/GLints/dict_16_192_64_0p5_0p02_0040_0007" 5895
"/Engine/EngineMaterials/Substrate/GLints/dict_16_192_64_0p5_0p02_0040_0005" 5896
"/Engine/EngineMaterials/Substrate/GLints/dict_16_192_64_0p5_0p02_0041_0000" 5897
"/Engine/EngineMaterials/Substrate/GLints/dict_16_192_64_0p5_0p02_0040_0015" 5898
"/Engine/EngineMaterials/Substrate/GLints/dict_16_192_64_0p5_0p02_0040_0014" 5899
"/Engine/EngineMaterials/Substrate/GLints/dict_16_192_64_0p5_0p02_0040_0012" 5900
"../../../Engine/Content/EngineMaterials/Substrate/GLints/dict_16_192_64_0p5_0p02_0040_0013.uasset" 5901
"../../../Engine/Content/EngineMaterials/Substrate/GLints/dict_16_192_64_0p5_0p02_0041_0002.uasset" 5902
"../../../Engine/Content/EngineMaterials/Substrate/GLints/dict_16_192_64_0p5_0p02_0041_0001.uasset" 5903
"../../../Engine/Content/EngineMaterials/Substrate/GLints/dict_16_192_64_0p5_0p02_0041_0003.uasset" 5904
"../../../Engine/Content/EngineMaterials/Substrate/GLints/dict_16_192_64_0p5_0p02_0041_0007.uasset" 5905
"../../../Engine/Content/EngineMaterials/Substrate/GLints/dict_16_192_64_0p5_0p02_0041_0005.uasset" 5906
"../../../Engine/Content/EngineMaterials/Substrate/GLints/dict_16_192_64_0p5_0p02_0041_0004.uasset" 5907
"/Engine/EngineMaterials/Substrate/GLints/dict_16_192_64_0p5_0p02_0041_0004" 5908
"../../../Engine/Content/EngineMaterials/Substrate/GLints/dict_16_192_64_0p5_0p02_0041_0010.uasset" 5909
"/Engine/EngineMaterials/Substrate/GLints/dict_16_192_64_0p5_0p02_0041_0003" 5910
"/Engine/EngineMaterials/Substrate/GLints/dict_16_192_64_0p5_0p02_0041_0005" 5911
"/Engine/EngineMaterials/Substrate/GLints/dict_16_192_64_0p5_0p02_0041_0007" 5912
"/Engine/EngineMaterials/Substrate/GLints/dict_16_192_64_0p5_0p02_0041_0002" 5913
"../../../Engine/Content/EngineMaterials/Substrate/GLints/dict_16_192_64_0p5_0p02_0041_0008.uasset" 5914
"/Engine/EngineMaterials/Substrate/GLints/dict_16_192_64_0p5_0p02_0041_0001" 5915
"/Engine/EngineMaterials/Substrate/GLints/dict_16_192_64_0p5_0p02_0040_0013" 5916
"../../../Engine/Content/EngineMaterials/Substrate/GLints/dict_16_192_64_0p5_0p02_0041_0011.uasset" 5917
"/Engine/EngineMaterials/Substrate/GLints/dict_16_192_64_0p5_0p02_0041_0010" 5918
"/Engine/EngineMaterials/Substrate/GLints/dict_16_192_64_0p5_0p02_0041_0008" 5919
"/Engine/EngineMaterials/Substrate/GLints/dict_16_192_64_0p5_0p02_0041_0011" 5920
"../../../Engine/Content/EngineMaterials/Substrate/GLints/dict_16_192_64_0p5_0p02_0041_0012.uasset" 5921
"../../../Engine/Content/EngineMaterials/Substrate/GLints/dict_16_192_64_0p5_0p02_0042_0000.uasset" 5922
"../../../Engine/Content/EngineMaterials/Substrate/GLints/dict_16_192_64_0p5_0p02_0041_0006.uasset" 5923
"../../../Engine/Content/EngineMaterials/Substrate/GLints/dict_16_192_64_0p5_0p02_0042_0001.uasset" 5924
"../../../Engine/Content/EngineMaterials/Substrate/GLints/dict_16_192_64_0p5_0p02_0041_0013.uasset" 5925
"../../../Engine/Content/EngineMaterials/Substrate/GLints/dict_16_192_64_0p5_0p02_0041_0009.uasset" 5926
"../../../Engine/Content/EngineMaterials/Substrate/GLints/dict_16_192_64_0p5_0p02_0042_0007.uasset" 5927
"../../../Engine/Content/EngineMaterials/Substrate/GLints/dict_16_192_64_0p5_0p02_0042_0004.uasset" 5928
"../../../Engine/Content/EngineMaterials/Substrate/GLints/dict_16_192_64_0p5_0p02_0041_0014.uasset" 5929
"../../../Engine/Content/EngineMaterials/Substrate/GLints/dict_16_192_64_0p5_0p02_0042_0009.uasset" 5930
"../../../Engine/Content/EngineMaterials/Substrate/GLints/dict_16_192_64_0p5_0p02_0042_0006.uasset" 5931
"../../../Engine/Content/EngineMaterials/Substrate/GLints/dict_16_192_64_0p5_0p02_0041_0015.uasset" 5932
"../../../Engine/Content/EngineMaterials/Substrate/GLints/dict_16_192_64_0p5_0p02_0042_0005.uasset" 5933
"/Engine/EngineMaterials/Substrate/GLints/dict_16_192_64_0p5_0p02_0041_0014" 5934
"../../../Engine/Content/EngineMaterials/Substrate/GLints/dict_16_192_64_0p5_0p02_0042_0002.uasset" 5935
"/Engine/EngineMaterials/Substrate/GLints/dict_16_192_64_0p5_0p02_0042_0005" 5936
"/Engine/EngineMaterials/Substrate/GLints/dict_16_192_64_0p5_0p02_0041_0013" 5937
"/Engine/EngineMaterials/Substrate/GLints/dict_16_192_64_0p5_0p02_0041_0012" 5938
"/Engine/EngineMaterials/Substrate/GLints/dict_16_192_64_0p5_0p02_0042_0004" 5939
"/Engine/EngineMaterials/Substrate/GLints/dict_16_192_64_0p5_0p02_0041_0009" 5940
"../../../Engine/Content/EngineMaterials/Substrate/GLints/dict_16_192_64_0p5_0p02_0042_0011.uasset" 5941
"../../../Engine/Content/EngineMaterials/Substrate/GLints/dict_16_192_64_0p5_0p02_0042_0010.uasset" 5942
"/Engine/EngineMaterials/Substrate/GLints/dict_16_192_64_0p5_0p02_0042_0009" 5943
"/Engine/EngineMaterials/Substrate/GLints/dict_16_192_64_0p5_0p02_0042_0007" 5944
"../../../Engine/Content/EngineMaterials/Substrate/GLints/dict_16_192_64_0p5_0p02_0042_0003.uasset" 5945
"/Engine/EngineMaterials/Substrate/GLints/dict_16_192_64_0p5_0p02_0041_0006" 5946
"../../../Engine/Content/EngineMaterials/Substrate/GLints/dict_16_192_64_0p5_0p02_0042_0008.uasset" 5947
"/Engine/EngineMaterials/Substrate/GLints/dict_16_192_64_0p5_0p02_0042_0001" 5948
"/Engine/EngineMaterials/Substrate/GLints/dict_16_192_64_0p5_0p02_0042_0000" 5949
"/Engine/EngineMaterials/Substrate/GLints/dict_16_192_64_0p5_0p02_0042_0006" 5950
"/Engine/EngineMaterials/Substrate/GLints/dict_16_192_64_0p5_0p02_0041_0015" 5951
"/Engine/EngineMaterials/Substrate/GLints/dict_16_192_64_0p5_0p02_0042_0011" 5952
"/Engine/EngineMaterials/Substrate/GLints/dict_16_192_64_0p5_0p02_0042_0010" 5953
"/Engine/EngineMaterials/Substrate/GLints/dict_16_192_64_0p5_0p02_0042_0008" 5954
"/Engine/EngineMaterials/Substrate/GLints/dict_16_192_64_0p5_0p02_0042_0003" 5955
"/Engine/EngineMaterials/Substrate/GLints/dict_16_192_64_0p5_0p02_0042_0002" 5956
"../../../Engine/Content/EngineMaterials/Substrate/GLints/dict_16_192_64_0p5_0p02_0042_0014.uasset" 5957
"../../../Engine/Content/EngineMaterials/Substrate/GLints/dict_16_192_64_0p5_0p02_0042_0013.uasset" 5958
"../../../Engine/Content/EngineMaterials/Substrate/GLints/dict_16_192_64_0p5_0p02_0042_0012.uasset" 5959
"../../../Engine/Content/EngineMaterials/Substrate/GLints/dict_16_192_64_0p5_0p02_0042_0015.uasset" 5960
"../../../Engine/Content/EngineMaterials/Substrate/GLints/dict_16_192_64_0p5_0p02_0043_0005.uasset" 5961
"../../../Engine/Content/EngineMaterials/Substrate/GLints/dict_16_192_64_0p5_0p02_0043_0001.uasset" 5962
"../../../Engine/Content/EngineMaterials/Substrate/GLints/dict_16_192_64_0p5_0p02_0043_0010.uasset" 5963
"../../../Engine/Content/EngineMaterials/Substrate/GLints/dict_16_192_64_0p5_0p02_0043_0006.uasset" 5964
"../../../Engine/Content/EngineMaterials/Substrate/GLints/dict_16_192_64_0p5_0p02_0043_0002.uasset" 5965
"../../../Engine/Content/EngineMaterials/Substrate/GLints/dict_16_192_64_0p5_0p02_0043_0007.uasset" 5966
"../../../Engine/Content/EngineMaterials/Substrate/GLints/dict_16_192_64_0p5_0p02_0043_0008.uasset" 5967
"../../../Engine/Content/EngineMaterials/Substrate/GLints/dict_16_192_64_0p5_0p02_0043_0000.uasset" 5968
"../../../Engine/Content/EngineMaterials/Substrate/GLints/dict_16_192_64_0p5_0p02_0043_0004.uasset" 5969
"../../../Engine/Content/EngineMaterials/Substrate/GLints/dict_16_192_64_0p5_0p02_0043_0009.uasset" 5970
"../../../Engine/Content/EngineMaterials/Substrate/GLints/dict_16_192_64_0p5_0p02_0043_0003.uasset" 5971
"../../../Engine/Content/EngineMaterials/Substrate/GLints/dict_16_192_64_0p5_0p02_0043_0011.uasset" 5972
"../../../Engine/Content/EngineMaterials/Substrate/GLints/dict_16_192_64_0p5_0p02_0044_0000.uasset" 5973
"../../../Engine/Content/EngineMaterials/Substrate/GLints/dict_16_192_64_0p5_0p02_0043_0012.uasset" 5974
"../../../Engine/Content/EngineMaterials/Substrate/GLints/dict_16_192_64_0p5_0p02_0013_0004.uasset" 5975
"../../../Engine/Content/EngineMaterials/Substrate/GLints/dict_16_192_64_0p5_0p02_0010_0004.uasset" 5976
"../../../Engine/Content/EngineMaterials/Substrate/GLints/dict_16_192_64_0p5_0p02_0043_0013.uasset" 5977
"../../../Engine/Content/EngineMaterials/Substrate/GLints/dict_16_192_64_0p5_0p02_0043_0015.uasset" 5978
"../../../Engine/Content/EngineMaterials/Substrate/GLints/dict_16_192_64_0p5_0p02_0044_0001.uasset" 5979
"../../../Engine/Content/EngineMaterials/Substrate/GLints/dict_16_192_64_0p5_0p02_0043_0014.uasset" 5980
"/Engine/EngineMaterials/Substrate/GLints/dict_16_192_64_0p5_0p02_0043_0012" 5981
"/Engine/EngineMaterials/Substrate/GLints/dict_16_192_64_0p5_0p02_0042_0012" 5982
"/Engine/EngineMaterials/Substrate/GLints/dict_16_192_64_0p5_0p02_0044_0001" 5983
"/Engine/EngineMaterials/Substrate/GLints/dict_16_192_64_0p5_0p02_0043_0011" 5984
"/Engine/EngineMaterials/Substrate/GLints/dict_16_192_64_0p5_0p02_0044_0000" 5985
"/Engine/EngineMaterials/Substrate/GLints/dict_16_192_64_0p5_0p02_0043_0010" 5986
"/Engine/EngineMaterials/Substrate/GLints/dict_16_192_64_0p5_0p02_0043_0009" 5987
"/Engine/EngineMaterials/Substrate/GLints/dict_16_192_64_0p5_0p02_0042_0015" 5988
"/Engine/EngineMaterials/Substrate/GLints/dict_16_192_64_0p5_0p02_0042_0014" 5989
"/Engine/EngineMaterials/Substrate/GLints/dict_16_192_64_0p5_0p02_0043_0008" 5990
"/Engine/EngineMaterials/Substrate/GLints/dict_16_192_64_0p5_0p02_0043_0007" 5991
"/Engine/EngineMaterials/Substrate/GLints/dict_16_192_64_0p5_0p02_0010_0004" 5992
"/Engine/EngineMaterials/Substrate/GLints/dict_16_192_64_0p5_0p02_0042_0013" 5993
"/Engine/EngineMaterials/Substrate/GLints/dict_16_192_64_0p5_0p02_0043_0006" 5994
"/Engine/EngineMaterials/Substrate/GLints/dict_16_192_64_0p5_0p02_0043_0015" 5995
"/Engine/EngineMaterials/Substrate/GLints/dict_16_192_64_0p5_0p02_0043_0005" 5996
"/Engine/EngineMaterials/Substrate/GLints/dict_16_192_64_0p5_0p02_0043_0014" 5997
"/Engine/EngineMaterials/Substrate/GLints/dict_16_192_64_0p5_0p02_0043_0004" 5998
"/Engine/EngineMaterials/Substrate/GLints/dict_16_192_64_0p5_0p02_0013_0004" 5999
"/Engine/EngineMaterials/Substrate/GLints/dict_16_192_64_0p5_0p02_0043_0013" 6000
"/Engine/EngineMaterials/Substrate/GLints/dict_16_192_64_0p5_0p02_0043_0003" 6001
"/Engine/EngineMaterials/Substrate/GLints/dict_16_192_64_0p5_0p02_0043_0002" 6002
"/Engine/EngineMaterials/Substrate/GLints/dict_16_192_64_0p5_0p02_0043_0001" 6003
"/Engine/EngineMaterials/Substrate/GLints/dict_16_192_64_0p5_0p02_0043_0000" 6004
"../../../Engine/Content/EngineMaterials/Substrate/GLints/dict_16_192_64_0p5_0p02_0027_0004.uasset" 6005
"../../../Engine/Content/EngineMaterials/Substrate/GLints/dict_16_192_64_0p5_0p02_0026_0012.uasset" 6006
"../../../Engine/Content/EngineMaterials/Substrate/GLints/dict_16_192_64_0p5_0p02_0027_0003.uasset" 6007
"../../../Engine/Content/EngineMaterials/Substrate/GLints/dict_16_192_64_0p5_0p02_0013_0000.uasset" 6008
"/Engine/EngineMaterials/Substrate/GLints/dict_16_192_64_0p5_0p02_0026_0012" 6009
"/Engine/EngineMaterials/Substrate/GLints/dict_16_192_64_0p5_0p02_0027_0003" 6010
"/Engine/EngineMaterials/Substrate/GLints/dict_16_192_64_0p5_0p02_0027_0004" 6011
"/Engine/EngineMaterials/Substrate/GLints/dict_16_192_64_0p5_0p02_0013_0000" 6012
"../../../Engine/Content/EngineMaterials/Substrate/GLints/dict_16_192_64_0p5_0p02_0012_0014.uasset" 6013
"/Engine/EngineMaterials/Substrate/GLints/dict_16_192_64_0p5_0p02_0012_0014" 6014
"../../../Engine/Content/EngineMaterials/Substrate/GLints/dict_16_192_64_0p5_0p02_0044_0002.uasset" 6015
"/Engine/EngineMaterials/Substrate/GLints/dict_16_192_64_0p5_0p02_0044_0002" 6016
"../../../Engine/Content/EngineMaterials/Substrate/GLints/dict_16_192_64_0p5_0p02_0044_0003.uasset" 6017
"../../../Engine/Content/EngineMaterials/Substrate/GLints/dict_16_192_64_0p5_0p02_0044_0005.uasset" 6018
"/Engine/EngineMaterials/Substrate/GLints/dict_16_192_64_0p5_0p02_0044_0005" 6019
"/Engine/EngineMaterials/Substrate/GLints/dict_16_192_64_0p5_0p02_0044_0003" 6020
"../../../Engine/Content/EngineMaterials/Substrate/GLints/dict_16_192_64_0p5_0p02_0044_0009.uasset" 6021
"../../../Engine/Content/EngineMaterials/Substrate/GLints/dict_16_192_64_0p5_0p02_0045_0002.uasset" 6022
"/Engine/EngineMaterials/Substrate/GLints/dict_16_192_64_0p5_0p02_0045_0002" 6023
"../../../Engine/Content/EngineMaterials/Substrate/GLints/dict_16_192_64_0p5_0p02_0045_0000.uasset" 6024
"../../../Engine/Content/EngineMaterials/Substrate/GLints/dict_16_192_64_0p5_0p02_0044_0012.uasset" 6025
"/Engine/EngineMaterials/Substrate/GLints/dict_16_192_64_0p5_0p02_0044_0009" 6026
"/Engine/EngineMaterials/Substrate/GLints/dict_16_192_64_0p5_0p02_0045_0000" 6027
"../../../Engine/Content/EngineMaterials/Substrate/GLints/dict_16_192_64_0p5_0p02_0044_0014.uasset" 6028
"/Engine/EngineMaterials/Substrate/GLints/dict_16_192_64_0p5_0p02_0044_0012" 6029
"/Engine/EngineMaterials/Substrate/GLints/dict_16_192_64_0p5_0p02_0044_0014" 6030
"../../../Engine/Content/EngineMaterials/Substrate/GLints/dict_16_192_64_0p5_0p02_0045_0001.uasset" 6031
"../../../Engine/Content/EngineMaterials/Substrate/GLints/dict_16_192_64_0p5_0p02_0044_0010.uasset" 6032
"../../../Engine/Content/EngineMaterials/Substrate/GLints/dict_16_192_64_0p5_0p02_0045_0009.uasset" 6033
"../../../Engine/Content/EngineMaterials/Substrate/GLints/dict_16_192_64_0p5_0p02_0045_0005.uasset" 6034
"../../../Engine/Content/EngineMaterials/Substrate/GLints/dict_16_192_64_0p5_0p02_0044_0013.uasset" 6035
"../../../Engine/Content/EngineMaterials/Substrate/GLints/dict_16_192_64_0p5_0p02_0045_0003.uasset" 6036
"../../../Engine/Content/EngineMaterials/Substrate/GLints/dict_16_192_64_0p5_0p02_0044_0015.uasset" 6037
"/Engine/EngineMaterials/Substrate/GLints/dict_16_192_64_0p5_0p02_0045_0009" 6038
"/Engine/EngineMaterials/Substrate/GLints/dict_16_192_64_0p5_0p02_0045_0005" 6039
"/Engine/EngineMaterials/Substrate/GLints/dict_16_192_64_0p5_0p02_0045_0003" 6040
"/Engine/EngineMaterials/Substrate/GLints/dict_16_192_64_0p5_0p02_0045_0001" 6041
"/Engine/EngineMaterials/Substrate/GLints/dict_16_192_64_0p5_0p02_0044_0015" 6042
"/Engine/EngineMaterials/Substrate/GLints/dict_16_192_64_0p5_0p02_0044_0013" 6043
"../../../Engine/Content/EngineMaterials/Substrate/GLints/dict_16_192_64_0p5_0p02_0045_0008.uasset" 6044
"/Engine/EngineMaterials/Substrate/GLints/dict_16_192_64_0p5_0p02_0044_0010" 6045
"../../../Engine/Content/EngineMaterials/Substrate/GLints/dict_16_192_64_0p5_0p02_0045_0007.uasset" 6046
"../../../Engine/Content/EngineMaterials/Substrate/GLints/dict_16_192_64_0p5_0p02_0045_0006.uasset" 6047
"/Engine/EngineMaterials/Substrate/GLints/dict_16_192_64_0p5_0p02_0045_0008" 6048
"/Engine/EngineMaterials/Substrate/GLints/dict_16_192_64_0p5_0p02_0045_0007" 6049
"/Engine/EngineMaterials/Substrate/GLints/dict_16_192_64_0p5_0p02_0045_0006" 6050
"../../../Engine/Content/EngineMaterials/Substrate/GLints/dict_16_192_64_0p5_0p02_0045_0010.uasset" 6051
"../../../Engine/Content/EngineMaterials/Substrate/GLints/dict_16_192_64_0p5_0p02_0045_0012.uasset" 6052
"../../../Engine/Content/EngineMaterials/Substrate/GLints/dict_16_192_64_0p5_0p02_0045_0004.uasset" 6053
"../../../Engine/Content/EngineMaterials/Substrate/GLints/dict_16_192_64_0p5_0p02_0045_0013.uasset" 6054
"../../../Engine/Content/EngineMaterials/Substrate/GLints/dict_16_192_64_0p5_0p02_0046_0001.uasset" 6055
"../../../Engine/Content/EngineMaterials/Substrate/GLints/dict_16_192_64_0p5_0p02_0045_0011.uasset" 6056
"../../../Engine/Content/EngineMaterials/Substrate/GLints/dict_16_192_64_0p5_0p02_0045_0015.uasset" 6057
"../../../Engine/Content/EngineMaterials/Substrate/GLints/dict_16_192_64_0p5_0p02_0046_0000.uasset" 6058
"../../../Engine/Content/EngineMaterials/Substrate/GLints/dict_16_192_64_0p5_0p02_0046_0005.uasset" 6059
"../../../Engine/Content/EngineMaterials/Substrate/GLints/dict_16_192_64_0p5_0p02_0046_0004.uasset" 6060
"../../../Engine/Content/EngineMaterials/Substrate/GLints/dict_16_192_64_0p5_0p02_0045_0014.uasset" 6061
"/Engine/EngineMaterials/Substrate/GLints/dict_16_192_64_0p5_0p02_0045_0013" 6062
"/Engine/EngineMaterials/Substrate/GLints/dict_16_192_64_0p5_0p02_0045_0004" 6063
"/Engine/EngineMaterials/Substrate/GLints/dict_16_192_64_0p5_0p02_0046_0005" 6064
"/Engine/EngineMaterials/Substrate/GLints/dict_16_192_64_0p5_0p02_0045_0012" 6065
"/Engine/EngineMaterials/Substrate/GLints/dict_16_192_64_0p5_0p02_0046_0004" 6066
"/Engine/EngineMaterials/Substrate/GLints/dict_16_192_64_0p5_0p02_0046_0001" 6067
"/Engine/EngineMaterials/Substrate/GLints/dict_16_192_64_0p5_0p02_0045_0011" 6068
"../../../Engine/Content/EngineMaterials/Substrate/GLints/dict_16_192_64_0p5_0p02_0046_0009.uasset" 6069
"../../../Engine/Content/EngineMaterials/Substrate/GLints/dict_16_192_64_0p5_0p02_0046_0010.uasset" 6070
"../../../Engine/Content/EngineMaterials/Substrate/GLints/dict_16_192_64_0p5_0p02_0046_0014.uasset" 6071
"../../../Engine/Content/EngineMaterials/Substrate/GLints/dict_16_192_64_0p5_0p02_0046_0011.uasset" 6072
"/Engine/EngineMaterials/Substrate/GLints/dict_16_192_64_0p5_0p02_0045_0010" 6073
"../../../Engine/Content/EngineMaterials/Substrate/GLints/dict_16_192_64_0p5_0p02_0046_0007.uasset" 6074
"../../../Engine/Content/EngineMaterials/Substrate/GLints/dict_16_192_64_0p5_0p02_0046_0008.uasset" 6075
"/Engine/EngineMaterials/Substrate/GLints/dict_16_192_64_0p5_0p02_0046_0000" 6076
"/Engine/EngineMaterials/Substrate/GLints/dict_16_192_64_0p5_0p02_0045_0014" 6077
"/Engine/EngineMaterials/Substrate/GLints/dict_16_192_64_0p5_0p02_0045_0015" 6078
"/Engine/EngineMaterials/Substrate/GLints/dict_16_192_64_0p5_0p02_0046_0014" 6079
"/Engine/EngineMaterials/Substrate/GLints/dict_16_192_64_0p5_0p02_0046_0011" 6080
"/Engine/EngineMaterials/Substrate/GLints/dict_16_192_64_0p5_0p02_0046_0010" 6081
"/Engine/EngineMaterials/Substrate/GLints/dict_16_192_64_0p5_0p02_0046_0009" 6082
"../../../Engine/Content/EngineMaterials/Substrate/GLints/dict_16_192_64_0p5_0p02_0046_0006.uasset" 6083
"/Engine/EngineMaterials/Substrate/GLints/dict_16_192_64_0p5_0p02_0046_0008" 6084
"/Engine/EngineMaterials/Substrate/GLints/dict_16_192_64_0p5_0p02_0046_0007" 6085
"/Engine/EngineMaterials/Substrate/GLints/dict_16_192_64_0p5_0p02_0046_0006" 6086
"../../../Engine/Content/EngineMaterials/Substrate/GLints/dict_16_192_64_0p5_0p02_0046_0012.uasset" 6087
"../../../Engine/Content/EngineMaterials/Substrate/GLints/dict_16_192_64_0p5_0p02_0046_0015.uasset" 6088
"../../../Engine/Content/EngineMaterials/Substrate/GLints/dict_16_192_64_0p5_0p02_0046_0013.uasset" 6089
"../../../Engine/Content/EngineMaterials/Substrate/GLints/dict_16_192_64_0p5_0p02_0046_0003.uasset" 6090
"../../../Engine/Content/EngineMaterials/Substrate/GLints/dict_16_192_64_0p5_0p02_0047_0000.uasset" 6091
"../../../Engine/Content/EngineMaterials/Substrate/GLints/dict_16_192_64_0p5_0p02_0030_0006.uasset" 6092
"/Engine/EngineMaterials/Substrate/GLints/dict_16_192_64_0p5_0p02_0046_0013" 6093
"/Engine/EngineMaterials/Substrate/GLints/dict_16_192_64_0p5_0p02_0047_0000" 6094
"/Engine/EngineMaterials/Substrate/GLints/dict_16_192_64_0p5_0p02_0046_0015" 6095
"/Engine/EngineMaterials/Substrate/GLints/dict_16_192_64_0p5_0p02_0046_0012" 6096
"/Engine/EngineMaterials/Substrate/GLints/dict_16_192_64_0p5_0p02_0030_0006" 6097
"/Engine/EngineMaterials/Substrate/GLints/dict_16_192_64_0p5_0p02_0046_0003" 6098
"../../../Engine/Content/EngineMaterials/Substrate/GLints/dict_16_192_64_0p5_0p02_0046_0002.uasset" 6099
"../../../Engine/Content/EngineMaterials/Substrate/GLints/dict_16_192_64_0p5_0p02_0047_0002.uasset" 6100
"../../../Engine/Content/EngineMaterials/Substrate/GLints/dict_16_192_64_0p5_0p02_0047_0003.uasset" 6101
"../../../Engine/Content/EngineMaterials/Substrate/GLints/dict_16_192_64_0p5_0p02_0047_0001.uasset" 6102
"../../../Engine/Content/EngineMaterials/Substrate/GLints/dict_16_192_64_0p5_0p02_0047_0005.uasset" 6103
"../../../Engine/Content/EngineMaterials/Substrate/GLints/dict_16_192_64_0p5_0p02_0047_0004.uasset" 6104
"/Engine/EngineMaterials/Substrate/GLints/dict_16_192_64_0p5_0p02_0046_0002" 6105
"/Engine/EngineMaterials/Substrate/GLints/dict_16_192_64_0p5_0p02_0047_0005" 6106
"/Engine/EngineMaterials/Substrate/GLints/dict_16_192_64_0p5_0p02_0047_0004" 6107
"/Engine/EngineMaterials/Substrate/GLints/dict_16_192_64_0p5_0p02_0047_0003" 6108
"/Engine/EngineMaterials/Substrate/GLints/dict_16_192_64_0p5_0p02_0047_0002" 6109
"/Engine/EngineMaterials/Substrate/GLints/dict_16_192_64_0p5_0p02_0047_0001" 6110
"../../../Engine/Content/EngineMaterials/Substrate/GLints/dict_16_192_64_0p5_0p02_0047_0010.uasset" 6111
"../../../Engine/Content/EngineMaterials/Substrate/GLints/dict_16_192_64_0p5_0p02_0047_0009.uasset" 6112
"../../../Engine/Content/EngineMaterials/Substrate/GLints/dict_16_192_64_0p5_0p02_0047_0011.uasset" 6113
"../../../Engine/Content/EngineMaterials/Substrate/GLints/dict_16_192_64_0p5_0p02_0047_0012.uasset" 6114
"../../../Engine/Content/EngineMaterials/Substrate/GLints/dict_16_192_64_0p5_0p02_0047_0007.uasset" 6115
"/Engine/EngineMaterials/Substrate/GLints/dict_16_192_64_0p5_0p02_0047_0011" 6116
"/Engine/EngineMaterials/Substrate/GLints/dict_16_192_64_0p5_0p02_0047_0010" 6117
"../../../Engine/Content/EngineMaterials/Substrate/GLints/dict_16_192_64_0p5_0p02_0048_0002.uasset" 6118
"/Engine/EngineMaterials/Substrate/GLints/dict_16_192_64_0p5_0p02_0047_0009" 6119
"../../../Engine/Content/EngineMaterials/Substrate/GLints/dict_16_192_64_0p5_0p02_0047_0013.uasset" 6120
"/Engine/EngineMaterials/Substrate/GLints/dict_16_192_64_0p5_0p02_0047_0007" 6121
"/Engine/EngineMaterials/Substrate/GLints/dict_16_192_64_0p5_0p02_0047_0012" 6122
"/Engine/EngineMaterials/Substrate/GLints/dict_16_192_64_0p5_0p02_0048_0002" 6123
"/Engine/EngineMaterials/Substrate/GLints/dict_16_192_64_0p5_0p02_0047_0013" 6124
"../../../Engine/Content/EngineMaterials/Substrate/GLints/dict_16_192_64_0p5_0p02_0047_0015.uasset" 6125
"../../../Engine/Content/EngineMaterials/Substrate/GLints/dict_16_192_64_0p5_0p02_0048_0006.uasset" 6126
"../../../Engine/Content/EngineMaterials/Substrate/GLints/dict_16_192_64_0p5_0p02_0048_0004.uasset" 6127
"../../../Engine/Content/EngineMaterials/Substrate/GLints/dict_16_192_64_0p5_0p02_0048_0001.uasset" 6128
"../../../Engine/Content/EngineMaterials/Substrate/GLints/dict_16_192_64_0p5_0p02_0048_0014.uasset" 6129
"../../../Engine/Content/EngineMaterials/Substrate/GLints/dict_16_192_64_0p5_0p02_0048_0013.uasset" 6130
"../../../Engine/Content/EngineMaterials/Substrate/GLints/dict_16_192_64_0p5_0p02_0048_0012.uasset" 6131
"../../../Engine/Content/EngineMaterials/Substrate/GLints/dict_16_192_64_0p5_0p02_0048_0007.uasset" 6132
"../../../Engine/Content/EngineMaterials/Substrate/GLints/dict_16_192_64_0p5_0p02_0048_0005.uasset" 6133
"../../../Engine/Content/EngineMaterials/Substrate/GLints/dict_16_192_64_0p5_0p02_0044_0008.uasset" 6134
"../../../Engine/Content/EngineMaterials/Substrate/GLints/dict_16_192_64_0p5_0p02_0048_0009.uasset" 6135
"../../../Engine/Content/EngineMaterials/Substrate/GLints/dict_16_192_64_0p5_0p02_0048_0008.uasset" 6136
"../../../Engine/Content/EngineMaterials/Substrate/GLints/dict_16_192_64_0p5_0p02_0048_0003.uasset" 6137
"/Engine/EngineMaterials/Substrate/GLints/dict_16_192_64_0p5_0p02_0048_0008" 6138
"/Engine/EngineMaterials/Substrate/GLints/dict_16_192_64_0p5_0p02_0048_0007" 6139
"/Engine/EngineMaterials/Substrate/GLints/dict_16_192_64_0p5_0p02_0048_0006" 6140
"/Engine/EngineMaterials/Substrate/GLints/dict_16_192_64_0p5_0p02_0048_0001" 6141
"/Engine/EngineMaterials/Substrate/GLints/dict_16_192_64_0p5_0p02_0048_0005" 6142
"/Engine/EngineMaterials/Substrate/GLints/dict_16_192_64_0p5_0p02_0048_0004" 6143
"/Engine/EngineMaterials/Substrate/GLints/dict_16_192_64_0p5_0p02_0048_0003" 6144
"/Engine/EngineMaterials/Substrate/GLints/dict_16_192_64_0p5_0p02_0047_0015" 6145
"../../../Engine/Content/EngineMaterials/Substrate/GLints/dict_16_192_64_0p5_0p02_0049_0004.uasset" 6146
"/Engine/EngineMaterials/Substrate/GLints/dict_16_192_64_0p5_0p02_0048_0014" 6147
"../../../Engine/Content/EngineMaterials/Substrate/GLints/dict_16_192_64_0p5_0p02_0048_0010.uasset" 6148
"/Engine/EngineMaterials/Substrate/GLints/dict_16_192_64_0p5_0p02_0044_0008" 6149
"/Engine/EngineMaterials/Substrate/GLints/dict_16_192_64_0p5_0p02_0048_0013" 6150
"/Engine/EngineMaterials/Substrate/GLints/dict_16_192_64_0p5_0p02_0048_0012" 6151
"/Engine/EngineMaterials/Substrate/GLints/dict_16_192_64_0p5_0p02_0048_0009" 6152
"/Engine/EngineMaterials/Substrate/GLints/dict_16_192_64_0p5_0p02_0049_0004" 6153
"/Engine/EngineMaterials/Substrate/GLints/dict_16_192_64_0p5_0p02_0048_0010" 6154
"../../../Engine/Content/EngineMaterials/Substrate/GLints/dict_16_192_64_0p5_0p02_0049_0001.uasset" 6155
"../../../Engine/Content/EngineMaterials/Substrate/GLints/dict_16_192_64_0p5_0p02_0049_0003.uasset" 6156
"../../../Engine/Content/EngineMaterials/Substrate/GLints/dict_16_192_64_0p5_0p02_0044_0011.uasset" 6157
"../../../Engine/Content/EngineMaterials/Substrate/GLints/dict_16_192_64_0p5_0p02_0048_0015.uasset" 6158
"../../../Engine/Content/EngineMaterials/Substrate/GLints/dict_16_192_64_0p5_0p02_0049_0002.uasset" 6159
"../../../Engine/Content/EngineMaterials/Substrate/GLints/dict_16_192_64_0p5_0p02_0049_0005.uasset" 6160
"../../../Engine/Content/EngineMaterials/Substrate/GLints/dict_16_192_64_0p5_0p02_0048_0011.uasset" 6161
"../../../Engine/Content/EngineMaterials/Substrate/GLints/dict_16_192_64_0p5_0p02_0049_0006.uasset" 6162
"../../../Engine/Content/EngineMaterials/Substrate/GLints/dict_16_192_64_0p5_0p02_0049_0015.uasset" 6163
"../../../Engine/Content/EngineMaterials/Substrate/GLints/dict_16_192_64_0p5_0p02_0049_0014.uasset" 6164
"/Engine/EngineMaterials/Substrate/GLints/dict_16_192_64_0p5_0p02_0049_0003" 6165
"../../../Engine/Content/EngineMaterials/Substrate/GLints/dict_16_192_64_0p5_0p02_0050_0001.uasset" 6166
"/Engine/EngineMaterials/Substrate/GLints/dict_16_192_64_0p5_0p02_0049_0015" 6167
"/Engine/EngineMaterials/Substrate/GLints/dict_16_192_64_0p5_0p02_0049_0014" 6168
"/Engine/EngineMaterials/Substrate/GLints/dict_16_192_64_0p5_0p02_0049_0002" 6169
"/Engine/EngineMaterials/Substrate/GLints/dict_16_192_64_0p5_0p02_0049_0001" 6170
"../../../Engine/Content/EngineMaterials/Substrate/GLints/dict_16_192_64_0p5_0p02_0049_0000.uasset" 6171
"/Engine/EngineMaterials/Substrate/GLints/dict_16_192_64_0p5_0p02_0049_0005" 6172
"/Engine/EngineMaterials/Substrate/GLints/dict_16_192_64_0p5_0p02_0044_0011" 6173
"/Engine/EngineMaterials/Substrate/GLints/dict_16_192_64_0p5_0p02_0048_0015" 6174
"/Engine/EngineMaterials/Substrate/GLints/dict_16_192_64_0p5_0p02_0048_0011" 6175
"/Engine/EngineMaterials/Substrate/GLints/dict_16_192_64_0p5_0p02_0049_0006" 6176
"/Engine/EngineMaterials/Substrate/GLints/dict_16_192_64_0p5_0p02_0050_0001" 6177
"/Engine/EngineMaterials/Substrate/GLints/dict_16_192_64_0p5_0p02_0049_0000" 6178
"../../../Engine/Content/EngineMaterials/Substrate/GLints/dict_16_192_64_0p5_0p02_0049_0013.uasset" 6179
"../../../Engine/Content/EngineMaterials/Substrate/GLints/dict_16_192_64_0p5_0p02_0049_0007.uasset" 6180
"../../../Engine/Content/EngineMaterials/Substrate/GLints/dict_16_192_64_0p5_0p02_0050_0002.uasset" 6181
"../../../Engine/Content/EngineMaterials/Substrate/GLints/dict_16_192_64_0p5_0p02_0050_0000.uasset" 6182
"../../../Engine/Content/EngineMaterials/Substrate/GLints/dict_16_192_64_0p5_0p02_0049_0010.uasset" 6183
"../../../Engine/Content/EngineMaterials/Substrate/GLints/dict_16_192_64_0p5_0p02_0049_0011.uasset" 6184
"../../../Engine/Content/EngineMaterials/Substrate/GLints/dict_16_192_64_0p5_0p02_0049_0009.uasset" 6185
"../../../Engine/Content/EngineMaterials/Substrate/GLints/dict_16_192_64_0p5_0p02_0050_0007.uasset" 6186
"../../../Engine/Content/EngineMaterials/Substrate/GLints/dict_16_192_64_0p5_0p02_0047_0014.uasset" 6187
"../../../Engine/Content/EngineMaterials/Substrate/GLints/dict_16_192_64_0p5_0p02_0049_0012.uasset" 6188
"../../../Engine/Content/EngineMaterials/Substrate/GLints/dict_16_192_64_0p5_0p02_0050_0003.uasset" 6189
"../../../Engine/Content/EngineMaterials/Substrate/GLints/dict_16_192_64_0p5_0p02_0050_0004.uasset" 6190
"../../../Engine/Content/EngineMaterials/Substrate/GLints/dict_16_192_64_0p5_0p02_0050_0006.uasset" 6191
"../../../Engine/Content/EngineMaterials/Substrate/GLints/dict_16_192_64_0p5_0p02_0050_0005.uasset" 6192
"/Engine/EngineMaterials/Substrate/GLints/dict_16_192_64_0p5_0p02_0050_0002" 6193
"/Engine/EngineMaterials/Substrate/GLints/dict_16_192_64_0p5_0p02_0050_0000" 6194
"/Engine/EngineMaterials/Substrate/GLints/dict_16_192_64_0p5_0p02_0049_0013" 6195
"/Engine/EngineMaterials/Substrate/GLints/dict_16_192_64_0p5_0p02_0049_0012" 6196
"/Engine/EngineMaterials/Substrate/GLints/dict_16_192_64_0p5_0p02_0049_0011" 6197
"../../../Engine/Content/EngineMaterials/Substrate/GLints/dict_16_192_64_0p5_0p02_0050_0013.uasset" 6198
"/Engine/EngineMaterials/Substrate/GLints/dict_16_192_64_0p5_0p02_0047_0014" 6199
"/Engine/EngineMaterials/Substrate/GLints/dict_16_192_64_0p5_0p02_0050_0004" 6200
"/Engine/EngineMaterials/Substrate/GLints/dict_16_192_64_0p5_0p02_0050_0007" 6201
"/Engine/EngineMaterials/Substrate/GLints/dict_16_192_64_0p5_0p02_0049_0010" 6202
"/Engine/EngineMaterials/Substrate/GLints/dict_16_192_64_0p5_0p02_0049_0009" 6203
"/Engine/EngineMaterials/Substrate/GLints/dict_16_192_64_0p5_0p02_0049_0007" 6204
"/Engine/EngineMaterials/Substrate/GLints/dict_16_192_64_0p5_0p02_0050_0006" 6205
"/Engine/EngineMaterials/Substrate/GLints/dict_16_192_64_0p5_0p02_0050_0003" 6206
"/Engine/EngineMaterials/Substrate/GLints/dict_16_192_64_0p5_0p02_0050_0005" 6207
"/Engine/EngineMaterials/Substrate/GLints/dict_16_192_64_0p5_0p02_0050_0013" 6208
"../../../Engine/Content/EngineMaterials/Substrate/GLints/dict_16_192_64_0p5_0p02_0050_0014.uasset" 6209
"../../../Engine/Content/EngineMaterials/Substrate/GLints/dict_16_192_64_0p5_0p02_0050_0011.uasset" 6210
"../../../Engine/Content/EngineMaterials/Substrate/GLints/dict_16_192_64_0p5_0p02_0050_0009.uasset" 6211
"../../../Engine/Content/EngineMaterials/Substrate/GLints/dict_16_192_64_0p5_0p02_0050_0010.uasset" 6212
"../../../Engine/Content/EngineMaterials/Substrate/GLints/dict_16_192_64_0p5_0p02_0050_0012.uasset" 6213
"../../../Engine/Content/EngineMaterials/Substrate/GLints/dict_16_192_64_0p5_0p02_0051_0002.uasset" 6214
"../../../Engine/Content/EngineMaterials/Substrate/GLints/dict_16_192_64_0p5_0p02_0050_0008.uasset" 6215
"/Engine/EngineMaterials/Substrate/GLints/dict_16_192_64_0p5_0p02_0050_0014" 6216
"../../../Engine/Content/EngineMaterials/Substrate/GLints/dict_16_192_64_0p5_0p02_0051_0009.uasset" 6217
"../../../Engine/Content/EngineMaterials/Substrate/GLints/dict_16_192_64_0p5_0p02_0051_0005.uasset" 6218
"../../../Engine/Content/EngineMaterials/Substrate/GLints/dict_16_192_64_0p5_0p02_0051_0001.uasset" 6219
"/Engine/EngineMaterials/Substrate/GLints/dict_16_192_64_0p5_0p02_0050_0012" 6220
"/Engine/EngineMaterials/Substrate/GLints/dict_16_192_64_0p5_0p02_0050_0011" 6221
"/Engine/EngineMaterials/Substrate/GLints/dict_16_192_64_0p5_0p02_0050_0010" 6222
"/Engine/EngineMaterials/Substrate/GLints/dict_16_192_64_0p5_0p02_0050_0009" 6223
"/Engine/EngineMaterials/Substrate/GLints/dict_16_192_64_0p5_0p02_0050_0008" 6224
"/Engine/EngineMaterials/Substrate/GLints/dict_16_192_64_0p5_0p02_0051_0002" 6225
"/Engine/EngineMaterials/Substrate/GLints/dict_16_192_64_0p5_0p02_0051_0009" 6226
"/Engine/EngineMaterials/Substrate/GLints/dict_16_192_64_0p5_0p02_0051_0005" 6227
"/Engine/EngineMaterials/Substrate/GLints/dict_16_192_64_0p5_0p02_0051_0001" 6228
"../../../Engine/Content/EngineMaterials/Substrate/GLints/dict_16_192_64_0p5_0p02_0051_0012.uasset" 6229
"../../../Engine/Content/EngineMaterials/Substrate/GLints/dict_16_192_64_0p5_0p02_0051_0008.uasset" 6230
"../../../Engine/Content/EngineMaterials/Substrate/GLints/dict_16_192_64_0p5_0p02_0051_0003.uasset" 6231
"../../../Engine/Content/EngineMaterials/Substrate/GLints/dict_16_192_64_0p5_0p02_0051_0004.uasset" 6232
"../../../Engine/Content/EngineMaterials/Substrate/GLints/dict_16_192_64_0p5_0p02_0051_0007.uasset" 6233
"../../../Engine/Content/EngineMaterials/Substrate/GLints/dict_16_192_64_0p5_0p02_0051_0006.uasset" 6234
"../../../Engine/Content/EngineMaterials/Substrate/GLints/dict_16_192_64_0p5_0p02_0051_0010.uasset" 6235
"../../../Engine/Content/EngineMaterials/Substrate/GLints/dict_16_192_64_0p5_0p02_0049_0008.uasset" 6236
"../../../Engine/Content/EngineMaterials/Substrate/GLints/dict_16_192_64_0p5_0p02_0052_0004.uasset" 6237
"/Engine/EngineMaterials/Substrate/GLints/dict_16_192_64_0p5_0p02_0051_0012" 6238
"../../../Engine/Content/EngineMaterials/Substrate/GLints/dict_16_192_64_0p5_0p02_0051_0011.uasset" 6239
"../../../Engine/Content/EngineMaterials/Substrate/GLints/dict_16_192_64_0p5_0p02_0051_0015.uasset" 6240
"../../../Engine/Content/EngineMaterials/Substrate/GLints/dict_16_192_64_0p5_0p02_0051_0013.uasset" 6241
"/Engine/EngineMaterials/Substrate/GLints/dict_16_192_64_0p5_0p02_0052_0004" 6242
"/Engine/EngineMaterials/Substrate/GLints/dict_16_192_64_0p5_0p02_0051_0010" 6243
"/Engine/EngineMaterials/Substrate/GLints/dict_16_192_64_0p5_0p02_0051_0008" 6244
"/Engine/EngineMaterials/Substrate/GLints/dict_16_192_64_0p5_0p02_0051_0007" 6245
"/Engine/EngineMaterials/Substrate/GLints/dict_16_192_64_0p5_0p02_0051_0006" 6246
"../../../Engine/Content/EngineMaterials/Substrate/GLints/dict_16_192_64_0p5_0p02_0052_0003.uasset" 6247
"../../../Engine/Content/EngineMaterials/Substrate/GLints/dict_16_192_64_0p5_0p02_0052_0002.uasset" 6248
"../../../Engine/Content/EngineMaterials/Substrate/GLints/dict_16_192_64_0p5_0p02_0051_0014.uasset" 6249
"/Engine/EngineMaterials/Substrate/GLints/dict_16_192_64_0p5_0p02_0049_0008" 6250
"/Engine/EngineMaterials/Substrate/GLints/dict_16_192_64_0p5_0p02_0051_0004" 6251
"/Engine/EngineMaterials/Substrate/GLints/dict_16_192_64_0p5_0p02_0051_0003" 6252
"../../../Engine/Content/EngineMaterials/Substrate/GLints/dict_16_192_64_0p5_0p02_0052_0000.uasset" 6253
"/Engine/EngineMaterials/Substrate/GLints/dict_16_192_64_0p5_0p02_0051_0014" 6254
"/Engine/EngineMaterials/Substrate/GLints/dict_16_192_64_0p5_0p02_0051_0013" 6255
"../../../Engine/Content/EngineMaterials/Substrate/GLints/dict_16_192_64_0p5_0p02_0052_0001.uasset" 6256
"/Engine/EngineMaterials/Substrate/GLints/dict_16_192_64_0p5_0p02_0051_0015" 6257
"/Engine/EngineMaterials/Substrate/GLints/dict_16_192_64_0p5_0p02_0051_0011" 6258
"/Engine/EngineMaterials/Substrate/GLints/dict_16_192_64_0p5_0p02_0052_0003" 6259
"/Engine/EngineMaterials/Substrate/GLints/dict_16_192_64_0p5_0p02_0052_0002" 6260
"/Engine/EngineMaterials/Substrate/GLints/dict_16_192_64_0p5_0p02_0052_0001" 6261
"/Engine/EngineMaterials/Substrate/GLints/dict_16_192_64_0p5_0p02_0052_0000" 6262
"../../../Engine/Content/EngineMaterials/Substrate/GLints/dict_16_192_64_0p5_0p02_0052_0006.uasset" 6263
"../../../Engine/Content/EngineMaterials/Substrate/GLints/dict_16_192_64_0p5_0p02_0052_0005.uasset" 6264
"../../../Engine/Content/EngineMaterials/Substrate/GLints/dict_16_192_64_0p5_0p02_0052_0008.uasset" 6265
"../../../Engine/Content/EngineMaterials/Substrate/GLints/dict_16_192_64_0p5_0p02_0052_0010.uasset" 6266
"../../../Engine/Content/EngineMaterials/Substrate/GLints/dict_16_192_64_0p5_0p02_0052_0009.uasset" 6267
"../../../Engine/Content/EngineMaterials/Substrate/GLints/dict_16_192_64_0p5_0p02_0052_0014.uasset" 6268
"../../../Engine/Content/EngineMaterials/Substrate/GLints/dict_16_192_64_0p5_0p02_0053_0001.uasset" 6269
"../../../Engine/Content/EngineMaterials/Substrate/GLints/dict_16_192_64_0p5_0p02_0053_0002.uasset" 6270
"../../../Engine/Content/EngineMaterials/Substrate/GLints/dict_16_192_64_0p5_0p02_0053_0003.uasset" 6271
"/Engine/EngineMaterials/Substrate/GLints/dict_16_192_64_0p5_0p02_0052_0006" 6272
"/Engine/EngineMaterials/Substrate/GLints/dict_16_192_64_0p5_0p02_0052_0005" 6273
"../../../Engine/Content/EngineMaterials/Substrate/GLints/dict_16_192_64_0p5_0p02_0053_0000.uasset" 6274
"../../../Engine/Content/EngineMaterials/Substrate/GLints/dict_16_192_64_0p5_0p02_0053_0006.uasset" 6275
"../../../Engine/Content/EngineMaterials/Substrate/GLints/dict_16_192_64_0p5_0p02_0052_0012.uasset" 6276
"/Engine/EngineMaterials/Substrate/GLints/dict_16_192_64_0p5_0p02_0053_0002" 6277
"../../../Engine/Content/EngineMaterials/Substrate/GLints/dict_16_192_64_0p5_0p02_0052_0013.uasset" 6278
"/Engine/EngineMaterials/Substrate/GLints/dict_16_192_64_0p5_0p02_0053_0001" 6279
"/Engine/EngineMaterials/Substrate/GLints/dict_16_192_64_0p5_0p02_0052_0009" 6280
"/Engine/EngineMaterials/Substrate/GLints/dict_16_192_64_0p5_0p02_0053_0003" 6281
"/Engine/EngineMaterials/Substrate/GLints/dict_16_192_64_0p5_0p02_0052_0014" 6282
"/Engine/EngineMaterials/Substrate/GLints/dict_16_192_64_0p5_0p02_0052_0008" 6283
"../../../Engine/Content/EngineMaterials/Substrate/GLints/dict_16_192_64_0p5_0p02_0050_0015.uasset" 6284
"/Engine/EngineMaterials/Substrate/GLints/dict_16_192_64_0p5_0p02_0052_0010" 6285
"/Engine/EngineMaterials/Substrate/GLints/dict_16_192_64_0p5_0p02_0053_0006" 6286
"/Engine/EngineMaterials/Substrate/GLints/dict_16_192_64_0p5_0p02_0053_0000" 6287
"/Engine/EngineMaterials/Substrate/GLints/dict_16_192_64_0p5_0p02_0050_0015" 6288
"/Engine/EngineMaterials/Substrate/GLints/dict_16_192_64_0p5_0p02_0052_0013" 6289
"/Engine/EngineMaterials/Substrate/GLints/dict_16_192_64_0p5_0p02_0052_0012" 6290
"../../../Engine/Content/EngineMaterials/Substrate/GLints/dict_16_192_64_0p5_0p02_0052_0015.uasset" 6291
"../../../Engine/Content/EngineMaterials/Substrate/GLints/dict_16_192_64_0p5_0p02_0052_0011.uasset" 6292
"/Engine/EngineMaterials/Substrate/GLints/dict_16_192_64_0p5_0p02_0052_0015" 6293
"/Engine/EngineMaterials/Substrate/GLints/dict_16_192_64_0p5_0p02_0052_0011" 6294
"../../../Engine/Content/EngineMaterials/Substrate/GLints/dict_16_192_64_0p5_0p02_0053_0007.uasset" 6295
"../../../Engine/Content/EngineMaterials/Substrate/GLints/dict_16_192_64_0p5_0p02_0053_0004.uasset" 6296
"/Engine/EngineMaterials/Substrate/GLints/dict_16_192_64_0p5_0p02_0053_0007" 6297
"../../../Engine/Content/EngineMaterials/Substrate/GLints/dict_16_192_64_0p5_0p02_0053_0008.uasset" 6298
"/Engine/EngineMaterials/Substrate/GLints/dict_16_192_64_0p5_0p02_0053_0008" 6299
"/Engine/EngineMaterials/Substrate/GLints/dict_16_192_64_0p5_0p02_0053_0004" 6300
"../../../Engine/Content/EngineMaterials/Substrate/GLints/dict_16_192_64_0p5_0p02_0053_0005.uasset" 6301
"../../../Engine/Content/EngineMaterials/Substrate/GLints/dict_16_192_64_0p5_0p02_0053_0010.uasset" 6302
"../../../Engine/Content/EngineMaterials/Substrate/GLints/dict_16_192_64_0p5_0p02_0053_0009.uasset" 6303
"../../../Engine/Content/EngineMaterials/Substrate/GLints/dict_16_192_64_0p5_0p02_0053_0013.uasset" 6304
"../../../Engine/Content/EngineMaterials/Substrate/GLints/dict_16_192_64_0p5_0p02_0054_0000.uasset" 6305
"../../../Engine/Content/EngineMaterials/Substrate/GLints/dict_16_192_64_0p5_0p02_0054_0004.uasset" 6306
"../../../Engine/Content/EngineMaterials/Substrate/GLints/dict_16_192_64_0p5_0p02_0054_0005.uasset" 6307
"../../../Engine/Content/EngineMaterials/Substrate/GLints/dict_16_192_64_0p5_0p02_0054_0002.uasset" 6308
"/Engine/EngineMaterials/Substrate/GLints/dict_16_192_64_0p5_0p02_0054_0002" 6309
"../../../Engine/Content/EngineMaterials/Substrate/GLints/dict_16_192_64_0p5_0p02_0053_0011.uasset" 6310
"/Engine/EngineMaterials/Substrate/GLints/dict_16_192_64_0p5_0p02_0054_0000" 6311
"/Engine/EngineMaterials/Substrate/GLints/dict_16_192_64_0p5_0p02_0053_0005" 6312
"../../../Engine/Content/EngineMaterials/Substrate/GLints/dict_16_192_64_0p5_0p02_0053_0012.uasset" 6313
"../../../Engine/Content/EngineMaterials/Substrate/GLints/dict_16_192_64_0p5_0p02_0053_0015.uasset" 6314
"/Engine/EngineMaterials/Substrate/GLints/dict_16_192_64_0p5_0p02_0053_0010" 6315
"/Engine/EngineMaterials/Substrate/GLints/dict_16_192_64_0p5_0p02_0053_0013" 6316
"../../../Engine/Content/EngineMaterials/Substrate/GLints/dict_16_192_64_0p5_0p02_0053_0014.uasset" 6317
"/Engine/EngineMaterials/Substrate/GLints/dict_16_192_64_0p5_0p02_0054_0005" 6318
"../../../Engine/Content/EngineMaterials/Substrate/GLints/dict_16_192_64_0p5_0p02_0054_0006.uasset" 6319
"../../../Engine/Content/EngineMaterials/Substrate/GLints/dict_16_192_64_0p5_0p02_0054_0007.uasset" 6320
"../../../Engine/Content/EngineMaterials/Substrate/GLints/dict_16_192_64_0p5_0p02_0054_0001.uasset" 6321
"/Engine/EngineMaterials/Substrate/GLints/dict_16_192_64_0p5_0p02_0054_0004" 6322
"/Engine/EngineMaterials/Substrate/GLints/dict_16_192_64_0p5_0p02_0053_0009" 6323
"/Engine/EngineMaterials/Substrate/GLints/dict_16_192_64_0p5_0p02_0054_0001" 6324
"/Engine/EngineMaterials/Substrate/GLints/dict_16_192_64_0p5_0p02_0054_0007" 6325
"/Engine/EngineMaterials/Substrate/GLints/dict_16_192_64_0p5_0p02_0053_0015" 6326
"../../../Engine/Content/EngineMaterials/Substrate/GLints/dict_16_192_64_0p5_0p02_0054_0003.uasset" 6327
"../../../Engine/Content/EngineMaterials/Substrate/GLints/dict_16_192_64_0p5_0p02_0054_0009.uasset" 6328
"../../../Engine/Content/EngineMaterials/Substrate/GLints/dict_16_192_64_0p5_0p02_0054_0008.uasset" 6329
"/Engine/EngineMaterials/Substrate/GLints/dict_16_192_64_0p5_0p02_0053_0014" 6330
"/Engine/EngineMaterials/Substrate/GLints/dict_16_192_64_0p5_0p02_0054_0006" 6331
"/Engine/EngineMaterials/Substrate/GLints/dict_16_192_64_0p5_0p02_0053_0012" 6332
"/Engine/EngineMaterials/Substrate/GLints/dict_16_192_64_0p5_0p02_0053_0011" 6333
"/Engine/EngineMaterials/Substrate/GLints/dict_16_192_64_0p5_0p02_0054_0003" 6334
"/Engine/EngineMaterials/Substrate/GLints/dict_16_192_64_0p5_0p02_0054_0008" 6335
"/Engine/EngineMaterials/Substrate/GLints/dict_16_192_64_0p5_0p02_0054_0009" 6336
"../../../Engine/Content/EngineMaterials/Substrate/GLints/dict_16_192_64_0p5_0p02_0054_0011.uasset" 6337
"../../../Engine/Content/EngineMaterials/Substrate/GLints/dict_16_192_64_0p5_0p02_0054_0013.uasset" 6338
"../../../Engine/Content/EngineMaterials/Substrate/GLints/dict_16_192_64_0p5_0p02_0054_0012.uasset" 6339
"../../../Engine/Content/EngineMaterials/Substrate/GLints/dict_16_192_64_0p5_0p02_0054_0010.uasset" 6340
"/Engine/EngineMaterials/Substrate/GLints/dict_16_192_64_0p5_0p02_0054_0013" 6341
"/Engine/EngineMaterials/Substrate/GLints/dict_16_192_64_0p5_0p02_0054_0011" 6342
"/Engine/EngineMaterials/Substrate/GLints/dict_16_192_64_0p5_0p02_0054_0012" 6343
"../../../Engine/Content/EngineMaterials/Substrate/GLints/dict_16_192_64_0p5_0p02_0055_0004.uasset" 6344
"/Engine/EngineMaterials/Substrate/GLints/dict_16_192_64_0p5_0p02_0054_0010" 6345
"../../../Engine/Content/EngineMaterials/Substrate/GLints/dict_16_192_64_0p5_0p02_0054_0015.uasset" 6346
"../../../Engine/Content/EngineMaterials/Substrate/GLints/dict_16_192_64_0p5_0p02_0055_0003.uasset" 6347
"../../../Engine/Content/EngineMaterials/Substrate/GLints/dict_16_192_64_0p5_0p02_0054_0014.uasset" 6348
"../../../Engine/Content/EngineMaterials/Substrate/GLints/dict_16_192_64_0p5_0p02_0055_0000.uasset" 6349
"/Engine/EngineMaterials/Substrate/GLints/dict_16_192_64_0p5_0p02_0055_0004" 6350
"../../../Engine/Content/EngineMaterials/Substrate/GLints/dict_16_192_64_0p5_0p02_0055_0005.uasset" 6351
"/Engine/EngineMaterials/Substrate/GLints/dict_16_192_64_0p5_0p02_0055_0003" 6352
"/Engine/EngineMaterials/Substrate/GLints/dict_16_192_64_0p5_0p02_0055_0000" 6353
"../../../Engine/Content/EngineMaterials/Substrate/GLints/dict_16_192_64_0p5_0p02_0055_0002.uasset" 6354
"/Engine/EngineMaterials/Substrate/GLints/dict_16_192_64_0p5_0p02_0054_0015" 6355
"/Engine/EngineMaterials/Substrate/GLints/dict_16_192_64_0p5_0p02_0054_0014" 6356
"/Engine/EngineMaterials/Substrate/GLints/dict_16_192_64_0p5_0p02_0055_0005" 6357
"../../../Engine/Content/EngineMaterials/Substrate/GLints/dict_16_192_64_0p5_0p02_0051_0000.uasset" 6358
"/Engine/EngineMaterials/Substrate/GLints/dict_16_192_64_0p5_0p02_0055_0002" 6359
"/Engine/EngineMaterials/Substrate/GLints/dict_16_192_64_0p5_0p02_0051_0000" 6360
"../../../Engine/Content/EngineMaterials/Substrate/GLints/dict_16_192_64_0p5_0p02_0055_0001.uasset" 6361
"../../../Engine/Content/EngineMaterials/Substrate/GLints/dict_16_192_64_0p5_0p02_0055_0007.uasset" 6362
"../../../Engine/Content/EngineMaterials/Substrate/GLints/dict_16_192_64_0p5_0p02_0055_0009.uasset" 6363
"../../../Engine/Content/EngineMaterials/Substrate/GLints/dict_16_192_64_0p5_0p02_0055_0008.uasset" 6364
"../../../Engine/Content/EngineMaterials/Substrate/GLints/dict_16_192_64_0p5_0p02_0055_0006.uasset" 6365
"../../../Engine/Content/EngineMaterials/Substrate/GLints/dict_16_192_64_0p5_0p02_0055_0015.uasset" 6366
"/Engine/EngineMaterials/Substrate/GLints/dict_16_192_64_0p5_0p02_0055_0015" 6367
"../../../Engine/Content/EngineMaterials/Substrate/GLints/dict_16_192_64_0p5_0p02_0055_0013.uasset" 6368
"/Engine/EngineMaterials/Substrate/GLints/dict_16_192_64_0p5_0p02_0055_0009" 6369
"/Engine/EngineMaterials/Substrate/GLints/dict_16_192_64_0p5_0p02_0055_0008" 6370
"/Engine/EngineMaterials/Substrate/GLints/dict_16_192_64_0p5_0p02_0055_0001" 6371
"/Engine/EngineMaterials/Substrate/GLints/dict_16_192_64_0p5_0p02_0055_0007" 6372
"../../../Engine/Content/EngineMaterials/Substrate/GLints/dict_16_192_64_0p5_0p02_0056_0000.uasset" 6373
"../../../Engine/Content/EngineMaterials/Substrate/GLints/dict_16_192_64_0p5_0p02_0055_0010.uasset" 6374
"/Engine/EngineMaterials/Substrate/GLints/dict_16_192_64_0p5_0p02_0055_0006" 6375
"/Engine/EngineMaterials/Substrate/GLints/dict_16_192_64_0p5_0p02_0055_0010" 6376
"/Engine/EngineMaterials/Substrate/GLints/dict_16_192_64_0p5_0p02_0055_0013" 6377
"/Engine/EngineMaterials/Substrate/GLints/dict_16_192_64_0p5_0p02_0056_0000" 6378
"../../../Engine/Content/EngineMaterials/Substrate/GLints/dict_16_192_64_0p5_0p02_0055_0012.uasset" 6379
"../../../Engine/Content/EngineMaterials/Substrate/GLints/dict_16_192_64_0p5_0p02_0056_0001.uasset" 6380
"../../../Engine/Content/EngineMaterials/Substrate/GLints/dict_16_192_64_0p5_0p02_0055_0014.uasset" 6381
"../../../Engine/Content/EngineMaterials/Substrate/GLints/dict_16_192_64_0p5_0p02_0056_0005.uasset" 6382
"../../../Engine/Content/EngineMaterials/Substrate/GLints/dict_16_192_64_0p5_0p02_0056_0003.uasset" 6383
"../../../Engine/Content/EngineMaterials/Substrate/GLints/dict_16_192_64_0p5_0p02_0056_0006.uasset" 6384
"../../../Engine/Content/EngineMaterials/Substrate/GLints/dict_16_192_64_0p5_0p02_0056_0004.uasset" 6385
"/Engine/EngineMaterials/Substrate/GLints/dict_16_192_64_0p5_0p02_0056_0003" 6386
"/Engine/EngineMaterials/Substrate/GLints/dict_16_192_64_0p5_0p02_0055_0014" 6387
"/Engine/EngineMaterials/Substrate/GLints/dict_16_192_64_0p5_0p02_0055_0012" 6388
"/Engine/EngineMaterials/Substrate/GLints/dict_16_192_64_0p5_0p02_0056_0001" 6389
"/Engine/EngineMaterials/Substrate/GLints/dict_16_192_64_0p5_0p02_0056_0006" 6390
"/Engine/EngineMaterials/Substrate/GLints/dict_16_192_64_0p5_0p02_0056_0005" 6391
"/Engine/EngineMaterials/Substrate/GLints/dict_16_192_64_0p5_0p02_0056_0004" 6392
"../../../Engine/Content/EngineMaterials/Substrate/GLints/dict_16_192_64_0p5_0p02_0056_0010.uasset" 6393
"/Engine/EngineMaterials/Substrate/GLints/dict_16_192_64_0p5_0p02_0056_0010" 6394
"../../../Engine/Content/EngineMaterials/Substrate/GLints/dict_16_192_64_0p5_0p02_0056_0007.uasset" 6395
"../../../Engine/Content/EngineMaterials/Substrate/GLints/dict_16_192_64_0p5_0p02_0055_0011.uasset" 6396
"../../../Engine/Content/EngineMaterials/Substrate/GLints/dict_16_192_64_0p5_0p02_0056_0002.uasset" 6397
"../../../Engine/Content/EngineMaterials/Substrate/GLints/dict_16_192_64_0p5_0p02_0056_0008.uasset" 6398
"../../../Engine/Content/EngineMaterials/Substrate/GLints/dict_16_192_64_0p5_0p02_0057_0004.uasset" 6399
"../../../Engine/Content/EngineMaterials/Substrate/GLints/dict_16_192_64_0p5_0p02_0056_0014.uasset" 6400
"../../../Engine/Content/EngineMaterials/Substrate/GLints/dict_16_192_64_0p5_0p02_0057_0000.uasset" 6401
"../../../Engine/Content/EngineMaterials/Substrate/GLints/dict_16_192_64_0p5_0p02_0056_0015.uasset" 6402
"../../../Engine/Content/EngineMaterials/Substrate/GLints/dict_16_192_64_0p5_0p02_0057_0001.uasset" 6403
"../../../Engine/Content/EngineMaterials/Substrate/GLints/dict_16_192_64_0p5_0p02_0056_0011.uasset" 6404
"/Engine/EngineMaterials/Substrate/GLints/dict_16_192_64_0p5_0p02_0056_0011" 6405
"../../../Engine/Content/EngineMaterials/Substrate/GLints/dict_16_192_64_0p5_0p02_0056_0013.uasset" 6406
"/Engine/EngineMaterials/Substrate/GLints/dict_16_192_64_0p5_0p02_0057_0001" 6407
"/Engine/EngineMaterials/Substrate/GLints/dict_16_192_64_0p5_0p02_0056_0002" 6408
"../../../Engine/Content/EngineMaterials/Substrate/GLints/dict_16_192_64_0p5_0p02_0056_0009.uasset" 6409
"/Engine/EngineMaterials/Substrate/GLints/dict_16_192_64_0p5_0p02_0056_0008" 6410
"/Engine/EngineMaterials/Substrate/GLints/dict_16_192_64_0p5_0p02_0056_0007" 6411
"/Engine/EngineMaterials/Substrate/GLints/dict_16_192_64_0p5_0p02_0055_0011" 6412
"/Engine/EngineMaterials/Substrate/GLints/dict_16_192_64_0p5_0p02_0057_0004" 6413
"/Engine/EngineMaterials/Substrate/GLints/dict_16_192_64_0p5_0p02_0057_0000" 6414
"/Engine/EngineMaterials/Substrate/GLints/dict_16_192_64_0p5_0p02_0056_0015" 6415
"../../../Engine/Content/EngineMaterials/Substrate/GLints/dict_16_192_64_0p5_0p02_0056_0012.uasset" 6416
"/Engine/EngineMaterials/Substrate/GLints/dict_16_192_64_0p5_0p02_0056_0014" 6417
"/Engine/EngineMaterials/Substrate/GLints/dict_16_192_64_0p5_0p02_0056_0009" 6418
"../../../Engine/Content/EngineMaterials/Substrate/GLints/dict_16_192_64_0p5_0p02_0057_0009.uasset" 6419
"../../../Engine/Content/EngineMaterials/Substrate/GLints/dict_16_192_64_0p5_0p02_0057_0002.uasset" 6420
"../../../Engine/Content/EngineMaterials/Substrate/GLints/dict_16_192_64_0p5_0p02_0057_0003.uasset" 6421
"../../../Engine/Content/EngineMaterials/Substrate/GLints/dict_16_192_64_0p5_0p02_0037_0004.uasset" 6422
"/Engine/EngineMaterials/Substrate/GLints/dict_16_192_64_0p5_0p02_0056_0013" 6423
"/Engine/EngineMaterials/Substrate/GLints/dict_16_192_64_0p5_0p02_0056_0012" 6424
"../../../Engine/Content/EngineMaterials/Substrate/GLints/dict_16_192_64_0p5_0p02_0057_0011.uasset" 6425
"/Engine/EngineMaterials/Substrate/GLints/dict_16_192_64_0p5_0p02_0037_0004" 6426
"/Engine/EngineMaterials/Substrate/GLints/dict_16_192_64_0p5_0p02_0057_0009" 6427
"/Engine/EngineMaterials/Substrate/GLints/dict_16_192_64_0p5_0p02_0057_0003" 6428
"/Engine/EngineMaterials/Substrate/GLints/dict_16_192_64_0p5_0p02_0057_0002" 6429
"../../../Engine/Content/EngineMaterials/Substrate/GLints/dict_16_192_64_0p5_0p02_0057_0005.uasset" 6430
"../../../Engine/Content/EngineMaterials/Substrate/GLints/dict_16_192_64_0p5_0p02_0057_0012.uasset" 6431
"/Engine/EngineMaterials/Substrate/GLints/dict_16_192_64_0p5_0p02_0057_0011" 6432
"/Engine/EngineMaterials/Substrate/GLints/dict_16_192_64_0p5_0p02_0057_0012" 6433
"/Engine/EngineMaterials/Substrate/GLints/dict_16_192_64_0p5_0p02_0057_0005" 6434
"../../../Engine/Content/EngineMaterials/Substrate/GLints/dict_16_192_64_0p5_0p02_0057_0007.uasset" 6435
"../../../Engine/Content/EngineMaterials/Substrate/GLints/dict_16_192_64_0p5_0p02_0057_0008.uasset" 6436
"../../../Engine/Content/EngineMaterials/Substrate/GLints/dict_16_192_64_0p5_0p02_0057_0010.uasset" 6437
"../../../Engine/Content/EngineMaterials/Substrate/GLints/dict_16_192_64_0p5_0p02_0058_0005.uasset" 6438
"/Engine/EngineMaterials/Substrate/GLints/dict_16_192_64_0p5_0p02_0057_0010" 6439
"/Engine/EngineMaterials/Substrate/GLints/dict_16_192_64_0p5_0p02_0057_0008" 6440
"/Engine/EngineMaterials/Substrate/GLints/dict_16_192_64_0p5_0p02_0057_0007" 6441
"/Engine/EngineMaterials/Substrate/GLints/dict_16_192_64_0p5_0p02_0058_0005" 6442
"../../../Engine/Content/EngineMaterials/Substrate/GLints/dict_16_192_64_0p5_0p02_0058_0004.uasset" 6443
"../../../Engine/Content/EngineMaterials/Substrate/GLints/dict_16_192_64_0p5_0p02_0058_0002.uasset" 6444
"../../../Engine/Content/EngineMaterials/Substrate/GLints/dict_16_192_64_0p5_0p02_0058_0000.uasset" 6445
"../../../Engine/Content/EngineMaterials/Substrate/GLints/dict_16_192_64_0p5_0p02_0058_0006.uasset" 6446
"../../../Engine/Content/EngineMaterials/Substrate/GLints/dict_16_192_64_0p5_0p02_0058_0001.uasset" 6447
"../../../Engine/Content/EngineMaterials/Substrate/GLints/dict_16_192_64_0p5_0p02_0057_0014.uasset" 6448
"../../../Engine/Content/EngineMaterials/Substrate/GLints/dict_16_192_64_0p5_0p02_0057_0015.uasset" 6449
"/Engine/EngineMaterials/Substrate/GLints/dict_16_192_64_0p5_0p02_0058_0006" 6450
"/Engine/EngineMaterials/Substrate/GLints/dict_16_192_64_0p5_0p02_0058_0004" 6451
"../../../Engine/Content/EngineMaterials/Substrate/GLints/dict_16_192_64_0p5_0p02_0057_0013.uasset" 6452
"/Engine/EngineMaterials/Substrate/GLints/dict_16_192_64_0p5_0p02_0058_0002" 6453
"/Engine/EngineMaterials/Substrate/GLints/dict_16_192_64_0p5_0p02_0058_0001" 6454
"../../../Engine/Content/EngineMaterials/Substrate/GLints/dict_16_192_64_0p5_0p02_0058_0007.uasset" 6455
"/Engine/EngineMaterials/Substrate/GLints/dict_16_192_64_0p5_0p02_0058_0000" 6456
"/Engine/EngineMaterials/Substrate/GLints/dict_16_192_64_0p5_0p02_0057_0015" 6457
"/Engine/EngineMaterials/Substrate/GLints/dict_16_192_64_0p5_0p02_0057_0014" 6458
"/Engine/EngineMaterials/Substrate/GLints/dict_16_192_64_0p5_0p02_0057_0013" 6459
"/Engine/EngineMaterials/Substrate/GLints/dict_16_192_64_0p5_0p02_0058_0007" 6460
"../../../Engine/Content/EngineMaterials/Substrate/GLints/dict_16_192_64_0p5_0p02_0058_0011.uasset" 6461
"../../../Engine/Content/EngineMaterials/Substrate/GLints/dict_16_192_64_0p5_0p02_0058_0008.uasset" 6462
"../../../Engine/Content/EngineMaterials/Substrate/GLints/dict_16_192_64_0p5_0p02_0058_0009.uasset" 6463
"../../../Engine/Content/EngineMaterials/Substrate/GLints/dict_16_192_64_0p5_0p02_0058_0010.uasset" 6464
"../../../Engine/Content/EngineMaterials/Substrate/GLints/dict_16_192_64_0p5_0p02_0059_0001.uasset" 6465
"../../../Engine/Content/EngineMaterials/Substrate/GLints/dict_16_192_64_0p5_0p02_0058_0013.uasset" 6466
"../../../Engine/Content/EngineMaterials/Substrate/GLints/dict_16_192_64_0p5_0p02_0058_0012.uasset" 6467
"../../../Engine/Content/EngineMaterials/Substrate/GLints/dict_16_192_64_0p5_0p02_0058_0014.uasset" 6468
"../../../Engine/Content/EngineMaterials/Substrate/GLints/dict_16_192_64_0p5_0p02_0058_0015.uasset" 6469
"/Engine/EngineMaterials/Substrate/GLints/dict_16_192_64_0p5_0p02_0058_0013" 6470
"/Engine/EngineMaterials/Substrate/GLints/dict_16_192_64_0p5_0p02_0058_0015" 6471
"/Engine/EngineMaterials/Substrate/GLints/dict_16_192_64_0p5_0p02_0058_0012" 6472
"/Engine/EngineMaterials/Substrate/GLints/dict_16_192_64_0p5_0p02_0058_0011" 6473
"/Engine/EngineMaterials/Substrate/GLints/dict_16_192_64_0p5_0p02_0058_0009" 6474
"../../../Engine/Content/EngineMaterials/Substrate/GLints/dict_16_192_64_0p5_0p02_0059_0006.uasset" 6475
"/Engine/EngineMaterials/Substrate/GLints/dict_16_192_64_0p5_0p02_0059_0001" 6476
"/Engine/EngineMaterials/Substrate/GLints/dict_16_192_64_0p5_0p02_0058_0008" 6477
"/Engine/EngineMaterials/Substrate/GLints/dict_16_192_64_0p5_0p02_0058_0010" 6478
"/Engine/EngineMaterials/Substrate/GLints/dict_16_192_64_0p5_0p02_0058_0014" 6479
"/Engine/EngineMaterials/Substrate/GLints/dict_16_192_64_0p5_0p02_0059_0006" 6480
"../../../Engine/Content/EngineMaterials/Substrate/GLints/dict_16_192_64_0p5_0p02_0059_0004.uasset" 6481
"../../../Engine/Content/EngineMaterials/Substrate/GLints/dict_16_192_64_0p5_0p02_0059_0010.uasset" 6482
"../../../Engine/Content/EngineMaterials/Substrate/GLints/dict_16_192_64_0p5_0p02_0059_0008.uasset" 6483
"../../../Engine/Content/EngineMaterials/Substrate/GLints/dict_16_192_64_0p5_0p02_0059_0007.uasset" 6484
"../../../Engine/Content/EngineMaterials/Substrate/GLints/dict_16_192_64_0p5_0p02_0059_0009.uasset" 6485
"../../../Engine/Content/EngineMaterials/Substrate/GLints/dict_16_192_64_0p5_0p02_0059_0005.uasset" 6486
"../../../Engine/Content/EngineMaterials/Substrate/GLints/dict_16_192_64_0p5_0p02_0059_0011.uasset" 6487
"../../../Engine/Content/EngineMaterials/Substrate/GLints/dict_16_192_64_0p5_0p02_0059_0012.uasset" 6488
"../../../Engine/Content/EngineMaterials/Substrate/GLints/dict_16_192_64_0p5_0p02_0059_0015.uasset" 6489
"../../../Engine/Content/EngineMaterials/Substrate/GLints/dict_16_192_64_0p5_0p02_0060_0002.uasset" 6490
"../../../Engine/Content/EngineMaterials/Substrate/GLints/dict_16_192_64_0p5_0p02_0060_0001.uasset" 6491
"../../../Engine/Content/EngineMaterials/Substrate/GLints/dict_16_192_64_0p5_0p02_0059_0014.uasset" 6492
"../../../Engine/Content/EngineMaterials/Substrate/GLints/dict_16_192_64_0p5_0p02_0059_0003.uasset" 6493
"/Engine/EngineMaterials/Substrate/GLints/dict_16_192_64_0p5_0p02_0059_0011" 6494
"/Engine/EngineMaterials/Substrate/GLints/dict_16_192_64_0p5_0p02_0059_0004" 6495
"/Engine/EngineMaterials/Substrate/GLints/dict_16_192_64_0p5_0p02_0059_0010" 6496
"/Engine/EngineMaterials/Substrate/GLints/dict_16_192_64_0p5_0p02_0059_0003" 6497
"/Engine/EngineMaterials/Substrate/GLints/dict_16_192_64_0p5_0p02_0059_0009" 6498
"/Engine/EngineMaterials/Substrate/GLints/dict_16_192_64_0p5_0p02_0059_0008" 6499
"../../../Engine/Content/EngineMaterials/Substrate/GLints/dict_16_192_64_0p5_0p02_0059_0013.uasset" 6500
"/Engine/EngineMaterials/Substrate/GLints/dict_16_192_64_0p5_0p02_0059_0007" 6501
"/Engine/EngineMaterials/Substrate/GLints/dict_16_192_64_0p5_0p02_0059_0005" 6502
"/Engine/EngineMaterials/Substrate/GLints/dict_16_192_64_0p5_0p02_0060_0002" 6503
"/Engine/EngineMaterials/Substrate/GLints/dict_16_192_64_0p5_0p02_0060_0001" 6504
"/Engine/EngineMaterials/Substrate/GLints/dict_16_192_64_0p5_0p02_0059_0015" 6505
"/Engine/EngineMaterials/Substrate/GLints/dict_16_192_64_0p5_0p02_0059_0012" 6506
"../../../Engine/Content/EngineMaterials/Substrate/GLints/dict_16_192_64_0p5_0p02_0060_0006.uasset" 6507
"/Engine/EngineMaterials/Substrate/GLints/dict_16_192_64_0p5_0p02_0059_0014" 6508
"/Engine/EngineMaterials/Substrate/GLints/dict_16_192_64_0p5_0p02_0060_0006" 6509
"/Engine/EngineMaterials/Substrate/GLints/dict_16_192_64_0p5_0p02_0059_0013" 6510
"../../../Engine/Content/EngineMaterials/Substrate/GLints/dict_16_192_64_0p5_0p02_0047_0008.uasset" 6511
"../../../Engine/Content/EngineMaterials/Substrate/GLints/dict_16_192_64_0p5_0p02_0060_0005.uasset" 6512
"../../../Engine/Content/EngineMaterials/Substrate/GLints/dict_16_192_64_0p5_0p02_0060_0000.uasset" 6513
"../../../Engine/Content/EngineMaterials/Substrate/GLints/dict_16_192_64_0p5_0p02_0060_0003.uasset" 6514
"../../../Engine/Content/EngineMaterials/Substrate/GLints/dict_16_192_64_0p5_0p02_0060_0007.uasset" 6515
"../../../Engine/Content/EngineMaterials/Substrate/GLints/dict_16_192_64_0p5_0p02_0059_0002.uasset" 6516
"../../../Engine/Content/EngineMaterials/Substrate/GLints/dict_16_192_64_0p5_0p02_0060_0012.uasset" 6517
"../../../Engine/Content/EngineMaterials/Substrate/GLints/dict_16_192_64_0p5_0p02_0060_0011.uasset" 6518
"../../../Engine/Content/EngineMaterials/Substrate/GLints/dict_16_192_64_0p5_0p02_0060_0004.uasset" 6519
"/Engine/EngineMaterials/Substrate/GLints/dict_16_192_64_0p5_0p02_0060_0005" 6520
"/Engine/EngineMaterials/Substrate/GLints/dict_16_192_64_0p5_0p02_0060_0004" 6521
"/Engine/EngineMaterials/Substrate/GLints/dict_16_192_64_0p5_0p02_0059_0002" 6522
"/Engine/EngineMaterials/Substrate/GLints/dict_16_192_64_0p5_0p02_0060_0007" 6523
"/Engine/EngineMaterials/Substrate/GLints/dict_16_192_64_0p5_0p02_0060_0003" 6524
"/Engine/EngineMaterials/Substrate/GLints/dict_16_192_64_0p5_0p02_0047_0008" 6525
"../../../Engine/Content/EngineMaterials/Substrate/GLints/dict_16_192_64_0p5_0p02_0060_0010.uasset" 6526
"/Engine/EngineMaterials/Substrate/GLints/dict_16_192_64_0p5_0p02_0060_0012" 6527
"/Engine/EngineMaterials/Substrate/GLints/dict_16_192_64_0p5_0p02_0060_0011" 6528
"../../../Engine/Content/EngineMaterials/Substrate/GLints/dict_16_192_64_0p5_0p02_0060_0008.uasset" 6529
"/Engine/EngineMaterials/Substrate/GLints/dict_16_192_64_0p5_0p02_0060_0000" 6530
"/Engine/EngineMaterials/Substrate/GLints/dict_16_192_64_0p5_0p02_0060_0010" 6531
"../../../Engine/Content/EngineMaterials/Substrate/GLints/dict_16_192_64_0p5_0p02_0060_0009.uasset" 6532
"/Engine/EngineMaterials/Substrate/GLints/dict_16_192_64_0p5_0p02_0060_0008" 6533
"/Engine/EngineMaterials/Substrate/GLints/dict_16_192_64_0p5_0p02_0060_0009" 6534
"../../../Engine/Content/EngineMaterials/Substrate/GLints/dict_16_192_64_0p5_0p02_0060_0014.uasset" 6535
"../../../Engine/Content/EngineMaterials/Substrate/GLints/dict_16_192_64_0p5_0p02_0060_0013.uasset" 6536
"../../../Engine/Content/EngineMaterials/Substrate/GLints/dict_16_192_64_0p5_0p02_0061_0003.uasset" 6537
"../../../Engine/Content/EngineMaterials/Substrate/GLints/dict_16_192_64_0p5_0p02_0061_0005.uasset" 6538
"../../../Engine/Content/EngineMaterials/Substrate/GLints/dict_16_192_64_0p5_0p02_0061_0008.uasset" 6539
"../../../Engine/Content/EngineMaterials/Substrate/GLints/dict_16_192_64_0p5_0p02_0061_0000.uasset" 6540
"../../../Engine/Content/EngineMaterials/Substrate/GLints/dict_16_192_64_0p5_0p02_0060_0015.uasset" 6541
"/Engine/EngineMaterials/Substrate/GLints/dict_16_192_64_0p5_0p02_0061_0003" 6542
"../../../Engine/Content/EngineMaterials/Substrate/GLints/dict_16_192_64_0p5_0p02_0061_0001.uasset" 6543
"/Engine/EngineMaterials/Substrate/GLints/dict_16_192_64_0p5_0p02_0061_0000" 6544
"/Engine/EngineMaterials/Substrate/GLints/dict_16_192_64_0p5_0p02_0060_0015" 6545
"/Engine/EngineMaterials/Substrate/GLints/dict_16_192_64_0p5_0p02_0060_0014" 6546
"../../../Engine/Content/EngineMaterials/Substrate/GLints/dict_16_192_64_0p5_0p02_0061_0007.uasset" 6547
"/Engine/EngineMaterials/Substrate/GLints/dict_16_192_64_0p5_0p02_0060_0013" 6548
"/Engine/EngineMaterials/Substrate/GLints/dict_16_192_64_0p5_0p02_0061_0005" 6549
"/Engine/EngineMaterials/Substrate/GLints/dict_16_192_64_0p5_0p02_0061_0008" 6550
"../../../Engine/Content/EngineMaterials/Substrate/GLints/dict_16_192_64_0p5_0p02_0061_0006.uasset" 6551
"/Engine/EngineMaterials/Substrate/GLints/dict_16_192_64_0p5_0p02_0061_0006" 6552
"/Engine/EngineMaterials/Substrate/GLints/dict_16_192_64_0p5_0p02_0061_0001" 6553
"/Engine/EngineMaterials/Substrate/GLints/dict_16_192_64_0p5_0p02_0061_0007" 6554
"../../../Engine/Content/EngineMaterials/Substrate/GLints/dict_16_192_64_0p5_0p02_0061_0009.uasset" 6555
"../../../Engine/Content/EngineMaterials/Substrate/GLints/dict_16_192_64_0p5_0p02_0061_0011.uasset" 6556
"../../../Engine/Content/EngineMaterials/Substrate/GLints/dict_16_192_64_0p5_0p02_0061_0004.uasset" 6557
"../../../Engine/Content/EngineMaterials/Substrate/GLints/dict_16_192_64_0p5_0p02_0061_0015.uasset" 6558
"../../../Engine/Content/EngineMaterials/Substrate/GLints/dict_16_192_64_0p5_0p02_0061_0012.uasset" 6559
"../../../Engine/Content/EngineMaterials/Substrate/GLints/dict_16_192_64_0p5_0p02_0061_0010.uasset" 6560
"../../../Engine/Content/EngineMaterials/Substrate/GLints/dict_16_192_64_0p5_0p02_0061_0014.uasset" 6561
"../../../Engine/Content/EngineMaterials/Substrate/GLints/dict_16_192_64_0p5_0p02_0062_0000.uasset" 6562
"../../../Engine/Content/EngineMaterials/Substrate/GLints/dict_16_192_64_0p5_0p02_0062_0004.uasset" 6563
"../../../Engine/Content/EngineMaterials/Substrate/GLints/dict_16_192_64_0p5_0p02_0062_0001.uasset" 6564
"../../../Engine/Content/EngineMaterials/Substrate/GLints/dict_16_192_64_0p5_0p02_0061_0013.uasset" 6565
"../../../Engine/Content/EngineMaterials/Substrate/GLints/dict_16_192_64_0p5_0p02_0062_0006.uasset" 6566
"/Engine/EngineMaterials/Substrate/GLints/dict_16_192_64_0p5_0p02_0061_0004" 6567
"/Engine/EngineMaterials/Substrate/GLints/dict_16_192_64_0p5_0p02_0061_0015" 6568
"/Engine/EngineMaterials/Substrate/GLints/dict_16_192_64_0p5_0p02_0061_0014" 6569
"/Engine/EngineMaterials/Substrate/GLints/dict_16_192_64_0p5_0p02_0061_0013" 6570
"/Engine/EngineMaterials/Substrate/GLints/dict_16_192_64_0p5_0p02_0062_0006" 6571
"/Engine/EngineMaterials/Substrate/GLints/dict_16_192_64_0p5_0p02_0061_0012" 6572
"../../../Engine/Content/EngineMaterials/Substrate/GLints/dict_16_192_64_0p5_0p02_0062_0008.uasset" 6573
"/Engine/EngineMaterials/Substrate/GLints/dict_16_192_64_0p5_0p02_0061_0011" 6574
"/Engine/EngineMaterials/Substrate/GLints/dict_16_192_64_0p5_0p02_0061_0010" 6575
"/Engine/EngineMaterials/Substrate/GLints/dict_16_192_64_0p5_0p02_0061_0009" 6576
"/Engine/EngineMaterials/Substrate/GLints/dict_16_192_64_0p5_0p02_0062_0004" 6577
"../../../Engine/Content/EngineMaterials/Substrate/GLints/dict_16_192_64_0p5_0p02_0062_0002.uasset" 6578
"/Engine/EngineMaterials/Substrate/GLints/dict_16_192_64_0p5_0p02_0062_0001" 6579
"../../../Engine/Content/EngineMaterials/Substrate/GLints/dict_16_192_64_0p5_0p02_0062_0007.uasset" 6580
"/Engine/EngineMaterials/Substrate/GLints/dict_16_192_64_0p5_0p02_0062_0000" 6581
"/Engine/EngineMaterials/Substrate/GLints/dict_16_192_64_0p5_0p02_0062_0008" 6582
"/Engine/EngineMaterials/Substrate/GLints/dict_16_192_64_0p5_0p02_0062_0007" 6583
"/Engine/EngineMaterials/Substrate/GLints/dict_16_192_64_0p5_0p02_0062_0002" 6584
"../../../Engine/Content/EngineMaterials/Substrate/GLints/dict_16_192_64_0p5_0p02_0062_0005.uasset" 6585
"../../../Engine/Content/EngineMaterials/Substrate/GLints/dict_16_192_64_0p5_0p02_0062_0003.uasset" 6586
"../../../Engine/Content/EngineMaterials/Substrate/GLints/dict_16_192_64_0p5_0p02_0062_0009.uasset" 6587
"../../../Engine/Content/EngineMaterials/Substrate/GLints/dict_16_192_64_0p5_0p02_0062_0010.uasset" 6588
"../../../Engine/Content/EngineMaterials/Substrate/GLints/dict_16_192_64_0p5_0p02_0062_0011.uasset" 6589
"../../../Engine/Content/EngineMaterials/Substrate/GLints/dict_16_192_64_0p5_0p02_0062_0013.uasset" 6590
"../../../Engine/Content/EngineMaterials/Substrate/GLints/dict_16_192_64_0p5_0p02_0062_0012.uasset" 6591
"/Engine/EngineMaterials/Substrate/GLints/dict_16_192_64_0p5_0p02_0062_0012" 6592
"/Engine/EngineMaterials/Substrate/GLints/dict_16_192_64_0p5_0p02_0062_0009" 6593
"/Engine/EngineMaterials/Substrate/GLints/dict_16_192_64_0p5_0p02_0062_0011" 6594
"../../../Engine/Content/EngineMaterials/Substrate/GLints/dict_16_192_64_0p5_0p02_0063_0002.uasset" 6595
"../../../Engine/Content/EngineMaterials/Substrate/GLints/dict_16_192_64_0p5_0p02_0063_0003.uasset" 6596
"/Engine/EngineMaterials/Substrate/GLints/dict_16_192_64_0p5_0p02_0062_0005" 6597
"/Engine/EngineMaterials/Substrate/GLints/dict_16_192_64_0p5_0p02_0062_0003" 6598
"/Engine/EngineMaterials/Substrate/GLints/dict_16_192_64_0p5_0p02_0062_0010" 6599
"/Engine/EngineMaterials/Substrate/GLints/dict_16_192_64_0p5_0p02_0062_0013" 6600
"/Engine/EngineMaterials/Substrate/GLints/dict_16_192_64_0p5_0p02_0063_0003" 6601
"/Engine/EngineMaterials/Substrate/GLints/dict_16_192_64_0p5_0p02_0063_0002" 6602
"../../../Engine/Content/EngineMaterials/Substrate/GLints/dict_16_192_64_0p5_0p02_0062_0015.uasset" 6603
"../../../Engine/Content/EngineMaterials/Substrate/GLints/dict_16_192_64_0p5_0p02_0063_0006.uasset" 6604
"../../../Engine/Content/EngineMaterials/Substrate/GLints/dict_16_192_64_0p5_0p02_0063_0000.uasset" 6605
"../../../Engine/Content/EngineMaterials/Substrate/GLints/dict_16_192_64_0p5_0p02_0063_0001.uasset" 6606
"../../../Engine/Content/EngineMaterials/Substrate/GLints/dict_16_192_64_0p5_0p02_0062_0014.uasset" 6607
"../../../Engine/Content/EngineMaterials/Substrate/GLints/dict_16_192_64_0p5_0p02_0063_0005.uasset" 6608
"../../../Engine/Content/EngineMaterials/Substrate/GLints/dict_16_192_64_0p5_0p02_0063_0004.uasset" 6609
"../../../Engine/Content/EngineMaterials/Substrate/GLints/dict_16_192_64_0p5_0p02_0063_0008.uasset" 6610
"../../../Engine/Content/EngineMaterials/Substrate/GLints/dict_16_192_64_0p5_0p02_0063_0007.uasset" 6611
"../../../Engine/Content/EngineMaterials/Substrate/GLints/dict_16_192_64_0p5_0p02_0063_0010.uasset" 6612
"/Engine/EngineMaterials/Substrate/GLints/dict_16_192_64_0p5_0p02_0063_0008" 6613
"/Engine/EngineMaterials/Substrate/GLints/dict_16_192_64_0p5_0p02_0063_0007" 6614
"/Engine/EngineMaterials/Substrate/GLints/dict_16_192_64_0p5_0p02_0063_0006" 6615
"/Engine/EngineMaterials/Substrate/GLints/dict_16_192_64_0p5_0p02_0063_0010" 6616
"/Engine/EngineMaterials/Substrate/GLints/dict_16_192_64_0p5_0p02_0063_0005" 6617
"/Engine/EngineMaterials/Substrate/GLints/dict_16_192_64_0p5_0p02_0063_0004" 6618
"/Engine/EngineMaterials/Substrate/GLints/dict_16_192_64_0p5_0p02_0063_0001" 6619
"/Engine/EngineMaterials/Substrate/GLints/dict_16_192_64_0p5_0p02_0063_0000" 6620
"/Engine/EngineMaterials/Substrate/GLints/dict_16_192_64_0p5_0p02_0062_0015" 6621
"/Engine/EngineMaterials/Substrate/GLints/dict_16_192_64_0p5_0p02_0062_0014" 6622
"../../../Engine/Content/EngineMaterials/Substrate/GLints/dict_16_192_64_0p5_0p02_0063_0009.uasset" 6623
"../../../Engine/Content/EngineMaterials/Substrate/GLints/dict_16_192_64_0p5_0p02_0063_0015.uasset" 6624
"../../../Engine/Content/EngineMaterials/Substrate/GLints/dict_16_192_64_0p5_0p02_0063_0011.uasset" 6625
"../../../Engine/Content/EngineMaterials/Substrate/GLints/dict_16_192_64_0p5_0p02_0063_0012.uasset" 6626
"../../../Engine/Content/EngineMaterials/Substrate/GLints/dict_16_192_64_0p5_0p02_0063_0013.uasset" 6627
"../../../Engine/Content/EngineMaterials/Substrate/GLints/dict_16_192_64_0p5_0p02_0063_0014.uasset" 6628
"../../../Engine/Content/EngineMaterials/Substrate/Glints2/dict_0000_0000.uasset" 6629
"../../../Engine/Content/EngineMaterials/Substrate/Glints2/dict_0000_0001.uasset" 6630
"../../../Engine/Content/EngineMaterials/Substrate/Glints2/dict_0000_0002.uasset" 6631
"../../../Engine/Content/EngineMaterials/Substrate/GLints/AGlintTex2dArray.uasset" 6632
"../../../Engine/Content/EngineMaterials/Substrate/Glints2/dict_0000_0003.uasset" 6633
"/Engine/EngineMaterials/Substrate/Glints2/dict_0000_0001" 6634
"/Engine/EngineMaterials/Substrate/Glints2/dict_0000_0000" 6635
"/Engine/EngineMaterials/Substrate/GLints/dict_16_192_64_0p5_0p02_0063_0011" 6636
"/Engine/EngineMaterials/Substrate/Glints2/dict_0000_0003" 6637
"/Engine/EngineMaterials/Substrate/Glints2/dict_0000_0002" 6638
"/Engine/EngineMaterials/Substrate/GLints/dict_16_192_64_0p5_0p02_0063_0015" 6639
"/Engine/EngineMaterials/Substrate/GLints/dict_16_192_64_0p5_0p02_0063_0014" 6640
"/Engine/EngineMaterials/Substrate/GLints/dict_16_192_64_0p5_0p02_0063_0013" 6641
"/Engine/EngineMaterials/Substrate/GLints/dict_16_192_64_0p5_0p02_0063_0009" 6642
"/Engine/EngineMaterials/Substrate/GLints/dict_16_192_64_0p5_0p02_0063_0012" 6643
"../../../Engine/Content/EngineMaterials/Substrate/Glints2/dict_0000_0004.uasset" 6644
"/Engine/EngineMaterials/Substrate/Glints2/dict_0000_0004" 6645
"../../../Engine/Content/EngineMaterials/Substrate/Glints2/dict_0000_0005.uasset" 6646
"../../../Engine/Content/EngineMaterials/Substrate/Glints2/dict_0000_0006.uasset" 6647
"../../../Engine/Content/EngineMaterials/Substrate/Glints2/dict_0000_0007.uasset" 6648
"../../../Engine/Content/EngineMaterials/Substrate/Glints2/dict_0000_0009.uasset" 6649
"../../../Engine/Content/EngineMaterials/Substrate/Glints2/dict_0000_0008.uasset" 6650
"../../../Engine/Content/EngineMaterials/Substrate/Glints2/dict_0000_0011.uasset" 6651
"../../../Engine/Content/EngineMaterials/Substrate/Glints2/dict_0000_0012.uasset" 6652
"../../../Engine/Content/EngineMaterials/Substrate/GLints/dict_16_192_64_0p5_0p02_0044_0004.uasset" 6653
"/Engine/EngineMaterials/Substrate/Glints2/dict_0000_0012" 6654
"/Engine/EngineMaterials/Substrate/Glints2/dict_0000_0011" 6655
"/Engine/EngineMaterials/Substrate/Glints2/dict_0000_0009" 6656
"/Engine/EngineMaterials/Substrate/Glints2/dict_0000_0008" 6657
"/Engine/EngineMaterials/Substrate/Glints2/dict_0000_0007" 6658
"/Engine/EngineMaterials/Substrate/Glints2/dict_0000_0006" 6659
"../../../Engine/Content/EngineMaterials/Substrate/Glints2/dict_0000_0010.uasset" 6660
"/Engine/EngineMaterials/Substrate/Glints2/dict_0000_0005" 6661
"/Engine/EngineMaterials/Substrate/GLints/dict_16_192_64_0p5_0p02_0044_0004" 6662
"/Engine/EngineMaterials/Substrate/Glints2/dict_0000_0010" 6663
"../../../Engine/Content/EngineMaterials/Substrate/Glints2/dict_0000_0017.uasset" 6664
"../../../Engine/Content/EngineMaterials/Substrate/Glints2/dict_0000_0014.uasset" 6665
"/Engine/EngineMaterials/Substrate/Glints2/dict_0000_0017" 6666
"/Engine/EngineMaterials/Substrate/Glints2/dict_0000_0014" 6667
"../../../Engine/Content/EngineMaterials/Substrate/Glints2/dict_0000_0013.uasset" 6668
"../../../Engine/Content/EngineMaterials/Substrate/Glints2/dict_0000_0018.uasset" 6669
"../../../Engine/Content/EngineMaterials/Substrate/Glints2/dict_0000_0015.uasset" 6670
"../../../Engine/Content/EngineMaterials/Substrate/Glints2/dict_0000_0016.uasset" 6671
"../../../Engine/Content/EngineMaterials/Substrate/Glints2/dict_0000_0022.uasset" 6672
"../../../Engine/Content/EngineMaterials/Substrate/Glints2/dict_0000_0019.uasset" 6673
"../../../Engine/Content/EngineMaterials/Substrate/Glints2/dict_0000_0021.uasset" 6674
"/Engine/EngineMaterials/Substrate/Glints2/dict_0000_0013" 6675
"../../../Engine/Content/EngineMaterials/Substrate/Glints2/dict_0000_0023.uasset" 6676
"../../../Engine/Content/EngineMaterials/Substrate/Glints2/dict_0000_0027.uasset" 6677
"../../../Engine/Content/EngineMaterials/Substrate/Glints2/dict_0000_0024.uasset" 6678
"/Engine/EngineMaterials/Substrate/Glints2/dict_0000_0022" 6679
"/Engine/EngineMaterials/Substrate/Glints2/dict_0000_0021" 6680
"/Engine/EngineMaterials/Substrate/Glints2/dict_0000_0019" 6681
"/Engine/EngineMaterials/Substrate/Glints2/dict_0000_0018" 6682
"../../../Engine/Content/EngineMaterials/Substrate/Glints2/dict_0000_0020.uasset" 6683
"/Engine/EngineMaterials/Substrate/Glints2/dict_0000_0016" 6684
"/Engine/EngineMaterials/Substrate/Glints2/dict_0000_0015" 6685
"/Engine/EngineMaterials/Substrate/Glints2/dict_0000_0023" 6686
"/Engine/EngineMaterials/Substrate/Glints2/dict_0000_0020" 6687
"/Engine/EngineMaterials/Substrate/Glints2/dict_0000_0027" 6688
"/Engine/EngineMaterials/Substrate/Glints2/dict_0000_0024" 6689
"../../../Engine/Content/EngineMaterials/Substrate/Glints2/dict_0000_0025.uasset" 6690
"../../../Engine/Content/EngineMaterials/Substrate/Glints2/dict_0000_0026.uasset" 6691
"../../../Engine/Content/EngineMaterials/Substrate/Glints2/dict_0000_0030.uasset" 6692
"../../../Engine/Content/EngineMaterials/Substrate/Glints2/dict_0000_0028.uasset" 6693
"../../../Engine/Content/EngineMaterials/Substrate/Glints2/dict_0000_0029.uasset" 6694
"../../../Engine/Content/EngineMaterials/Substrate/Glints2/dict_0000_0034.uasset" 6695
"../../../Engine/Content/EngineMaterials/Substrate/Glints2/dict_0000_0032.uasset" 6696
"../../../Engine/Content/EngineMaterials/Substrate/Glints2/dict_0000_0031.uasset" 6697
"../../../Engine/Content/EngineMaterials/Substrate/Glints2/dict_0000_0044.uasset" 6698
"../../../Engine/Content/EngineMaterials/Substrate/Glints2/dict_0000_0033.uasset" 6699
"../../../Engine/Content/EngineMaterials/Substrate/Glints2/dict_0000_0043.uasset" 6700
"/Engine/EngineMaterials/Substrate/Glints2/dict_0000_0032" 6701
"/Engine/EngineMaterials/Substrate/Glints2/dict_0000_0031" 6702
"/Engine/EngineMaterials/Substrate/Glints2/dict_0000_0030" 6703
"/Engine/EngineMaterials/Substrate/Glints2/dict_0000_0029" 6704
"/Engine/EngineMaterials/Substrate/Glints2/dict_0000_0028" 6705
"/Engine/EngineMaterials/Substrate/Glints2/dict_0000_0044" 6706
"/Engine/EngineMaterials/Substrate/Glints2/dict_0000_0026" 6707
"/Engine/EngineMaterials/Substrate/Glints2/dict_0000_0034" 6708
"/Engine/EngineMaterials/Substrate/Glints2/dict_0000_0025" 6709
"/Engine/EngineMaterials/Substrate/Glints2/dict_0000_0033" 6710
"/Engine/EngineMaterials/Substrate/Glints2/dict_0000_0043" 6711
"../../../Engine/Content/EngineMaterials/Substrate/Glints2/dict_0000_0039.uasset" 6712
"../../../Engine/Content/EngineMaterials/Substrate/Glints2/dict_0000_0037.uasset" 6713
"../../../Engine/Content/EngineMaterials/Substrate/Glints2/dict_0000_0035.uasset" 6714
"../../../Engine/Content/EngineMaterials/Substrate/Glints2/dict_0000_0036.uasset" 6715
"../../../Engine/Content/EngineMaterials/Substrate/Glints2/dict_0000_0040.uasset" 6716
"../../../Engine/Content/EngineMaterials/Substrate/Glints2/dict_0000_0041.uasset" 6717
"../../../Engine/Content/EngineMaterials/Substrate/Glints2/dict_0000_0046.uasset" 6718
"../../../Engine/Content/EngineMaterials/Substrate/Glints2/dict_0000_0038.uasset" 6719
"../../../Engine/Content/EngineMaterials/Substrate/Glints2/dict_0000_0042.uasset" 6720
"../../../Engine/Content/EngineMaterials/Substrate/Glints2/dict_0000_0045.uasset" 6721
"/Engine/EngineMaterials/Substrate/Glints2/dict_0000_0046" 6722
"../../../Engine/Content/EngineMaterials/Substrate/Glints2/dict_0000_0053.uasset" 6723
"../../../Engine/Content/EngineMaterials/Substrate/Glints2/dict_0000_0050.uasset" 6724
"../../../Engine/Content/EngineMaterials/Substrate/Glints2/dict_0000_0048.uasset" 6725
"/Engine/EngineMaterials/Substrate/Glints2/dict_0000_0042" 6726
"/Engine/EngineMaterials/Substrate/Glints2/dict_0000_0041" 6727
"/Engine/EngineMaterials/Substrate/Glints2/dict_0000_0040" 6728
"/Engine/EngineMaterials/Substrate/Glints2/dict_0000_0045" 6729
"/Engine/EngineMaterials/Substrate/Glints2/dict_0000_0039" 6730
"/Engine/EngineMaterials/Substrate/Glints2/dict_0000_0038" 6731
"/Engine/EngineMaterials/Substrate/Glints2/dict_0000_0037" 6732
"/Engine/EngineMaterials/Substrate/Glints2/dict_0000_0036" 6733
"/Engine/EngineMaterials/Substrate/Glints2/dict_0000_0035" 6734
"/Engine/EngineMaterials/Substrate/Glints2/dict_0000_0053" 6735
"/Engine/EngineMaterials/Substrate/Glints2/dict_0000_0050" 6736
"/Engine/EngineMaterials/Substrate/Glints2/dict_0000_0048" 6737
"../../../Engine/Content/EngineMaterials/Substrate/Glints2/dict_0000_0047.uasset" 6738
"../../../Engine/Content/EngineMaterials/Substrate/Glints2/dict_0000_0051.uasset" 6739
"../../../Engine/Content/EngineMaterials/Substrate/Glints2/dict_0000_0052.uasset" 6740
"../../../Engine/Content/EngineMaterials/Substrate/Glints2/dict_0000_0055.uasset" 6741
"../../../Engine/Content/EngineMaterials/Substrate/Glints2/dict_0000_0054.uasset" 6742
"../../../Engine/Content/EngineMaterials/Substrate/Glints2/dict_0000_0049.uasset" 6743
"../../../Engine/Content/EngineMaterials/Substrate/Glints2/dict_0000_0058.uasset" 6744
"/Engine/EngineMaterials/Substrate/Glints2/dict_0000_0055" 6745
"../../../Engine/Content/EngineMaterials/Substrate/Glints2/dict_0000_0061.uasset" 6746
"../../../Engine/Content/EngineMaterials/Substrate/Glints2/dict_0000_0057.uasset" 6747
"../../../Engine/Content/EngineMaterials/Substrate/Glints2/dict_0000_0056.uasset" 6748
"/Engine/EngineMaterials/Substrate/Glints2/dict_0000_0054" 6749
"../../../Engine/Content/EngineMaterials/Substrate/Glints2/dict_0000_0060.uasset" 6750
"/Engine/EngineMaterials/Substrate/Glints2/dict_0000_0052" 6751
"/Engine/EngineMaterials/Substrate/Glints2/dict_0000_0051" 6752
"/Engine/EngineMaterials/Substrate/Glints2/dict_0000_0049" 6753
"/Engine/EngineMaterials/Substrate/Glints2/dict_0000_0047" 6754
"/Engine/EngineMaterials/Substrate/Glints2/dict_0000_0058" 6755
"../../../Engine/Content/EngineMaterials/Substrate/Glints2/dict_0000_0059.uasset" 6756
"/Engine/EngineMaterials/Substrate/Glints2/dict_0000_0057" 6757
"/Engine/EngineMaterials/Substrate/Glints2/dict_0000_0061" 6758
"/Engine/EngineMaterials/Substrate/Glints2/dict_0000_0060" 6759
"/Engine/EngineMaterials/Substrate/Glints2/dict_0000_0056" 6760
"/Engine/EngineMaterials/Substrate/Glints2/dict_0000_0059" 6761
"../../../Engine/Content/EngineMaterials/Substrate/Glints2/dict_0000_0063.uasset" 6762
"../../../Engine/Content/EngineMaterials/Substrate/Glints2/dict_0000_0062.uasset" 6763
"../../../Engine/Content/EngineMaterials/Substrate/Glints2/dict_0000_0072.uasset" 6764
"../../../Engine/Content/EngineMaterials/Substrate/Glints2/dict_0000_0065.uasset" 6765
"../../../Engine/Content/EngineMaterials/Substrate/Glints2/dict_0000_0064.uasset" 6766
"/Engine/EngineMaterials/Substrate/Glints2/dict_0000_0065" 6767
"/Engine/EngineMaterials/Substrate/Glints2/dict_0000_0064" 6768
"/Engine/EngineMaterials/Substrate/Glints2/dict_0000_0063" 6769
"../../../Engine/Content/EngineMaterials/Substrate/Glints2/dict_0000_0067.uasset" 6770
"/Engine/EngineMaterials/Substrate/Glints2/dict_0000_0062" 6771
"/Engine/EngineMaterials/Substrate/Glints2/dict_0000_0072" 6772
"/Engine/EngineMaterials/Substrate/Glints2/dict_0000_0067" 6773
"../../../Engine/Content/EngineMaterials/Substrate/Glints2/dict_0000_0069.uasset" 6774
"../../../Engine/Content/EngineMaterials/Substrate/Glints2/dict_0000_0068.uasset" 6775
"../../../Engine/Content/EngineMaterials/Substrate/Glints2/dict_0000_0071.uasset" 6776
"../../../Engine/Content/EngineMaterials/Substrate/Glints2/dict_0000_0074.uasset" 6777
"../../../Engine/Content/EngineMaterials/Substrate/Glints2/dict_0000_0073.uasset" 6778
"../../../Engine/Content/EngineMaterials/Substrate/Glints2/dict_0000_0070.uasset" 6779
"../../../Engine/Content/EngineMaterials/Substrate/Glints2/dict_0000_0075.uasset" 6780
"../../../Engine/Content/EngineMaterials/Substrate/Glints2/dict_0000_0079.uasset" 6781
"../../../Engine/Content/EngineMaterials/Substrate/Glints2/dict_0000_0080.uasset" 6782
"/Engine/EngineMaterials/Substrate/Glints2/dict_0000_0070" 6783
"../../../Engine/Content/EngineMaterials/Substrate/Glints2/dict_0000_0076.uasset" 6784
"/Engine/EngineMaterials/Substrate/Glints2/dict_0000_0075" 6785
"/Engine/EngineMaterials/Substrate/Glints2/dict_0000_0074" 6786
"/Engine/EngineMaterials/Substrate/Glints2/dict_0000_0069" 6787
"/Engine/EngineMaterials/Substrate/Glints2/dict_0000_0073" 6788
"/Engine/EngineMaterials/Substrate/Glints2/dict_0000_0068" 6789
"/Engine/EngineMaterials/Substrate/Glints2/dict_0000_0080" 6790
"/Engine/EngineMaterials/Substrate/Glints2/dict_0000_0079" 6791
"/Engine/EngineMaterials/Substrate/Glints2/dict_0000_0071" 6792
"/Engine/EngineMaterials/Substrate/Glints2/dict_0000_0076" 6793
"../../../Engine/Content/EngineMaterials/Substrate/Glints2/dict_0000_0084.uasset" 6794
"../../../Engine/Content/EngineMaterials/Substrate/Glints2/dict_0000_0086.uasset" 6795
"../../../Engine/Content/EngineMaterials/Substrate/Glints2/dict_0000_0081.uasset" 6796
"../../../Engine/Content/EngineMaterials/Substrate/Glints2/dict_0000_0085.uasset" 6797
"../../../Engine/Content/EngineMaterials/Substrate/Glints2/dict_0000_0087.uasset" 6798
"../../../Engine/Content/EngineMaterials/Substrate/Glints2/dict_0000_0083.uasset" 6799
"../../../Engine/Content/EngineMaterials/Substrate/Glints2/dict_0000_0082.uasset" 6800
"/Engine/EngineMaterials/Substrate/Glints2/dict_0000_0087" 6801
"../../../Engine/Content/EngineMaterials/Substrate/Glints2/dict_0000_0088.uasset" 6802
"/Engine/EngineMaterials/Substrate/Glints2/dict_0000_0086" 6803
"/Engine/EngineMaterials/Substrate/Glints2/dict_0000_0082" 6804
"/Engine/EngineMaterials/Substrate/Glints2/dict_0000_0085" 6805
"/Engine/EngineMaterials/Substrate/Glints2/dict_0000_0084" 6806
"/Engine/EngineMaterials/Substrate/Glints2/dict_0000_0081" 6807
"/Engine/EngineMaterials/Substrate/Glints2/dict_0000_0083" 6808
"/Engine/EngineMaterials/Substrate/Glints2/dict_0000_0088" 6809
"../../../Engine/Content/EngineMaterials/Substrate/Glints2/dict_0000_0091.uasset" 6810
"/Engine/EngineMaterials/Substrate/Glints2/dict_0000_0091" 6811
"../../../Engine/Content/EngineMaterials/Substrate/Glints2/dict_0000_0090.uasset" 6812
"../../../Engine/Content/EngineMaterials/Substrate/Glints2/dict_0000_0089.uasset" 6813
"../../../Engine/Content/EngineMaterials/Substrate/Glints2/dict_0000_0093.uasset" 6814
"../../../Engine/Content/EngineMaterials/Substrate/Glints2/dict_0000_0092.uasset" 6815
"../../../Engine/Content/EngineMaterials/Substrate/Glints2/dict_0000_0094.uasset" 6816
"../../../Engine/Content/EngineMaterials/Substrate/Glints2/dict_0000_0095.uasset" 6817
"../../../Engine/Content/EngineMaterials/Substrate/Glints2/dict_0000_0096.uasset" 6818
"../../../Engine/Content/EngineMaterials/Substrate/Glints2/dict_0000_0097.uasset" 6819
"../../../Engine/Content/EngineMaterials/Substrate/Glints2/dict_0000_0098.uasset" 6820
"/Engine/EngineMaterials/Substrate/Glints2/dict_0000_0098" 6821
"../../../Engine/Content/EngineMaterials/Substrate/Glints2/dict_0000_0099.uasset" 6822
"/Engine/EngineMaterials/Substrate/Glints2/dict_0000_0097" 6823
"../../../Engine/Content/EngineMaterials/Substrate/Glints2/dict_0000_0100.uasset" 6824
"/Engine/EngineMaterials/Substrate/Glints2/dict_0000_0096" 6825
"/Engine/EngineMaterials/Substrate/Glints2/dict_0000_0095" 6826
"../../../Engine/Content/EngineMaterials/Substrate/GLints/dict_16_192_64_0p5_0p02_0052_0007.uasset" 6827
"/Engine/EngineMaterials/Substrate/Glints2/dict_0000_0094" 6828
"/Engine/EngineMaterials/Substrate/Glints2/dict_0000_0093" 6829
"/Engine/EngineMaterials/Substrate/Glints2/dict_0000_0092" 6830
"/Engine/EngineMaterials/Substrate/Glints2/dict_0000_0090" 6831
"/Engine/EngineMaterials/Substrate/Glints2/dict_0000_0089" 6832
"/Engine/EngineMaterials/Substrate/Glints2/dict_0000_0100" 6833
"/Engine/EngineMaterials/Substrate/Glints2/dict_0000_0099" 6834
"/Engine/EngineMaterials/Substrate/GLints/dict_16_192_64_0p5_0p02_0052_0007" 6835
"../../../Engine/Content/EngineMaterials/Substrate/Glints2/dict_0000_0106.uasset" 6836
"../../../Engine/Content/EngineMaterials/Substrate/Glints2/dict_0000_0102.uasset" 6837
"../../../Engine/Content/EngineMaterials/Substrate/Glints2/dict_0000_0101.uasset" 6838
"/Engine/EngineMaterials/Substrate/Glints2/dict_0000_0106" 6839
"/Engine/EngineMaterials/Substrate/Glints2/dict_0000_0102" 6840
"/Engine/EngineMaterials/Substrate/Glints2/dict_0000_0101" 6841
"../../../Engine/Content/EngineMaterials/Substrate/GLints/dict_16_192_64_0p5_0p02_0057_0006.uasset" 6842
"../../../Engine/Content/EngineMaterials/Substrate/Glints2/dict_0000_0105.uasset" 6843
"../../../Engine/Content/EngineMaterials/Substrate/Glints2/dict_0000_0107.uasset" 6844
"../../../Engine/Content/EngineMaterials/Substrate/Glints2/dict_0000_0104.uasset" 6845
"../../../Engine/Content/EngineMaterials/Substrate/Glints2/dict_0000_0109.uasset" 6846
"../../../Engine/Content/EngineMaterials/Substrate/Glints2/dict_0000_0103.uasset" 6847
"../../../Engine/Content/EngineMaterials/Substrate/Glints2/dict_0000_0111.uasset" 6848
"/Engine/EngineMaterials/Substrate/Glints2/dict_0000_0105" 6849
"/Engine/EngineMaterials/Substrate/Glints2/dict_0000_0104" 6850
"/Engine/EngineMaterials/Substrate/Glints2/dict_0000_0103" 6851
"/Engine/EngineMaterials/Substrate/Glints2/dict_0000_0111" 6852
"../../../Engine/Content/EngineMaterials/Substrate/Glints2/dict_0000_0110.uasset" 6853
"/Engine/EngineMaterials/Substrate/Glints2/dict_0000_0107" 6854
"/Engine/EngineMaterials/Substrate/GLints/dict_16_192_64_0p5_0p02_0057_0006" 6855
"/Engine/EngineMaterials/Substrate/Glints2/dict_0000_0109" 6856
"/Engine/EngineMaterials/Substrate/Glints2/dict_0000_0110" 6857
"../../../Engine/Content/EngineMaterials/Substrate/Glints2/dict_0000_0108.uasset" 6858
"../../../Engine/Content/EngineMaterials/Substrate/Glints2/dict_0000_0113.uasset" 6859
"../../../Engine/Content/EngineMaterials/Substrate/Glints2/dict_0000_0116.uasset" 6860
"../../../Engine/Content/EngineMaterials/Substrate/Glints2/dict_0000_0115.uasset" 6861
"../../../Engine/Content/EngineMaterials/Substrate/Glints2/dict_0000_0117.uasset" 6862
"../../../Engine/Content/EngineMaterials/Substrate/Glints2/dict_0000_0112.uasset" 6863
"../../../Engine/Content/EngineMaterials/Substrate/Glints2/dict_0000_0121.uasset" 6864
"../../../Engine/Content/EngineMaterials/Substrate/Glints2/dict_0000_0118.uasset" 6865
"../../../Engine/Content/EngineMaterials/Substrate/Glints2/dict_0000_0123.uasset" 6866
"../../../Engine/Content/EngineMaterials/Substrate/Glints2/dict_0000_0126.uasset" 6867
"/Engine/EngineMaterials/Substrate/Glints2/dict_0000_0116" 6868
"/Engine/EngineMaterials/Substrate/Glints2/dict_0000_0115" 6869
"/Engine/EngineMaterials/Substrate/Glints2/dict_0000_0121" 6870
"../../../Engine/Content/EngineMaterials/Substrate/Glints2/dict_0000_0120.uasset" 6871
"/Engine/EngineMaterials/Substrate/Glints2/dict_0000_0113" 6872
"/Engine/EngineMaterials/Substrate/Glints2/dict_0000_0112" 6873
"/Engine/EngineMaterials/Substrate/Glints2/dict_0000_0126" 6874
"../../../Engine/Content/EngineMaterials/Substrate/Glints2/dict_0000_0119.uasset" 6875
"/Engine/EngineMaterials/Substrate/Glints2/dict_0000_0118" 6876
"../../../Engine/Content/EngineMaterials/Substrate/Glints2/dict_0000_0125.uasset" 6877
"/Engine/EngineMaterials/Substrate/Glints2/dict_0000_0123" 6878
"../../../Engine/Content/EngineMaterials/Substrate/Glints2/dict_0000_0124.uasset" 6879
"/Engine/EngineMaterials/Substrate/Glints2/dict_0000_0108" 6880
"/Engine/EngineMaterials/Substrate/Glints2/dict_0000_0117" 6881
"/Engine/EngineMaterials/Substrate/Glints2/dict_0000_0120" 6882
"/Engine/EngineMaterials/Substrate/Glints2/dict_0000_0119" 6883
"/Engine/EngineMaterials/Substrate/Glints2/dict_0000_0125" 6884
"../../../Engine/Content/EngineMaterials/Substrate/Glints2/dict_0000_0129.uasset" 6885
"../../../Engine/Content/EngineMaterials/Substrate/Glints2/dict_0000_0122.uasset" 6886
"/Engine/EngineMaterials/Substrate/Glints2/dict_0000_0124" 6887
"/Engine/EngineMaterials/Substrate/Glints2/dict_0000_0122" 6888
"/Engine/EngineMaterials/Substrate/Glints2/dict_0000_0129" 6889
"../../../Engine/Content/EngineMaterials/Substrate/Glints2/dict_0000_0127.uasset" 6890
"../../../Engine/Content/EngineMaterials/Substrate/Glints2/dict_0000_0128.uasset" 6891
"../../../Engine/Content/EngineMaterials/Substrate/Glints2/dict_0000_0130.uasset" 6892
"../../../Engine/Content/EngineMaterials/Substrate/Glints2/dict_0000_0077.uasset" 6893
"../../../Engine/Content/EngineMaterials/Substrate/Glints2/dict_0000_0133.uasset" 6894
"../../../Engine/Content/EngineMaterials/Substrate/Glints2/dict_0000_0134.uasset" 6895
"/Engine/EngineMaterials/Substrate/Glints2/dict_0000_0077" 6896
"/Engine/EngineMaterials/Substrate/Glints2/dict_0000_0128" 6897
"/Engine/EngineMaterials/Substrate/Glints2/dict_0000_0127" 6898
"/Engine/EngineMaterials/Substrate/Glints2/dict_0000_0130" 6899
"/Engine/EngineMaterials/Substrate/Glints2/dict_0000_0134" 6900
"/Engine/EngineMaterials/Substrate/Glints2/dict_0000_0133" 6901
"../../../Engine/Content/EngineMaterials/Substrate/Glints2/dict_0000_0139.uasset" 6902
"../../../Engine/Content/EngineMaterials/Substrate/Glints2/dict_0000_0135.uasset" 6903
"../../../Engine/Content/EngineMaterials/Substrate/Glints2/dict_0000_0138.uasset" 6904
"../../../Engine/Content/EngineMaterials/Substrate/Glints2/dict_0000_0132.uasset" 6905
"../../../Engine/Content/EngineMaterials/Substrate/Glints2/dict_0000_0140.uasset" 6906
"../../../Engine/Content/EngineMaterials/Substrate/Glints2/dict_0000_0136.uasset" 6907
"../../../Engine/Content/EngineMaterials/Substrate/Glints2/dict_0000_0137.uasset" 6908
"../../../Engine/Content/EngineMaterials/Substrate/Glints2/dict_0000_0131.uasset" 6909
"/Engine/EngineMaterials/Substrate/Glints2/dict_0000_0140" 6910
"/Engine/EngineMaterials/Substrate/Glints2/dict_0000_0139" 6911
"/Engine/EngineMaterials/Substrate/Glints2/dict_0000_0138" 6912
"/Engine/EngineMaterials/Substrate/Glints2/dict_0000_0137" 6913
"/Engine/EngineMaterials/Substrate/Glints2/dict_0000_0136" 6914
"/Engine/EngineMaterials/Substrate/Glints2/dict_0000_0135" 6915
"/Engine/EngineMaterials/Substrate/Glints2/dict_0000_0132" 6916
"/Engine/EngineMaterials/Substrate/Glints2/dict_0000_0131" 6917
"../../../Engine/Content/EngineMaterials/Substrate/Glints2/dict_0000_0147.uasset" 6918
"../../../Engine/Content/EngineMaterials/Substrate/Glints2/dict_0000_0145.uasset" 6919
"../../../Engine/Content/EngineMaterials/Substrate/Glints2/dict_0000_0143.uasset" 6920
"../../../Engine/Content/EngineMaterials/Substrate/Glints2/dict_0000_0144.uasset" 6921
"../../../Engine/Content/EngineMaterials/Substrate/Glints2/dict_0000_0150.uasset" 6922
"../../../Engine/Content/EngineMaterials/Substrate/Glints2/dict_0000_0142.uasset" 6923
"../../../Engine/Content/EngineMaterials/Substrate/Glints2/dict_0000_0146.uasset" 6924
"../../../Engine/Content/EngineMaterials/Substrate/Glints2/dict_0000_0148.uasset" 6925
"../../../Engine/Content/EngineMaterials/Substrate/Glints2/dict_0000_0151.uasset" 6926
"../../../Engine/Content/EngineMaterials/Substrate/Glints2/dict_0000_0149.uasset" 6927
"/Engine/EngineMaterials/Substrate/Glints2/dict_0000_0146" 6928
"/Engine/EngineMaterials/Substrate/Glints2/dict_0000_0145" 6929
"/Engine/EngineMaterials/Substrate/Glints2/dict_0000_0151" 6930
"/Engine/EngineMaterials/Substrate/Glints2/dict_0000_0150" 6931
"/Engine/EngineMaterials/Substrate/Glints2/dict_0000_0144" 6932
"/Engine/EngineMaterials/Substrate/Glints2/dict_0000_0143" 6933
"/Engine/EngineMaterials/Substrate/Glints2/dict_0000_0149" 6934
"../../../Engine/Content/EngineMaterials/Substrate/Glints2/dict_0000_0152.uasset" 6935
"/Engine/EngineMaterials/Substrate/Glints2/dict_0000_0142" 6936
"../../../Engine/Content/EngineMaterials/Substrate/Glints2/dict_0000_0153.uasset" 6937
"/Engine/EngineMaterials/Substrate/Glints2/dict_0000_0148" 6938
"/Engine/EngineMaterials/Substrate/Glints2/dict_0000_0147" 6939
"/Engine/EngineMaterials/Substrate/Glints2/dict_0000_0152" 6940
"/Engine/EngineMaterials/Substrate/Glints2/dict_0000_0153" 6941
"../../../Engine/Content/EngineMaterials/Substrate/Glints2/dict_0000_0157.uasset" 6942
"../../../Engine/Content/EngineMaterials/Substrate/Glints2/dict_0000_0160.uasset" 6943
"../../../Engine/Content/EngineMaterials/Substrate/Glints2/dict_0000_0155.uasset" 6944
"../../../Engine/Content/EngineMaterials/Substrate/Glints2/dict_0000_0154.uasset" 6945
"../../../Engine/Content/EngineMaterials/Substrate/Glints2/dict_0000_0159.uasset" 6946
"../../../Engine/Content/EngineMaterials/Substrate/Glints2/dict_0000_0156.uasset" 6947
"../../../Engine/Content/EngineMaterials/Substrate/Glints2/dict_0000_0164.uasset" 6948
"../../../Engine/Content/EngineMaterials/Substrate/Glints2/dict_0000_0158.uasset" 6949
"../../../Engine/Content/EngineMaterials/Substrate/Glints2/dict_0000_0167.uasset" 6950
"/Engine/EngineMaterials/Substrate/Glints2/dict_0000_0160" 6951
"/Engine/EngineMaterials/Substrate/Glints2/dict_0000_0167" 6952
"/Engine/EngineMaterials/Substrate/Glints2/dict_0000_0159" 6953
"/Engine/EngineMaterials/Substrate/Glints2/dict_0000_0158" 6954
"/Engine/EngineMaterials/Substrate/Glints2/dict_0000_0157" 6955
"/Engine/EngineMaterials/Substrate/Glints2/dict_0000_0156" 6956
"../../../Engine/Content/EngineMaterials/Substrate/Glints2/dict_0000_0163.uasset" 6957
"/Engine/EngineMaterials/Substrate/Glints2/dict_0000_0155" 6958
"../../../Engine/Content/EngineMaterials/Substrate/Glints2/dict_0000_0166.uasset" 6959
"/Engine/EngineMaterials/Substrate/Glints2/dict_0000_0164" 6960
"/Engine/EngineMaterials/Substrate/Glints2/dict_0000_0154" 6961
"../../../Engine/Content/EngineMaterials/Substrate/Glints2/dict_0000_0162.uasset" 6962
"/Engine/EngineMaterials/Substrate/Glints2/dict_0000_0166" 6963
"/Engine/EngineMaterials/Substrate/Glints2/dict_0000_0163" 6964
"../../../Engine/Content/EngineMaterials/Substrate/Glints2/dict_0000_0168.uasset" 6965
"/Engine/EngineMaterials/Substrate/Glints2/dict_0000_0162" 6966
"/Engine/EngineMaterials/Substrate/Glints2/dict_0000_0168" 6967
"../../../Engine/Content/EngineMaterials/Substrate/Glints2/dict_0000_0078.uasset" 6968
"../../../Engine/Content/EngineMaterials/Substrate/Glints2/dict_0000_0161.uasset" 6969
"../../../Engine/Content/EngineMaterials/Substrate/Glints2/dict_0000_0170.uasset" 6970
"../../../Engine/Content/EngineMaterials/Substrate/Glints2/dict_0000_0171.uasset" 6971
"../../../Engine/Content/EngineMaterials/Substrate/GLints/dict_16_192_64_0p5_0p02_0044_0007.uasset" 6972
"../../../Engine/Content/EngineMaterials/Substrate/Glints2/dict_0000_0165.uasset" 6973
"../../../Engine/Content/EngineMaterials/Substrate/Glints2/dict_0000_0175.uasset" 6974
"../../../Engine/Content/EngineMaterials/Substrate/Glints2/dict_0000_0173.uasset" 6975
"../../../Engine/Content/EngineMaterials/Substrate/Glints2/dict_0000_0169.uasset" 6976
"/Engine/EngineMaterials/Substrate/Glints2/dict_0000_0170" 6977
"/Engine/EngineMaterials/Substrate/Glints2/dict_0000_0169" 6978
"/Engine/EngineMaterials/Substrate/Glints2/dict_0000_0165" 6979
"/Engine/EngineMaterials/Substrate/Glints2/dict_0000_0175" 6980
"../../../Engine/Content/EngineMaterials/Substrate/Glints2/dict_0000_0180.uasset" 6981
"/Engine/EngineMaterials/Substrate/GLints/dict_16_192_64_0p5_0p02_0044_0007" 6982
"/Engine/EngineMaterials/Substrate/Glints2/dict_0000_0161" 6983
"/Engine/EngineMaterials/Substrate/Glints2/dict_0000_0078" 6984
"../../../Engine/Content/EngineMaterials/Substrate/Glints2/dict_0000_0176.uasset" 6985
"/Engine/EngineMaterials/Substrate/Glints2/dict_0000_0173" 6986
"/Engine/EngineMaterials/Substrate/Glints2/dict_0000_0171" 6987
"/Engine/EngineMaterials/Substrate/Glints2/dict_0000_0180" 6988
"/Engine/EngineMaterials/Substrate/Glints2/dict_0000_0176" 6989
"../../../Engine/Content/EngineMaterials/Substrate/Glints2/dict_0000_0172.uasset" 6990
"../../../Engine/Content/EngineMaterials/Substrate/Glints2/dict_0000_0174.uasset" 6991
"../../../Engine/Content/EngineMaterials/Substrate/Glints2/dict_0000_0179.uasset" 6992
"../../../Engine/Content/EngineMaterials/Substrate/Glints2/dict_0000_0182.uasset" 6993
"../../../Engine/Content/EngineMaterials/Substrate/Glints2/dict_0000_0184.uasset" 6994
"../../../Engine/Content/EngineMaterials/Substrate/Glints2/dict_0000_0185.uasset" 6995
"../../../Engine/Content/EngineMaterials/Substrate/Glints2/dict_0000_0189.uasset" 6996
"../../../Engine/Content/EngineMaterials/Substrate/Glints2/dict_0000_0190.uasset" 6997
"../../../Engine/Content/EngineMaterials/Substrate/Glints2/dict_0000_0183.uasset" 6998
"../../../Engine/Content/EngineMaterials/Substrate/Glints2/dict_0000_0177.uasset" 6999
"/Engine/EngineMaterials/Substrate/Glints2/dict_0000_0172" 7000
"/Engine/EngineMaterials/Substrate/Glints2/dict_0000_0185" 7001
"/Engine/EngineMaterials/Substrate/Glints2/dict_0000_0179" 7002
"/Engine/EngineMaterials/Substrate/Glints2/dict_0000_0184" 7003
"../../../Engine/Content/EngineMaterials/Substrate/Glints2/dict_0000_0193.uasset" 7004
"../../../Engine/Content/EngineMaterials/Substrate/Glints2/dict_0000_0186.uasset" 7005
"../../../Engine/Content/EngineMaterials/Substrate/Glints2/dict_0000_0187.uasset" 7006
"/Engine/EngineMaterials/Substrate/Glints2/dict_0000_0177" 7007
"../../../Engine/Content/EngineMaterials/Substrate/Glints2/dict_0000_0195.uasset" 7008
"/Engine/EngineMaterials/Substrate/Glints2/dict_0000_0174" 7009
"/Engine/EngineMaterials/Substrate/Glints2/dict_0000_0183" 7010
"/Engine/EngineMaterials/Substrate/Glints2/dict_0000_0190" 7011
"../../../Engine/Content/EngineMaterials/Substrate/Glints2/dict_0000_0188.uasset" 7012
"../../../Engine/Content/EngineMaterials/Substrate/Glints2/dict_0000_0191.uasset" 7013
"/Engine/EngineMaterials/Substrate/Glints2/dict_0000_0182" 7014
"/Engine/EngineMaterials/Substrate/Glints2/dict_0000_0189" 7015
"../../../Engine/Content/EngineMaterials/Substrate/Glints2/dict_0000_0192.uasset" 7016
"../../../Engine/Content/EngineMaterials/Substrate/Glints2/dict_0000_0181.uasset" 7017
"/Engine/EngineMaterials/Substrate/Glints2/dict_0000_0193" 7018
"/Engine/EngineMaterials/Substrate/Glints2/dict_0000_0181" 7019
"/Engine/EngineMaterials/Substrate/Glints2/dict_0000_0192" 7020
"/Engine/EngineMaterials/Substrate/Glints2/dict_0000_0195" 7021
"/Engine/EngineMaterials/Substrate/Glints2/dict_0000_0191" 7022
"/Engine/EngineMaterials/Substrate/Glints2/dict_0000_0188" 7023
"/Engine/EngineMaterials/Substrate/Glints2/dict_0000_0187" 7024
"/Engine/EngineMaterials/Substrate/Glints2/dict_0000_0186" 7025
"../../../Engine/Content/EngineMaterials/Substrate/Glints2/dict_0000_0196.uasset" 7026
"../../../Engine/Content/EngineMaterials/Substrate/Glints2/dict_0000_0194.uasset" 7027
"../../../Engine/Content/EngineMaterials/Substrate/Glints2/dict_0000_0197.uasset" 7028
"../../../Engine/Content/EngineMaterials/Substrate/GLints/dict_16_192_64_0p5_0p02_0048_0000.uasset" 7029
"../../../Engine/Content/EngineMaterials/Substrate/Glints2/dict_0000_0207.uasset" 7030
"../../../Engine/Content/EngineMaterials/Substrate/Glints2/dict_0000_0204.uasset" 7031
"../../../Engine/Content/EngineMaterials/Substrate/Glints2/dict_0000_0206.uasset" 7032
"../../../Engine/Content/EngineMaterials/Substrate/Glints2/dict_0000_0198.uasset" 7033
"../../../Engine/Content/EngineMaterials/Substrate/Glints2/dict_0000_0203.uasset" 7034
"/Engine/EngineMaterials/Substrate/Glints2/dict_0000_0194" 7035
"/Engine/EngineMaterials/Substrate/Glints2/dict_0000_0206" 7036
"/Engine/EngineMaterials/Substrate/GLints/dict_16_192_64_0p5_0p02_0048_0000" 7037
"/Engine/EngineMaterials/Substrate/Glints2/dict_0000_0196" 7038
"/Engine/EngineMaterials/Substrate/Glints2/dict_0000_0204" 7039
"../../../Engine/Content/EngineMaterials/Substrate/Glints2/dict_0000_0202.uasset" 7040
"../../../Engine/Content/EngineMaterials/Substrate/Glints2/dict_0000_0199.uasset" 7041
"/Engine/EngineMaterials/Substrate/Glints2/dict_0000_0203" 7042
"/Engine/EngineMaterials/Substrate/Glints2/dict_0000_0198" 7043
"/Engine/EngineMaterials/Substrate/Glints2/dict_0000_0197" 7044
"/Engine/EngineMaterials/Substrate/Glints2/dict_0000_0207" 7045
"/Engine/EngineMaterials/Substrate/Glints2/dict_0000_0202" 7046
"/Engine/EngineMaterials/Substrate/Glints2/dict_0000_0199" 7047
"../../../Engine/Content/EngineMaterials/Substrate/Glints2/dict_0000_0201.uasset" 7048
"../../../Engine/Content/EngineMaterials/Substrate/Glints2/dict_0000_0200.uasset" 7049
"../../../Engine/Content/EngineMaterials/Substrate/Glints2/dict_0000_0205.uasset" 7050
"../../../Engine/Content/EngineMaterials/Substrate/Glints2/dict_0000_0208.uasset" 7051
"../../../Engine/Content/EngineMaterials/Substrate/Glints2/dict_0000_0211.uasset" 7052
"../../../Engine/Content/EngineMaterials/Substrate/Glints2/dict_0000_0212.uasset" 7053
"../../../Engine/Content/EngineMaterials/Substrate/Glints2/dict_0000_0215.uasset" 7054
"/Engine/EngineMaterials/Substrate/Glints2/dict_0000_0205" 7055
"/Engine/EngineMaterials/Substrate/Glints2/dict_0000_0212" 7056
"/Engine/EngineMaterials/Substrate/Glints2/dict_0000_0211" 7057
"/Engine/EngineMaterials/Substrate/Glints2/dict_0000_0201" 7058
"/Engine/EngineMaterials/Substrate/Glints2/dict_0000_0200" 7059
"/Engine/EngineMaterials/Substrate/Glints2/dict_0000_0208" 7060
"/Engine/EngineMaterials/Substrate/Glints2/dict_0000_0215" 7061
"../../../Engine/Content/EngineMaterials/Substrate/Glints2/dict_0000_0210.uasset" 7062
"../../../Engine/Content/EngineMaterials/Substrate/Glints2/dict_0000_0216.uasset" 7063
"../../../Engine/Content/EngineMaterials/Substrate/Glints2/dict_0000_0219.uasset" 7064
"../../../Engine/Content/EngineMaterials/Substrate/Glints2/dict_0000_0213.uasset" 7065
"../../../Engine/Content/EngineMaterials/Substrate/Glints2/dict_0000_0214.uasset" 7066
"../../../Engine/Content/EngineMaterials/Substrate/Glints2/dict_0000_0217.uasset" 7067
"../../../Engine/Content/EngineMaterials/Substrate/Glints2/dict_0000_0222.uasset" 7068
"../../../Engine/Content/EngineMaterials/Substrate/Glints2/dict_0000_0218.uasset" 7069
"../../../Engine/Content/EngineMaterials/Substrate/Glints2/dict_0000_0220.uasset" 7070
"../../../Engine/Content/EngineMaterials/Substrate/Glints2/dict_0000_0226.uasset" 7071
"../../../Engine/Content/EngineMaterials/Substrate/Glints2/dict_0000_0227.uasset" 7072
"../../../Engine/Content/EngineMaterials/Substrate/Glints2/dict_0000_0221.uasset" 7073
"../../../Engine/Content/EngineMaterials/Substrate/Glints2/dict_0000_0223.uasset" 7074
"../../../Engine/Content/EngineMaterials/Substrate/Glints2/dict_0000_0224.uasset" 7075
"../../../Engine/Content/EngineMaterials/Substrate/Glints2/dict_0000_0232.uasset" 7076
"/Engine/EngineMaterials/Substrate/Glints2/dict_0000_0223" 7077
"../../../Engine/Content/EngineMaterials/Substrate/Glints2/dict_0000_0225.uasset" 7078
"/Engine/EngineMaterials/Substrate/Glints2/dict_0000_0214" 7079
"/Engine/EngineMaterials/Substrate/Glints2/dict_0000_0222" 7080
"/Engine/EngineMaterials/Substrate/Glints2/dict_0000_0213" 7081
"/Engine/EngineMaterials/Substrate/Glints2/dict_0000_0221" 7082
"/Engine/EngineMaterials/Substrate/Glints2/dict_0000_0232" 7083
"../../../Engine/Content/EngineMaterials/Substrate/Glints2/dict_0000_0231.uasset" 7084
"../../../Engine/Content/EngineMaterials/Substrate/Glints2/dict_0000_0230.uasset" 7085
"/Engine/EngineMaterials/Substrate/Glints2/dict_0000_0220" 7086
"../../../Engine/Content/EngineMaterials/Substrate/Glints2/dict_0000_0228.uasset" 7087
"/Engine/EngineMaterials/Substrate/Glints2/dict_0000_0219" 7088
"/Engine/EngineMaterials/Substrate/Glints2/dict_0000_0218" 7089
"/Engine/EngineMaterials/Substrate/Glints2/dict_0000_0210" 7090
"/Engine/EngineMaterials/Substrate/Glints2/dict_0000_0224" 7091
"/Engine/EngineMaterials/Substrate/Glints2/dict_0000_0217" 7092
"/Engine/EngineMaterials/Substrate/Glints2/dict_0000_0216" 7093
"/Engine/EngineMaterials/Substrate/Glints2/dict_0000_0227" 7094
"/Engine/EngineMaterials/Substrate/Glints2/dict_0000_0226" 7095
"/Engine/EngineMaterials/Substrate/Glints2/dict_0000_0225" 7096
"/Engine/EngineMaterials/Substrate/Glints2/dict_0000_0231" 7097
"/Engine/EngineMaterials/Substrate/Glints2/dict_0000_0230" 7098
"/Engine/EngineMaterials/Substrate/Glints2/dict_0000_0228" 7099
"../../../Engine/Content/EngineMaterials/Substrate/Glints2/dict_0000_0229.uasset" 7100
"../../../Engine/Content/EngineMaterials/Substrate/Glints2/dict_0000_0233.uasset" 7101
"../../../Engine/Content/EngineMaterials/Substrate/Glints2/dict_0000_0243.uasset" 7102
"../../../Engine/Content/EngineMaterials/Substrate/Glints2/dict_0000_0238.uasset" 7103
"../../../Engine/Content/EngineMaterials/Substrate/Glints2/dict_0000_0240.uasset" 7104
"../../../Engine/Content/EngineMaterials/Substrate/Glints2/dict_0000_0236.uasset" 7105
"../../../Engine/Content/EngineMaterials/Substrate/Glints2/dict_0000_0235.uasset" 7106
"/Engine/EngineMaterials/Substrate/Glints2/dict_0000_0243" 7107
"../../../Engine/Content/EngineMaterials/Substrate/Glints2/dict_0000_0245.uasset" 7108
"../../../Engine/Content/EngineMaterials/Substrate/Glints2/dict_0000_0241.uasset" 7109
"/Engine/EngineMaterials/Substrate/Glints2/dict_0000_0240" 7110
"../../../Engine/Content/EngineMaterials/Substrate/Glints2/dict_0000_0242.uasset" 7111
"/Engine/EngineMaterials/Substrate/Glints2/dict_0000_0238" 7112
"../../../Engine/Content/EngineMaterials/Substrate/Glints2/dict_0000_0237.uasset" 7113
"/Engine/EngineMaterials/Substrate/Glints2/dict_0000_0229" 7114
"/Engine/EngineMaterials/Substrate/Glints2/dict_0000_0236" 7115
"/Engine/EngineMaterials/Substrate/Glints2/dict_0000_0235" 7116
"/Engine/EngineMaterials/Substrate/Glints2/dict_0000_0233" 7117
"/Engine/EngineMaterials/Substrate/Glints2/dict_0000_0245" 7118
"/Engine/EngineMaterials/Substrate/Glints2/dict_0000_0242" 7119
"../../../Engine/Content/EngineMaterials/Substrate/Glints2/dict_0000_0234.uasset" 7120
"/Engine/EngineMaterials/Substrate/Glints2/dict_0000_0241" 7121
"/Engine/EngineMaterials/Substrate/Glints2/dict_0000_0237" 7122
"/Engine/EngineMaterials/Substrate/Glints2/dict_0000_0234" 7123
"../../../Engine/Content/EngineMaterials/Substrate/Glints2/dict_0000_0239.uasset" 7124
"../../../Engine/Content/EngineMaterials/Substrate/Glints2/dict_0000_0253.uasset" 7125
"../../../Engine/Content/EngineMaterials/Substrate/Glints2/dict_0000_0251.uasset" 7126
"../../../Engine/Content/EngineMaterials/Substrate/Glints2/dict_0000_0244.uasset" 7127
"../../../Engine/Content/EngineMaterials/Substrate/Glints2/dict_0000_0255.uasset" 7128
"../../../Engine/Content/EngineMaterials/Substrate/Glints2/dict_0000_0247.uasset" 7129
"/Engine/EngineMaterials/Substrate/Glints2/dict_0000_0247" 7130
"../../../Engine/Content/EngineMaterials/Substrate/Glints2/dict_0000_0246.uasset" 7131
"../../../Engine/Content/EngineMaterials/Substrate/Glints2/dict_0000_0252.uasset" 7132
"../../../Engine/Content/EngineMaterials/Substrate/Glints2/dict_0000_0248.uasset" 7133
"/Engine/EngineMaterials/Substrate/Glints2/dict_0000_0244" 7134
"/Engine/EngineMaterials/Substrate/Glints2/dict_0000_0239" 7135
"../../../Engine/Content/EngineMaterials/Substrate/Glints2/dict_0000_0254.uasset" 7136
"../../../Engine/Content/EngineMaterials/Substrate/Glints2/dict_0001_0003.uasset" 7137
"/Engine/EngineMaterials/Substrate/Glints2/dict_0000_0251" 7138
"/Engine/EngineMaterials/Substrate/Glints2/dict_0000_0255" 7139
"/Engine/EngineMaterials/Substrate/Glints2/dict_0000_0253" 7140
"/Engine/EngineMaterials/Substrate/Glints2/dict_0000_0246" 7141
"/Engine/EngineMaterials/Substrate/Glints2/dict_0000_0248" 7142
"../../../Engine/Content/EngineMaterials/Substrate/Glints2/dict_0000_0249.uasset" 7143
"/Engine/EngineMaterials/Substrate/Glints2/dict_0001_0003" 7144
"/Engine/EngineMaterials/Substrate/Glints2/dict_0000_0254" 7145
"/Engine/EngineMaterials/Substrate/Glints2/dict_0000_0252" 7146
"/Engine/EngineMaterials/Substrate/Glints2/dict_0000_0249" 7147
"../../../Engine/Content/EngineMaterials/Substrate/Glints2/dict_0000_0250.uasset" 7148
"/Engine/EngineMaterials/Substrate/Glints2/dict_0000_0250" 7149
"../../../Engine/Content/EngineMaterials/Substrate/Glints2/dict_0001_0004.uasset" 7150
"../../../Engine/Content/EngineMaterials/Substrate/Glints2/dict_0001_0002.uasset" 7151
"../../../Engine/Content/EngineMaterials/Substrate/Glints2/dict_0001_0000.uasset" 7152
"../../../Engine/Content/EngineMaterials/Substrate/Glints2/dict_0001_0005.uasset" 7153
"../../../Engine/Content/EngineMaterials/Substrate/Glints2/dict_0001_0007.uasset" 7154
"../../../Engine/Content/EngineMaterials/Substrate/Glints2/dict_0001_0006.uasset" 7155
"../../../Engine/Content/EngineMaterials/Substrate/Glints2/dict_0001_0001.uasset" 7156
"../../../Engine/Content/EngineMaterials/Substrate/Glints2/dict_0001_0010.uasset" 7157
"../../../Engine/Content/EngineMaterials/Substrate/Glints2/dict_0001_0008.uasset" 7158
"../../../Engine/Content/EngineMaterials/Substrate/Glints2/dict_0001_0013.uasset" 7159
"/Engine/EngineMaterials/Substrate/Glints2/dict_0001_0013" 7160
"/Engine/EngineMaterials/Substrate/Glints2/dict_0001_0006" 7161
"/Engine/EngineMaterials/Substrate/Glints2/dict_0001_0002" 7162
"/Engine/EngineMaterials/Substrate/Glints2/dict_0001_0005" 7163
"/Engine/EngineMaterials/Substrate/Glints2/dict_0001_0004" 7164
"/Engine/EngineMaterials/Substrate/Glints2/dict_0001_0001" 7165
"/Engine/EngineMaterials/Substrate/Glints2/dict_0001_0010" 7166
"/Engine/EngineMaterials/Substrate/Glints2/dict_0001_0000" 7167
"/Engine/EngineMaterials/Substrate/Glints2/dict_0001_0008" 7168
"../../../Engine/Content/EngineMaterials/Substrate/Glints2/dict_0001_0016.uasset" 7169
"/Engine/EngineMaterials/Substrate/Glints2/dict_0001_0007" 7170
"/Engine/EngineMaterials/Substrate/Glints2/dict_0001_0016" 7171
"../../../Engine/Content/EngineMaterials/Substrate/Glints2/dict_0001_0018.uasset" 7172
"../../../Engine/Content/EngineMaterials/Substrate/Glints2/dict_0001_0012.uasset" 7173
"../../../Engine/Content/EngineMaterials/Substrate/Glints2/dict_0001_0009.uasset" 7174
"../../../Engine/Content/EngineMaterials/Substrate/Glints2/dict_0001_0011.uasset" 7175
"../../../Engine/Content/EngineMaterials/Substrate/Glints2/dict_0001_0020.uasset" 7176
"../../../Engine/Content/EngineMaterials/Substrate/Glints2/dict_0001_0019.uasset" 7177
"../../../Engine/Content/EngineMaterials/Substrate/GLints/dict_16_192_64_0p5_0p02_0061_0002.uasset" 7178
"../../../Engine/Content/EngineMaterials/Substrate/Glints2/dict_0001_0014.uasset" 7179
"../../../Engine/Content/EngineMaterials/Substrate/Glints2/dict_0001_0017.uasset" 7180
"../../../Engine/Content/EngineMaterials/Substrate/Glints2/dict_0001_0015.uasset" 7181
"../../../Engine/Content/EngineMaterials/Substrate/Glints2/dict_0001_0027.uasset" 7182
"../../../Engine/Content/EngineMaterials/Substrate/Glints2/dict_0001_0030.uasset" 7183
"/Engine/EngineMaterials/Substrate/Glints2/dict_0001_0030" 7184
"/Engine/EngineMaterials/Substrate/Glints2/dict_0001_0018" 7185
"../../../Engine/Content/EngineMaterials/Substrate/Glints2/dict_0001_0024.uasset" 7186
"/Engine/EngineMaterials/Substrate/GLints/dict_16_192_64_0p5_0p02_0061_0002" 7187
"/Engine/EngineMaterials/Substrate/Glints2/dict_0001_0012" 7188
"/Engine/EngineMaterials/Substrate/Glints2/dict_0001_0027" 7189
"/Engine/EngineMaterials/Substrate/Glints2/dict_0001_0011" 7190
"/Engine/EngineMaterials/Substrate/Glints2/dict_0001_0020" 7191
"/Engine/EngineMaterials/Substrate/Glints2/dict_0001_0019" 7192
"/Engine/EngineMaterials/Substrate/Glints2/dict_0001_0009" 7193
"/Engine/EngineMaterials/Substrate/Glints2/dict_0001_0017" 7194
"/Engine/EngineMaterials/Substrate/Glints2/dict_0001_0015" 7195
"/Engine/EngineMaterials/Substrate/Glints2/dict_0001_0014" 7196
"/Engine/EngineMaterials/Substrate/Glints2/dict_0001_0024" 7197
"../../../Engine/Content/EngineMaterials/Substrate/Glints2/dict_0001_0023.uasset" 7198
"../../../Engine/Content/EngineMaterials/Substrate/Glints2/dict_0001_0028.uasset" 7199
"../../../Engine/Content/EngineMaterials/Substrate/Glints2/dict_0001_0022.uasset" 7200
"../../../Engine/Content/EngineMaterials/Substrate/Glints2/dict_0001_0025.uasset" 7201
"/Engine/EngineMaterials/Substrate/Glints2/dict_0001_0028" 7202
"/Engine/EngineMaterials/Substrate/Glints2/dict_0001_0023" 7203
"/Engine/EngineMaterials/Substrate/Glints2/dict_0001_0022" 7204
"/Engine/EngineMaterials/Substrate/Glints2/dict_0001_0025" 7205
"../../../Engine/Content/EngineMaterials/Substrate/Glints2/dict_0001_0026.uasset" 7206
"../../../Engine/Content/EngineMaterials/Substrate/Glints2/dict_0001_0021.uasset" 7207
"../../../Engine/Content/EngineMaterials/Substrate/Glints2/dict_0001_0031.uasset" 7208
"/Engine/EngineMaterials/Substrate/Glints2/dict_0001_0026" 7209
"/Engine/EngineMaterials/Substrate/Glints2/dict_0001_0031" 7210
"/Engine/EngineMaterials/Substrate/Glints2/dict_0001_0021" 7211
"../../../Engine/Content/EngineMaterials/Substrate/Glints2/dict_0001_0036.uasset" 7212
"../../../Engine/Content/EngineMaterials/Substrate/Glints2/dict_0001_0037.uasset" 7213
"../../../Engine/Content/EngineMaterials/Substrate/Glints2/dict_0001_0035.uasset" 7214
"../../../Engine/Content/EngineMaterials/Substrate/Glints2/dict_0001_0034.uasset" 7215
"../../../Engine/Content/EngineMaterials/Substrate/Glints2/dict_0001_0039.uasset" 7216
"../../../Engine/Content/EngineMaterials/Substrate/Glints2/dict_0001_0038.uasset" 7217
"../../../Engine/Content/EngineMaterials/Substrate/Glints2/dict_0001_0041.uasset" 7218
"../../../Engine/Content/EngineMaterials/Substrate/Glints2/dict_0001_0040.uasset" 7219
"../../../Engine/Content/EngineMaterials/Substrate/Glints2/dict_0001_0033.uasset" 7220
"../../../Engine/Content/EngineMaterials/Substrate/Glints2/dict_0001_0043.uasset" 7221
"../../../Engine/Content/EngineMaterials/Substrate/Glints2/dict_0001_0032.uasset" 7222
"../../../Engine/Content/EngineMaterials/Substrate/Glints2/dict_0001_0046.uasset" 7223
"/Engine/EngineMaterials/Substrate/Glints2/dict_0001_0043" 7224
"/Engine/EngineMaterials/Substrate/Glints2/dict_0001_0041" 7225
"/Engine/EngineMaterials/Substrate/Glints2/dict_0001_0040" 7226
"/Engine/EngineMaterials/Substrate/Glints2/dict_0001_0039" 7227
"/Engine/EngineMaterials/Substrate/Glints2/dict_0001_0038" 7228
"/Engine/EngineMaterials/Substrate/Glints2/dict_0001_0037" 7229
"../../../Engine/Content/EngineMaterials/Substrate/Glints2/dict_0001_0045.uasset" 7230
"/Engine/EngineMaterials/Substrate/Glints2/dict_0001_0036" 7231
"../../../Engine/Content/EngineMaterials/Substrate/Glints2/dict_0001_0042.uasset" 7232
"/Engine/EngineMaterials/Substrate/Glints2/dict_0001_0046" 7233
"/Engine/EngineMaterials/Substrate/Glints2/dict_0001_0035" 7234
"/Engine/EngineMaterials/Substrate/Glints2/dict_0001_0034" 7235
"../../../Engine/Content/EngineMaterials/Substrate/Glints2/dict_0001_0044.uasset" 7236
"/Engine/EngineMaterials/Substrate/Glints2/dict_0001_0033" 7237
"/Engine/EngineMaterials/Substrate/Glints2/dict_0001_0032" 7238
"/Engine/EngineMaterials/Substrate/Glints2/dict_0001_0042" 7239
"/Engine/EngineMaterials/Substrate/Glints2/dict_0001_0044" 7240
"/Engine/EngineMaterials/Substrate/Glints2/dict_0001_0045" 7241
"../../../Engine/Content/EngineMaterials/Substrate/Glints2/dict_0001_0049.uasset" 7242
"../../../Engine/Content/EngineMaterials/Substrate/Glints2/dict_0001_0047.uasset" 7243
"../../../Engine/Content/EngineMaterials/Substrate/Glints2/dict_0001_0051.uasset" 7244
"../../../Engine/Content/EngineMaterials/Substrate/Glints2/dict_0001_0050.uasset" 7245
"../../../Engine/Content/EngineMaterials/Substrate/Glints2/dict_0001_0054.uasset" 7246
"../../../Engine/Content/EngineMaterials/Substrate/Glints2/dict_0001_0055.uasset" 7247
"/Engine/EngineMaterials/Substrate/Glints2/dict_0001_0047" 7248
"/Engine/EngineMaterials/Substrate/Glints2/dict_0001_0051" 7249
"/Engine/EngineMaterials/Substrate/Glints2/dict_0001_0055" 7250
"/Engine/EngineMaterials/Substrate/Glints2/dict_0001_0054" 7251
"../../../Engine/Content/EngineMaterials/Substrate/Glints2/dict_0001_0057.uasset" 7252
"/Engine/EngineMaterials/Substrate/Glints2/dict_0001_0050" 7253
"../../../Engine/Content/EngineMaterials/Substrate/Glints2/dict_0001_0052.uasset" 7254
"/Engine/EngineMaterials/Substrate/Glints2/dict_0001_0049" 7255
"../../../Engine/Content/EngineMaterials/Substrate/Glints2/dict_0001_0056.uasset" 7256
"../../../Engine/Content/EngineMaterials/Substrate/Glints2/dict_0001_0058.uasset" 7257
"../../../Engine/Content/EngineMaterials/Substrate/Glints2/dict_0001_0059.uasset" 7258
"/Engine/EngineMaterials/Substrate/Glints2/dict_0001_0059" 7259
"/Engine/EngineMaterials/Substrate/Glints2/dict_0001_0058" 7260
"../../../Engine/Content/EngineMaterials/Substrate/GLints/dict_16_192_64_0p5_0p02_0058_0003.uasset" 7261
"/Engine/EngineMaterials/Substrate/Glints2/dict_0001_0057" 7262
"/Engine/EngineMaterials/Substrate/Glints2/dict_0001_0056" 7263
"/Engine/EngineMaterials/Substrate/Glints2/dict_0001_0052" 7264
"/Engine/EngineMaterials/Substrate/GLints/dict_16_192_64_0p5_0p02_0058_0003" 7265
"../../../Engine/Content/EngineMaterials/Substrate/Glints2/dict_0001_0053.uasset" 7266
"../../../Engine/Content/EngineMaterials/Substrate/Glints2/dict_0001_0062.uasset" 7267
"../../../Engine/Content/EngineMaterials/Substrate/Glints2/dict_0001_0067.uasset" 7268
"../../../Engine/Content/EngineMaterials/Substrate/Glints2/dict_0001_0060.uasset" 7269
"../../../Engine/Content/EngineMaterials/Substrate/Glints2/dict_0001_0029.uasset" 7270
"../../../Engine/Content/EngineMaterials/Substrate/Glints2/dict_0001_0064.uasset" 7271
"../../../Engine/Content/EngineMaterials/Substrate/Glints2/dict_0001_0072.uasset" 7272
"../../../Engine/Content/EngineMaterials/Substrate/Glints2/dict_0001_0061.uasset" 7273
"../../../Engine/Content/EngineMaterials/Substrate/Glints2/dict_0001_0070.uasset" 7274
"../../../Engine/Content/EngineMaterials/Substrate/Glints2/dict_0001_0066.uasset" 7275
"/Engine/EngineMaterials/Substrate/Glints2/dict_0001_0066" 7276
"../../../Engine/Content/EngineMaterials/Substrate/Glints2/dict_0001_0063.uasset" 7277
"/Engine/EngineMaterials/Substrate/Glints2/dict_0001_0062" 7278
"../../../Engine/Content/EngineMaterials/Substrate/Glints2/dict_0001_0068.uasset" 7279
"/Engine/EngineMaterials/Substrate/Glints2/dict_0001_0029" 7280
"/Engine/EngineMaterials/Substrate/Glints2/dict_0001_0061" 7281
"../../../Engine/Content/EngineMaterials/Substrate/Glints2/dict_0001_0065.uasset" 7282
"/Engine/EngineMaterials/Substrate/Glints2/dict_0001_0072" 7283
"/Engine/EngineMaterials/Substrate/Glints2/dict_0001_0060" 7284
"/Engine/EngineMaterials/Substrate/Glints2/dict_0001_0070" 7285
"/Engine/EngineMaterials/Substrate/Glints2/dict_0001_0053" 7286
"/Engine/EngineMaterials/Substrate/Glints2/dict_0001_0064" 7287
"/Engine/EngineMaterials/Substrate/Glints2/dict_0001_0067" 7288
"/Engine/EngineMaterials/Substrate/Glints2/dict_0001_0063" 7289
"../../../Engine/Content/EngineMaterials/Substrate/Glints2/dict_0001_0071.uasset" 7290
"../../../Engine/Content/EngineMaterials/Substrate/Glints2/dict_0001_0073.uasset" 7291
"/Engine/EngineMaterials/Substrate/Glints2/dict_0001_0065" 7292
"/Engine/EngineMaterials/Substrate/Glints2/dict_0001_0068" 7293
"/Engine/EngineMaterials/Substrate/Glints2/dict_0001_0071" 7294
"/Engine/EngineMaterials/Substrate/Glints2/dict_0001_0073" 7295
"../../../Engine/Content/EngineMaterials/Substrate/Glints2/dict_0001_0075.uasset" 7296
"../../../Engine/Content/EngineMaterials/Substrate/Glints2/dict_0001_0077.uasset" 7297
"../../../Engine/Content/EngineMaterials/Substrate/Glints2/dict_0001_0083.uasset" 7298
"../../../Engine/Content/EngineMaterials/Substrate/Glints2/dict_0001_0076.uasset" 7299
"../../../Engine/Content/EngineMaterials/Substrate/Glints2/dict_0001_0078.uasset" 7300
"../../../Engine/Content/EngineMaterials/Substrate/Glints2/dict_0001_0079.uasset" 7301
"../../../Engine/Content/EngineMaterials/Substrate/Glints2/dict_0001_0080.uasset" 7302
"/Engine/EngineMaterials/Substrate/Glints2/dict_0001_0078" 7303
"/Engine/EngineMaterials/Substrate/Glints2/dict_0001_0083" 7304
"/Engine/EngineMaterials/Substrate/Glints2/dict_0001_0077" 7305
"../../../Engine/Content/EngineMaterials/Substrate/Glints2/dict_0001_0081.uasset" 7306
"/Engine/EngineMaterials/Substrate/Glints2/dict_0001_0076" 7307
"/Engine/EngineMaterials/Substrate/Glints2/dict_0001_0075" 7308
"/Engine/EngineMaterials/Substrate/Glints2/dict_0001_0080" 7309
"/Engine/EngineMaterials/Substrate/Glints2/dict_0001_0079" 7310
"/Engine/EngineMaterials/Substrate/Glints2/dict_0001_0081" 7311
"../../../Engine/Content/EngineMaterials/Substrate/Glints2/dict_0001_0087.uasset" 7312
"../../../Engine/Content/EngineMaterials/Substrate/Glints2/dict_0001_0085.uasset" 7313
"../../../Engine/Content/EngineMaterials/Substrate/Glints2/dict_0001_0082.uasset" 7314
"../../../Engine/Content/EngineMaterials/Substrate/Glints2/dict_0001_0086.uasset" 7315
"../../../Engine/Content/EngineMaterials/Substrate/Glints2/dict_0001_0084.uasset" 7316
"../../../Engine/Content/EngineMaterials/Substrate/Glints2/dict_0001_0088.uasset" 7317
"../../../Engine/Content/EngineMaterials/Substrate/Glints2/dict_0001_0094.uasset" 7318
"../../../Engine/Content/EngineMaterials/Substrate/Glints2/dict_0001_0091.uasset" 7319
"../../../Engine/Content/EngineMaterials/Substrate/Glints2/dict_0001_0089.uasset" 7320
"/Engine/EngineMaterials/Substrate/Glints2/dict_0001_0091" 7321
"/Engine/EngineMaterials/Substrate/Glints2/dict_0001_0088" 7322
"/Engine/EngineMaterials/Substrate/Glints2/dict_0001_0087" 7323
"/Engine/EngineMaterials/Substrate/Glints2/dict_0001_0086" 7324
"/Engine/EngineMaterials/Substrate/Glints2/dict_0001_0085" 7325
"/Engine/EngineMaterials/Substrate/Glints2/dict_0001_0084" 7326
"/Engine/EngineMaterials/Substrate/Glints2/dict_0001_0082" 7327
"/Engine/EngineMaterials/Substrate/Glints2/dict_0001_0089" 7328
"/Engine/EngineMaterials/Substrate/Glints2/dict_0001_0094" 7329
"../../../Engine/Content/EngineMaterials/Substrate/Glints2/dict_0001_0090.uasset" 7330
"../../../Engine/Content/EngineMaterials/Substrate/Glints2/dict_0001_0092.uasset" 7331
"../../../Engine/Content/EngineMaterials/Substrate/Glints2/dict_0001_0099.uasset" 7332
"../../../Engine/Content/EngineMaterials/Substrate/Glints2/dict_0001_0098.uasset" 7333
"../../../Engine/Content/EngineMaterials/Substrate/Glints2/dict_0001_0095.uasset" 7334
"../../../Engine/Content/EngineMaterials/Substrate/Glints2/dict_0001_0096.uasset" 7335
"../../../Engine/Content/EngineMaterials/Substrate/Glints2/dict_0001_0093.uasset" 7336
"../../../Engine/Content/EngineMaterials/Substrate/Glints2/dict_0001_0097.uasset" 7337
"/Engine/EngineMaterials/Substrate/Glints2/dict_0001_0099" 7338
"/Engine/EngineMaterials/Substrate/Glints2/dict_0001_0093" 7339
"../../../Engine/Content/EngineMaterials/Substrate/Glints2/dict_0001_0108.uasset" 7340
"../../../Engine/Content/EngineMaterials/Substrate/Glints2/dict_0001_0100.uasset" 7341
"/Engine/EngineMaterials/Substrate/Glints2/dict_0001_0098" 7342
"/Engine/EngineMaterials/Substrate/Glints2/dict_0001_0090" 7343
"/Engine/EngineMaterials/Substrate/Glints2/dict_0001_0097" 7344
"/Engine/EngineMaterials/Substrate/Glints2/dict_0001_0096" 7345
"/Engine/EngineMaterials/Substrate/Glints2/dict_0001_0095" 7346
"../../../Engine/Content/EngineMaterials/Substrate/Glints2/dict_0001_0102.uasset" 7347
"/Engine/EngineMaterials/Substrate/Glints2/dict_0001_0092" 7348
"/Engine/EngineMaterials/Substrate/Glints2/dict_0001_0108" 7349
"/Engine/EngineMaterials/Substrate/Glints2/dict_0001_0100" 7350
"/Engine/EngineMaterials/Substrate/Glints2/dict_0001_0102" 7351
"../../../Engine/Content/EngineMaterials/Substrate/Glints2/dict_0001_0105.uasset" 7352
"../../../Engine/Content/EngineMaterials/Substrate/Glints2/dict_0001_0104.uasset" 7353
"../../../Engine/Content/EngineMaterials/Substrate/Glints2/dict_0001_0101.uasset" 7354
"../../../Engine/Content/EngineMaterials/Substrate/Glints2/dict_0001_0074.uasset" 7355
"../../../Engine/Content/EngineMaterials/Substrate/Glints2/dict_0001_0103.uasset" 7356
"../../../Engine/Content/EngineMaterials/Substrate/Glints2/dict_0001_0106.uasset" 7357
"../../../Engine/Content/EngineMaterials/Substrate/Glints2/dict_0001_0107.uasset" 7358
"../../../Engine/Content/EngineMaterials/Substrate/Glints2/dict_0001_0109.uasset" 7359
"../../../Engine/Content/EngineMaterials/Substrate/Glints2/dict_0001_0110.uasset" 7360
"/Engine/EngineMaterials/Substrate/Glints2/dict_0001_0110" 7361
"../../../Engine/Content/EngineMaterials/Substrate/Glints2/dict_0001_0112.uasset" 7362
"/Engine/EngineMaterials/Substrate/Glints2/dict_0001_0109" 7363
"/Engine/EngineMaterials/Substrate/Glints2/dict_0001_0107" 7364
"/Engine/EngineMaterials/Substrate/Glints2/dict_0001_0106" 7365
"/Engine/EngineMaterials/Substrate/Glints2/dict_0001_0105" 7366
"../../../Engine/Content/EngineMaterials/Substrate/Glints2/dict_0001_0114.uasset" 7367
"/Engine/EngineMaterials/Substrate/Glints2/dict_0001_0074" 7368
"/Engine/EngineMaterials/Substrate/Glints2/dict_0001_0104" 7369
"../../../Engine/Content/EngineMaterials/Substrate/Glints2/dict_0001_0111.uasset" 7370
"/Engine/EngineMaterials/Substrate/Glints2/dict_0001_0103" 7371
"../../../Engine/Content/EngineMaterials/Substrate/Glints2/dict_0001_0113.uasset" 7372
"/Engine/EngineMaterials/Substrate/Glints2/dict_0001_0101" 7373
"/Engine/EngineMaterials/Substrate/Glints2/dict_0001_0114" 7374
"/Engine/EngineMaterials/Substrate/Glints2/dict_0001_0113" 7375
"/Engine/EngineMaterials/Substrate/Glints2/dict_0001_0112" 7376
"/Engine/EngineMaterials/Substrate/Glints2/dict_0001_0111" 7377
"../../../Engine/Content/EngineMaterials/Substrate/Glints2/dict_0001_0121.uasset" 7378
"../../../Engine/Content/EngineMaterials/Substrate/Glints2/dict_0001_0120.uasset" 7379
"../../../Engine/Content/EngineMaterials/Substrate/Glints2/dict_0001_0117.uasset" 7380
"../../../Engine/Content/EngineMaterials/Substrate/Glints2/dict_0001_0119.uasset" 7381
"../../../Engine/Content/EngineMaterials/Substrate/Glints2/dict_0001_0125.uasset" 7382
"../../../Engine/Content/EngineMaterials/Substrate/Glints2/dict_0001_0115.uasset" 7383
"../../../Engine/Content/EngineMaterials/Substrate/Glints2/dict_0001_0118.uasset" 7384
"/Engine/EngineMaterials/Substrate/Glints2/dict_0001_0121" 7385
"/Engine/EngineMaterials/Substrate/Glints2/dict_0001_0120" 7386
"/Engine/EngineMaterials/Substrate/Glints2/dict_0001_0118" 7387
"/Engine/EngineMaterials/Substrate/Glints2/dict_0001_0117" 7388
"../../../Engine/Content/EngineMaterials/Substrate/Glints2/dict_0001_0126.uasset" 7389
"/Engine/EngineMaterials/Substrate/Glints2/dict_0001_0115" 7390
"/Engine/EngineMaterials/Substrate/Glints2/dict_0001_0125" 7391
"/Engine/EngineMaterials/Substrate/Glints2/dict_0001_0119" 7392
"/Engine/EngineMaterials/Substrate/Glints2/dict_0001_0126" 7393
"../../../Engine/Content/EngineMaterials/Substrate/Glints2/dict_0001_0123.uasset" 7394
"../../../Engine/Content/EngineMaterials/Substrate/Glints2/dict_0001_0127.uasset" 7395
"../../../Engine/Content/EngineMaterials/Substrate/Glints2/dict_0001_0124.uasset" 7396
"../../../Engine/Content/EngineMaterials/Substrate/Glints2/dict_0001_0122.uasset" 7397
"../../../Engine/Content/EngineMaterials/Substrate/Glints2/dict_0001_0128.uasset" 7398
"../../../Engine/Content/EngineMaterials/Substrate/Glints2/dict_0001_0129.uasset" 7399
"../../../Engine/Content/EngineMaterials/Substrate/Glints2/dict_0001_0130.uasset" 7400
"../../../Engine/Content/EngineMaterials/Substrate/Glints2/dict_0001_0133.uasset" 7401
"../../../Engine/Content/EngineMaterials/Substrate/Glints2/dict_0001_0138.uasset" 7402
"../../../Engine/Content/EngineMaterials/Substrate/Glints2/dict_0001_0132.uasset" 7403
"/Engine/EngineMaterials/Substrate/Glints2/dict_0001_0130" 7404
"/Engine/EngineMaterials/Substrate/Glints2/dict_0001_0129" 7405
"../../../Engine/Content/EngineMaterials/Substrate/Glints2/dict_0001_0139.uasset" 7406
"/Engine/EngineMaterials/Substrate/Glints2/dict_0001_0128" 7407
"../../../Engine/Content/EngineMaterials/Substrate/Glints2/dict_0001_0134.uasset" 7408
"/Engine/EngineMaterials/Substrate/Glints2/dict_0001_0127" 7409
"/Engine/EngineMaterials/Substrate/Glints2/dict_0001_0138" 7410
"/Engine/EngineMaterials/Substrate/Glints2/dict_0001_0133" 7411
"/Engine/EngineMaterials/Substrate/Glints2/dict_0001_0124" 7412
"/Engine/EngineMaterials/Substrate/Glints2/dict_0001_0123" 7413
"/Engine/EngineMaterials/Substrate/Glints2/dict_0001_0122" 7414
"/Engine/EngineMaterials/Substrate/Glints2/dict_0001_0132" 7415
"/Engine/EngineMaterials/Substrate/Glints2/dict_0001_0139" 7416
"/Engine/EngineMaterials/Substrate/Glints2/dict_0001_0134" 7417
"../../../Engine/Content/EngineMaterials/Substrate/Glints2/dict_0001_0135.uasset" 7418
"../../../Engine/Content/EngineMaterials/Substrate/Glints2/dict_0001_0137.uasset" 7419
"../../../Engine/Content/EngineMaterials/Substrate/Glints2/dict_0001_0136.uasset" 7420
"../../../Engine/Content/EngineMaterials/Substrate/Glints2/dict_0001_0131.uasset" 7421
"../../../Engine/Content/EngineMaterials/Substrate/Glints2/dict_0001_0141.uasset" 7422
"../../../Engine/Content/EngineMaterials/Substrate/Glints2/dict_0001_0140.uasset" 7423
"../../../Engine/Content/EngineMaterials/Substrate/Glints2/dict_0001_0145.uasset" 7424
"../../../Engine/Content/EngineMaterials/Substrate/Glints2/dict_0001_0143.uasset" 7425
"../../../Engine/Content/EngineMaterials/Substrate/Glints2/dict_0001_0148.uasset" 7426
"../../../Engine/Content/EngineMaterials/Substrate/Glints2/dict_0001_0149.uasset" 7427
"../../../Engine/Content/EngineMaterials/Substrate/Glints2/dict_0001_0142.uasset" 7428
"../../../Engine/Content/EngineMaterials/Substrate/Glints2/dict_0001_0150.uasset" 7429
"../../../Engine/Content/EngineMaterials/Substrate/Glints2/dict_0001_0147.uasset" 7430
"../../../Engine/Content/EngineMaterials/Substrate/Glints2/dict_0001_0144.uasset" 7431
"/Engine/EngineMaterials/Substrate/Glints2/dict_0001_0141" 7432
"/Engine/EngineMaterials/Substrate/Glints2/dict_0001_0150" 7433
"/Engine/EngineMaterials/Substrate/Glints2/dict_0001_0149" 7434
"/Engine/EngineMaterials/Substrate/Glints2/dict_0001_0140" 7435
"/Engine/EngineMaterials/Substrate/Glints2/dict_0001_0142" 7436
"/Engine/EngineMaterials/Substrate/Glints2/dict_0001_0148" 7437
"/Engine/EngineMaterials/Substrate/Glints2/dict_0001_0137" 7438
"../../../Engine/Content/EngineMaterials/Substrate/Glints2/dict_0001_0153.uasset" 7439
"/Engine/EngineMaterials/Substrate/Glints2/dict_0001_0147" 7440
"/Engine/EngineMaterials/Substrate/Glints2/dict_0001_0136" 7441
"/Engine/EngineMaterials/Substrate/Glints2/dict_0001_0145" 7442
"/Engine/EngineMaterials/Substrate/Glints2/dict_0001_0144" 7443
"/Engine/EngineMaterials/Substrate/Glints2/dict_0001_0143" 7444
"/Engine/EngineMaterials/Substrate/Glints2/dict_0001_0135" 7445
"/Engine/EngineMaterials/Substrate/Glints2/dict_0001_0131" 7446
"/Engine/EngineMaterials/Substrate/Glints2/dict_0001_0153" 7447
"../../../Engine/Content/EngineMaterials/Substrate/Glints2/dict_0001_0146.uasset" 7448
"../../../Engine/Content/EngineMaterials/Substrate/Glints2/dict_0001_0151.uasset" 7449
"../../../Engine/Content/EngineMaterials/Substrate/Glints2/dict_0001_0154.uasset" 7450
"../../../Engine/Content/EngineMaterials/Substrate/Glints2/dict_0001_0152.uasset" 7451
"/Engine/EngineMaterials/Substrate/Glints2/dict_0001_0152" 7452
"/Engine/EngineMaterials/Substrate/Glints2/dict_0001_0151" 7453
"/Engine/EngineMaterials/Substrate/Glints2/dict_0001_0154" 7454
"/Engine/EngineMaterials/Substrate/Glints2/dict_0001_0146" 7455
"../../../Engine/Content/EngineMaterials/Substrate/Glints2/dict_0001_0157.uasset" 7456
"/Engine/EngineMaterials/Substrate/Glints2/dict_0001_0157" 7457
"../../../Engine/Content/EngineMaterials/Substrate/Glints2/dict_0001_0160.uasset" 7458
"../../../Engine/Content/EngineMaterials/Substrate/Glints2/dict_0001_0162.uasset" 7459
"../../../Engine/Content/EngineMaterials/Substrate/Glints2/dict_0001_0161.uasset" 7460
"../../../Engine/Content/EngineMaterials/Substrate/Glints2/dict_0001_0158.uasset" 7461
"../../../Engine/Content/EngineMaterials/Substrate/Glints2/dict_0001_0155.uasset" 7462
"../../../Engine/Content/EngineMaterials/Substrate/Glints2/dict_0001_0159.uasset" 7463
"../../../Engine/Content/EngineMaterials/Substrate/Glints2/dict_0001_0171.uasset" 7464
"../../../Engine/Content/EngineMaterials/Substrate/Glints2/dict_0001_0169.uasset" 7465
"../../../Engine/Content/EngineMaterials/Substrate/Glints2/dict_0001_0168.uasset" 7466
"/Engine/EngineMaterials/Substrate/Glints2/dict_0001_0168" 7467
"../../../Engine/Content/EngineMaterials/Substrate/Glints2/dict_0001_0156.uasset" 7468
"../../../Engine/Content/EngineMaterials/Substrate/Glints2/dict_0001_0163.uasset" 7469
"/Engine/EngineMaterials/Substrate/Glints2/dict_0001_0171" 7470
"/Engine/EngineMaterials/Substrate/Glints2/dict_0001_0162" 7471
"/Engine/EngineMaterials/Substrate/Glints2/dict_0001_0169" 7472
"/Engine/EngineMaterials/Substrate/Glints2/dict_0001_0161" 7473
"/Engine/EngineMaterials/Substrate/Glints2/dict_0001_0160" 7474
"../../../Engine/Content/EngineMaterials/Substrate/Glints2/dict_0001_0165.uasset" 7475
"../../../Engine/Content/EngineMaterials/Substrate/Glints2/dict_0001_0170.uasset" 7476
"/Engine/EngineMaterials/Substrate/Glints2/dict_0001_0159" 7477
"/Engine/EngineMaterials/Substrate/Glints2/dict_0001_0158" 7478
"/Engine/EngineMaterials/Substrate/Glints2/dict_0001_0155" 7479
"/Engine/EngineMaterials/Substrate/Glints2/dict_0001_0165" 7480
"/Engine/EngineMaterials/Substrate/Glints2/dict_0001_0163" 7481
"/Engine/EngineMaterials/Substrate/Glints2/dict_0001_0170" 7482
"/Engine/EngineMaterials/Substrate/Glints2/dict_0001_0156" 7483
"../../../Engine/Content/EngineMaterials/Substrate/Glints2/dict_0001_0166.uasset" 7484
"../../../Engine/Content/EngineMaterials/Substrate/Glints2/dict_0001_0167.uasset" 7485
"/Engine/EngineMaterials/Substrate/Glints2/dict_0001_0167" 7486
"../../../Engine/Content/EngineMaterials/Substrate/Glints2/dict_0001_0164.uasset" 7487
"/Engine/EngineMaterials/Substrate/Glints2/dict_0001_0166" 7488
"/Engine/EngineMaterials/Substrate/Glints2/dict_0001_0164" 7489
"../../../Engine/Content/EngineMaterials/Substrate/Glints2/dict_0001_0172.uasset" 7490
"../../../Engine/Content/EngineMaterials/Substrate/Glints2/dict_0001_0174.uasset" 7491
"../../../Engine/Content/EngineMaterials/Substrate/Glints2/dict_0001_0173.uasset" 7492
"../../../Engine/Content/EngineMaterials/Substrate/Glints2/dict_0001_0177.uasset" 7493
"../../../Engine/Content/EngineMaterials/Substrate/Glints2/dict_0001_0048.uasset" 7494
"/Engine/EngineMaterials/Substrate/Glints2/dict_0001_0173" 7495
"/Engine/EngineMaterials/Substrate/Glints2/dict_0001_0172" 7496
"../../../Engine/Content/EngineMaterials/Substrate/Glints2/dict_0001_0179.uasset" 7497
"/Engine/EngineMaterials/Substrate/Glints2/dict_0001_0048" 7498
"../../../Engine/Content/EngineMaterials/Substrate/Glints2/dict_0001_0175.uasset" 7499
"../../../Engine/Content/EngineMaterials/Substrate/Glints2/dict_0001_0182.uasset" 7500
"../../../Engine/Content/EngineMaterials/Substrate/Glints2/dict_0001_0183.uasset" 7501
"../../../Engine/Content/EngineMaterials/Substrate/Glints2/dict_0001_0180.uasset" 7502
"../../../Engine/Content/EngineMaterials/Substrate/Glints2/dict_0001_0178.uasset" 7503
"/Engine/EngineMaterials/Substrate/Glints2/dict_0001_0177" 7504
"/Engine/EngineMaterials/Substrate/Glints2/dict_0001_0174" 7505
"/Engine/EngineMaterials/Substrate/Glints2/dict_0001_0183" 7506
"/Engine/EngineMaterials/Substrate/Glints2/dict_0001_0182" 7507
"/Engine/EngineMaterials/Substrate/Glints2/dict_0001_0180" 7508
"/Engine/EngineMaterials/Substrate/Glints2/dict_0001_0179" 7509
"/Engine/EngineMaterials/Substrate/Glints2/dict_0001_0178" 7510
"/Engine/EngineMaterials/Substrate/Glints2/dict_0001_0175" 7511
"../../../Engine/Content/EngineMaterials/Substrate/Glints2/dict_0001_0185.uasset" 7512
"../../../Engine/Content/EngineMaterials/Substrate/Glints2/dict_0001_0176.uasset" 7513
"../../../Engine/Content/EngineMaterials/Substrate/Glints2/dict_0001_0184.uasset" 7514
"../../../Engine/Content/EngineMaterials/Substrate/Glints2/dict_0001_0187.uasset" 7515
"../../../Engine/Content/EngineMaterials/Substrate/Glints2/dict_0001_0188.uasset" 7516
"/Engine/EngineMaterials/Substrate/Glints2/dict_0001_0188" 7517
"/Engine/EngineMaterials/Substrate/Glints2/dict_0001_0187" 7518
"/Engine/EngineMaterials/Substrate/Glints2/dict_0001_0185" 7519
"../../../Engine/Content/EngineMaterials/Substrate/Glints2/dict_0001_0190.uasset" 7520
"/Engine/EngineMaterials/Substrate/Glints2/dict_0001_0176" 7521
"/Engine/EngineMaterials/Substrate/Glints2/dict_0001_0184" 7522
"/Engine/EngineMaterials/Substrate/Glints2/dict_0001_0190" 7523
"../../../Engine/Content/EngineMaterials/Substrate/Glints2/dict_0001_0197.uasset" 7524
"../../../Engine/Content/EngineMaterials/Substrate/Glints2/dict_0001_0189.uasset" 7525
"/Engine/EngineMaterials/Substrate/Glints2/dict_0001_0189" 7526
"/Engine/EngineMaterials/Substrate/Glints2/dict_0001_0197" 7527
"../../../Engine/Content/EngineMaterials/Substrate/Glints2/dict_0001_0191.uasset" 7528
"../../../Engine/Content/EngineMaterials/Substrate/Glints2/dict_0001_0192.uasset" 7529
"../../../Engine/Content/EngineMaterials/Substrate/Glints2/dict_0001_0193.uasset" 7530
"../../../Engine/Content/EngineMaterials/Substrate/Glints2/dict_0001_0196.uasset" 7531
"../../../Engine/Content/EngineMaterials/Substrate/Glints2/dict_0001_0195.uasset" 7532
"../../../Engine/Content/EngineMaterials/Substrate/Glints2/dict_0001_0200.uasset" 7533
"../../../Engine/Content/EngineMaterials/Substrate/Glints2/dict_0001_0199.uasset" 7534
"/Engine/EngineMaterials/Substrate/Glints2/dict_0001_0195" 7535
"../../../Engine/Content/EngineMaterials/Substrate/Glints2/dict_0001_0201.uasset" 7536
"/Engine/EngineMaterials/Substrate/Glints2/dict_0001_0200" 7537
"/Engine/EngineMaterials/Substrate/Glints2/dict_0001_0193" 7538
"/Engine/EngineMaterials/Substrate/Glints2/dict_0001_0199" 7539
"/Engine/EngineMaterials/Substrate/Glints2/dict_0001_0192" 7540
"/Engine/EngineMaterials/Substrate/Glints2/dict_0001_0191" 7541
"/Engine/EngineMaterials/Substrate/Glints2/dict_0001_0196" 7542
"/Engine/EngineMaterials/Substrate/Glints2/dict_0001_0201" 7543
"../../../Engine/Content/EngineMaterials/Substrate/Glints2/dict_0001_0116.uasset" 7544
"../../../Engine/Content/EngineMaterials/Substrate/Glints2/dict_0001_0207.uasset" 7545
"../../../Engine/Content/EngineMaterials/Substrate/Glints2/dict_0001_0206.uasset" 7546
"../../../Engine/Content/EngineMaterials/Substrate/Glints2/dict_0001_0198.uasset" 7547
"../../../Engine/Content/EngineMaterials/Substrate/Glints2/dict_0000_0209.uasset" 7548
"../../../Engine/Content/EngineMaterials/Substrate/Glints2/dict_0001_0202.uasset" 7549
"../../../Engine/Content/EngineMaterials/Substrate/Glints2/dict_0001_0203.uasset" 7550
"../../../Engine/Content/EngineMaterials/Substrate/Glints2/dict_0001_0205.uasset" 7551
"../../../Engine/Content/EngineMaterials/Substrate/Glints2/dict_0001_0208.uasset" 7552
"../../../Engine/Content/EngineMaterials/Substrate/Glints2/dict_0001_0211.uasset" 7553
"../../../Engine/Content/EngineMaterials/Substrate/Glints2/dict_0001_0210.uasset" 7554
"../../../Engine/Content/EngineMaterials/Substrate/Glints2/dict_0001_0204.uasset" 7555
"/Engine/EngineMaterials/Substrate/Glints2/dict_0001_0206" 7556
"/Engine/EngineMaterials/Substrate/Glints2/dict_0001_0205" 7557
"/Engine/EngineMaterials/Substrate/Glints2/dict_0001_0207" 7558
"/Engine/EngineMaterials/Substrate/Glints2/dict_0001_0116" 7559
"/Engine/EngineMaterials/Substrate/Glints2/dict_0001_0198" 7560
"/Engine/EngineMaterials/Substrate/Glints2/dict_0001_0208" 7561
"/Engine/EngineMaterials/Substrate/Glints2/dict_0001_0204" 7562
"/Engine/EngineMaterials/Substrate/Glints2/dict_0001_0203" 7563
"../../../Engine/Content/EngineMaterials/Substrate/Glints2/dict_0001_0212.uasset" 7564
"/Engine/EngineMaterials/Substrate/Glints2/dict_0001_0211" 7565
"/Engine/EngineMaterials/Substrate/Glints2/dict_0000_0209" 7566
"/Engine/EngineMaterials/Substrate/Glints2/dict_0001_0202" 7567
"/Engine/EngineMaterials/Substrate/Glints2/dict_0001_0210" 7568
"/Engine/EngineMaterials/Substrate/Glints2/dict_0001_0212" 7569
"../../../Engine/Content/EngineMaterials/Substrate/Glints2/dict_0001_0214.uasset" 7570
"../../../Engine/Content/EngineMaterials/Substrate/Glints2/dict_0001_0216.uasset" 7571
"../../../Engine/Content/EngineMaterials/Substrate/Glints2/dict_0001_0213.uasset" 7572
"../../../Engine/Content/EngineMaterials/Substrate/Glints2/dict_0000_0066.uasset" 7573
"../../../Engine/Content/EngineMaterials/Substrate/Glints2/dict_0001_0223.uasset" 7574
"../../../Engine/Content/EngineMaterials/Substrate/Glints2/dict_0001_0218.uasset" 7575
"../../../Engine/Content/EngineMaterials/Substrate/Glints2/dict_0001_0215.uasset" 7576
"../../../Engine/Content/EngineMaterials/Substrate/Glints2/dict_0001_0217.uasset" 7577
"/Engine/EngineMaterials/Substrate/Glints2/dict_0001_0216" 7578
"/Engine/EngineMaterials/Substrate/Glints2/dict_0000_0066" 7579
"../../../Engine/Content/EngineMaterials/Substrate/Glints2/dict_0001_0221.uasset" 7580
"../../../Engine/Content/EngineMaterials/Substrate/Glints2/dict_0001_0220.uasset" 7581
"/Engine/EngineMaterials/Substrate/Glints2/dict_0001_0217" 7582
"/Engine/EngineMaterials/Substrate/Glints2/dict_0001_0215" 7583
"/Engine/EngineMaterials/Substrate/Glints2/dict_0001_0214" 7584
"/Engine/EngineMaterials/Substrate/Glints2/dict_0001_0213" 7585
"/Engine/EngineMaterials/Substrate/Glints2/dict_0001_0223" 7586
"/Engine/EngineMaterials/Substrate/Glints2/dict_0001_0218" 7587
"/Engine/EngineMaterials/Substrate/Glints2/dict_0001_0221" 7588
"../../../Engine/Content/EngineMaterials/Substrate/Glints2/dict_0001_0219.uasset" 7589
"/Engine/EngineMaterials/Substrate/Glints2/dict_0001_0220" 7590
"/Engine/EngineMaterials/Substrate/Glints2/dict_0001_0219" 7591
"../../../Engine/Content/EngineMaterials/Substrate/Glints2/dict_0001_0222.uasset" 7592
"../../../Engine/Content/EngineMaterials/Substrate/Glints2/dict_0001_0227.uasset" 7593
"../../../Engine/Content/EngineMaterials/Substrate/Glints2/dict_0001_0226.uasset" 7594
"../../../Engine/Content/EngineMaterials/Substrate/Glints2/dict_0001_0230.uasset" 7595
"../../../Engine/Content/EngineMaterials/Substrate/Glints2/dict_0001_0228.uasset" 7596
"../../../Engine/Content/EngineMaterials/Substrate/Glints2/dict_0001_0233.uasset" 7597
"../../../Engine/Content/EngineMaterials/Substrate/Glints2/dict_0001_0232.uasset" 7598
"/Engine/EngineMaterials/Substrate/Glints2/dict_0001_0228" 7599
"/Engine/EngineMaterials/Substrate/Glints2/dict_0001_0227" 7600
"/Engine/EngineMaterials/Substrate/Glints2/dict_0001_0226" 7601
"/Engine/EngineMaterials/Substrate/Glints2/dict_0001_0233" 7602
"../../../Engine/Content/EngineMaterials/Substrate/Glints2/dict_0001_0235.uasset" 7603
"/Engine/EngineMaterials/Substrate/Glints2/dict_0001_0232" 7604
"../../../Engine/Content/EngineMaterials/Substrate/Glints2/dict_0001_0229.uasset" 7605
"/Engine/EngineMaterials/Substrate/Glints2/dict_0001_0230" 7606
"/Engine/EngineMaterials/Substrate/Glints2/dict_0001_0222" 7607
"/Engine/EngineMaterials/Substrate/Glints2/dict_0001_0229" 7608
"/Engine/EngineMaterials/Substrate/Glints2/dict_0001_0235" 7609
"../../../Engine/Content/EngineMaterials/Substrate/Glints2/dict_0001_0231.uasset" 7610
"../../../Engine/Content/EngineMaterials/Substrate/Glints2/dict_0001_0225.uasset" 7611
"../../../Engine/Content/EngineMaterials/Substrate/Glints2/dict_0001_0236.uasset" 7612
"../../../Engine/Content/EngineMaterials/Substrate/Glints2/dict_0001_0234.uasset" 7613
"../../../Engine/Content/EngineMaterials/Substrate/Glints2/dict_0001_0240.uasset" 7614
"../../../Engine/Content/EngineMaterials/Substrate/Glints2/dict_0001_0237.uasset" 7615
"/Engine/EngineMaterials/Substrate/Glints2/dict_0001_0236" 7616
"/Engine/EngineMaterials/Substrate/Glints2/dict_0001_0234" 7617
"/Engine/EngineMaterials/Substrate/Glints2/dict_0001_0225" 7618
"../../../Engine/Content/EngineMaterials/Substrate/Glints2/dict_0001_0239.uasset" 7619
"/Engine/EngineMaterials/Substrate/Glints2/dict_0001_0240" 7620
"/Engine/EngineMaterials/Substrate/Glints2/dict_0001_0231" 7621
"/Engine/EngineMaterials/Substrate/Glints2/dict_0001_0237" 7622
"/Engine/EngineMaterials/Substrate/Glints2/dict_0001_0239" 7623
"../../../Engine/Content/EngineMaterials/Substrate/Glints2/dict_0001_0242.uasset" 7624
"../../../Engine/Content/EngineMaterials/Substrate/Glints2/dict_0001_0238.uasset" 7625
"../../../Engine/Content/EngineMaterials/Substrate/Glints2/dict_0001_0245.uasset" 7626
"../../../Engine/Content/EngineMaterials/Substrate/Glints2/dict_0001_0243.uasset" 7627
"../../../Engine/Content/EngineMaterials/Substrate/Glints2/dict_0001_0244.uasset" 7628
"../../../Engine/Content/EngineMaterials/Substrate/Glints2/dict_0001_0248.uasset" 7629
"../../../Engine/Content/EngineMaterials/Substrate/Glints2/dict_0001_0247.uasset" 7630
"../../../Engine/Content/EngineMaterials/Substrate/Glints2/dict_0001_0246.uasset" 7631
"/Engine/EngineMaterials/Substrate/Glints2/dict_0001_0238" 7632
"/Engine/EngineMaterials/Substrate/Glints2/dict_0001_0248" 7633
"/Engine/EngineMaterials/Substrate/Glints2/dict_0001_0247" 7634
"/Engine/EngineMaterials/Substrate/Glints2/dict_0001_0246" 7635
"../../../Engine/Content/EngineMaterials/Substrate/Glints2/dict_0001_0254.uasset" 7636
"/Engine/EngineMaterials/Substrate/Glints2/dict_0001_0245" 7637
"/Engine/EngineMaterials/Substrate/Glints2/dict_0001_0244" 7638
"/Engine/EngineMaterials/Substrate/Glints2/dict_0001_0243" 7639
"/Engine/EngineMaterials/Substrate/Glints2/dict_0001_0242" 7640
"/Engine/EngineMaterials/Substrate/Glints2/dict_0001_0254" 7641
"../../../Engine/Content/EngineMaterials/Substrate/Glints2/dict_0001_0251.uasset" 7642
"/Engine/EngineMaterials/Substrate/Glints2/dict_0001_0251" 7643
"../../../Engine/Content/EngineMaterials/Substrate/Glints2/dict_0001_0249.uasset" 7644
"../../../Engine/Content/EngineMaterials/Substrate/Glints2/dict_0001_0252.uasset" 7645
"../../../Engine/Content/EngineMaterials/Substrate/Glints2/dict_0002_0002.uasset" 7646
"../../../Engine/Content/EngineMaterials/Substrate/Glints2/dict_0001_0253.uasset" 7647
"../../../Engine/Content/EngineMaterials/Substrate/Glints2/dict_0001_0255.uasset" 7648
"../../../Engine/Content/EngineMaterials/Substrate/Glints2/dict_0002_0001.uasset" 7649
"../../../Engine/Content/EngineMaterials/Substrate/Glints2/dict_0002_0000.uasset" 7650
"../../../Engine/Content/EngineMaterials/Substrate/Glints2/dict_0001_0194.uasset" 7651
"../../../Engine/Content/EngineMaterials/Substrate/Glints2/dict_0001_0250.uasset" 7652
"/Engine/EngineMaterials/Substrate/Glints2/dict_0002_0001" 7653
"/Engine/EngineMaterials/Substrate/Glints2/dict_0001_0194" 7654
"/Engine/EngineMaterials/Substrate/Glints2/dict_0001_0255" 7655
"/Engine/EngineMaterials/Substrate/Glints2/dict_0001_0250" 7656
"/Engine/EngineMaterials/Substrate/Glints2/dict_0001_0249" 7657
"/Engine/EngineMaterials/Substrate/Glints2/dict_0001_0253" 7658
"/Engine/EngineMaterials/Substrate/Glints2/dict_0002_0002" 7659
"/Engine/EngineMaterials/Substrate/Glints2/dict_0001_0252" 7660
"/Engine/EngineMaterials/Substrate/Glints2/dict_0002_0000" 7661
"../../../Engine/Content/EngineMaterials/Substrate/Glints2/dict_0002_0004.uasset" 7662
"../../../Engine/Content/EngineMaterials/Substrate/Glints2/dict_0002_0008.uasset" 7663
"../../../Engine/Content/EngineMaterials/Substrate/Glints2/dict_0002_0006.uasset" 7664
"../../../Engine/Content/EngineMaterials/Substrate/Glints2/dict_0002_0003.uasset" 7665
"../../../Engine/Content/EngineMaterials/Substrate/Glints2/dict_0002_0009.uasset" 7666
"../../../Engine/Content/EngineMaterials/Substrate/Glints2/dict_0002_0014.uasset" 7667
"../../../Engine/Content/EngineMaterials/Substrate/Glints2/dict_0002_0005.uasset" 7668
"../../../Engine/Content/EngineMaterials/Substrate/Glints2/dict_0002_0007.uasset" 7669
"../../../Engine/Content/EngineMaterials/Substrate/Glints2/dict_0002_0013.uasset" 7670
"../../../Engine/Content/EngineMaterials/Substrate/Glints2/dict_0002_0012.uasset" 7671
"../../../Engine/Content/EngineMaterials/Substrate/Glints2/dict_0002_0011.uasset" 7672
"../../../Engine/Content/EngineMaterials/Substrate/Glints2/dict_0002_0017.uasset" 7673
"/Engine/EngineMaterials/Substrate/Glints2/dict_0002_0009" 7674
"../../../Engine/Content/EngineMaterials/Substrate/Glints2/dict_0001_0209.uasset" 7675
"/Engine/EngineMaterials/Substrate/Glints2/dict_0002_0017" 7676
"/Engine/EngineMaterials/Substrate/Glints2/dict_0002_0008" 7677
"/Engine/EngineMaterials/Substrate/Glints2/dict_0002_0007" 7678
"/Engine/EngineMaterials/Substrate/Glints2/dict_0002_0006" 7679
"/Engine/EngineMaterials/Substrate/Glints2/dict_0002_0005" 7680
"/Engine/EngineMaterials/Substrate/Glints2/dict_0002_0004" 7681
"/Engine/EngineMaterials/Substrate/Glints2/dict_0002_0003" 7682
"/Engine/EngineMaterials/Substrate/Glints2/dict_0002_0014" 7683
"../../../Engine/Content/EngineMaterials/Substrate/Glints2/dict_0002_0015.uasset" 7684
"../../../Engine/Content/EngineMaterials/Substrate/Glints2/dict_0002_0016.uasset" 7685
"/Engine/EngineMaterials/Substrate/Glints2/dict_0002_0013" 7686
"/Engine/EngineMaterials/Substrate/Glints2/dict_0002_0012" 7687
"/Engine/EngineMaterials/Substrate/Glints2/dict_0002_0011" 7688
"/Engine/EngineMaterials/Substrate/Glints2/dict_0001_0209" 7689
"/Engine/EngineMaterials/Substrate/Glints2/dict_0002_0016" 7690
"/Engine/EngineMaterials/Substrate/Glints2/dict_0002_0015" 7691
"../../../Engine/Content/EngineMaterials/Substrate/Glints2/dict_0002_0018.uasset" 7692
"../../../Engine/Content/EngineMaterials/Substrate/GLints/dict_16_192_64_0p5_0p02_0047_0006.uasset" 7693
"../../../Engine/Content/EngineMaterials/Substrate/Glints2/dict_0002_0019.uasset" 7694
"../../../Engine/Content/EngineMaterials/Substrate/Glints2/dict_0002_0020.uasset" 7695
"/Engine/EngineMaterials/Substrate/Glints2/dict_0002_0020" 7696
"/Engine/EngineMaterials/Substrate/Glints2/dict_0002_0019" 7697
"/Engine/EngineMaterials/Substrate/Glints2/dict_0002_0018" 7698
"/Engine/EngineMaterials/Substrate/GLints/dict_16_192_64_0p5_0p02_0047_0006" 7699
"../../../Engine/Content/EngineMaterials/Substrate/Glints2/dict_0002_0026.uasset" 7700
"../../../Engine/Content/EngineMaterials/Substrate/Glints2/dict_0002_0023.uasset" 7701
"../../../Engine/Content/EngineMaterials/Substrate/Glints2/dict_0002_0022.uasset" 7702
"../../../Engine/Content/EngineMaterials/Substrate/Glints2/dict_0002_0024.uasset" 7703
"../../../Engine/Content/EngineMaterials/Substrate/Glints2/dict_0002_0021.uasset" 7704
"../../../Engine/Content/EngineMaterials/Substrate/Glints2/dict_0002_0027.uasset" 7705
"../../../Engine/Content/EngineMaterials/Substrate/Glints2/dict_0001_0069.uasset" 7706
"../../../Engine/Content/EngineMaterials/Substrate/Glints2/dict_0002_0025.uasset" 7707
"../../../Engine/Content/EngineMaterials/Substrate/Glints2/dict_0002_0030.uasset" 7708
"/Engine/EngineMaterials/Substrate/Glints2/dict_0002_0027" 7709
"/Engine/EngineMaterials/Substrate/Glints2/dict_0002_0026" 7710
"/Engine/EngineMaterials/Substrate/Glints2/dict_0001_0069" 7711
"/Engine/EngineMaterials/Substrate/Glints2/dict_0002_0025" 7712
"/Engine/EngineMaterials/Substrate/Glints2/dict_0002_0024" 7713
"/Engine/EngineMaterials/Substrate/Glints2/dict_0002_0023" 7714
"/Engine/EngineMaterials/Substrate/Glints2/dict_0002_0022" 7715
"/Engine/EngineMaterials/Substrate/Glints2/dict_0002_0021" 7716
"/Engine/EngineMaterials/Substrate/Glints2/dict_0002_0030" 7717
"../../../Engine/Content/EngineMaterials/Substrate/Glints2/dict_0002_0029.uasset" 7718
"../../../Engine/Content/EngineMaterials/Substrate/Glints2/dict_0002_0035.uasset" 7719
"../../../Engine/Content/EngineMaterials/Substrate/GLints/dict_16_192_64_0p5_0p02_0059_0000.uasset" 7720
"../../../Engine/Content/EngineMaterials/Substrate/Glints2/dict_0002_0033.uasset" 7721
"../../../Engine/Content/EngineMaterials/Substrate/Glints2/dict_0002_0031.uasset" 7722
"../../../Engine/Content/EngineMaterials/Substrate/Glints2/dict_0002_0032.uasset" 7723
"../../../Engine/Content/EngineMaterials/Substrate/Glints2/dict_0001_0186.uasset" 7724
"../../../Engine/Content/EngineMaterials/Substrate/Glints2/dict_0002_0039.uasset" 7725
"../../../Engine/Content/EngineMaterials/Substrate/Glints2/dict_0002_0034.uasset" 7726
"../../../Engine/Content/EngineMaterials/Substrate/Glints2/dict_0002_0041.uasset" 7727
"../../../Engine/Content/EngineMaterials/Substrate/Glints2/dict_0002_0038.uasset" 7728
"/Engine/EngineMaterials/Substrate/GLints/dict_16_192_64_0p5_0p02_0059_0000" 7729
"/Engine/EngineMaterials/Substrate/Glints2/dict_0002_0032" 7730
"/Engine/EngineMaterials/Substrate/Glints2/dict_0002_0039" 7731
"../../../Engine/Content/EngineMaterials/Substrate/Glints2/dict_0002_0036.uasset" 7732
"/Engine/EngineMaterials/Substrate/Glints2/dict_0002_0038" 7733
"/Engine/EngineMaterials/Substrate/Glints2/dict_0002_0035" 7734
"/Engine/EngineMaterials/Substrate/Glints2/dict_0002_0031" 7735
"../../../Engine/Content/EngineMaterials/Substrate/Glints2/dict_0002_0040.uasset" 7736
"../../../Engine/Content/EngineMaterials/Substrate/Glints2/dict_0002_0043.uasset" 7737
"/Engine/EngineMaterials/Substrate/Glints2/dict_0002_0029" 7738
"/Engine/EngineMaterials/Substrate/Glints2/dict_0002_0034" 7739
"/Engine/EngineMaterials/Substrate/Glints2/dict_0001_0186" 7740
"/Engine/EngineMaterials/Substrate/Glints2/dict_0002_0033" 7741
"/Engine/EngineMaterials/Substrate/Glints2/dict_0002_0041" 7742
"/Engine/EngineMaterials/Substrate/Glints2/dict_0002_0036" 7743
"/Engine/EngineMaterials/Substrate/Glints2/dict_0002_0043" 7744
"/Engine/EngineMaterials/Substrate/Glints2/dict_0002_0040" 7745
"../../../Engine/Content/EngineMaterials/Substrate/Glints2/dict_0002_0045.uasset" 7746
"../../../Engine/Content/EngineMaterials/Substrate/Glints2/dict_0002_0044.uasset" 7747
"../../../Engine/Content/EngineMaterials/Substrate/Glints2/dict_0002_0047.uasset" 7748
"../../../Engine/Content/EngineMaterials/Substrate/Glints2/dict_0002_0050.uasset" 7749
"../../../Engine/Content/EngineMaterials/Substrate/Glints2/dict_0002_0052.uasset" 7750
"../../../Engine/Content/EngineMaterials/Substrate/Glints2/dict_0002_0051.uasset" 7751
"../../../Engine/Content/EngineMaterials/Substrate/Glints2/dict_0002_0053.uasset" 7752
"../../../Engine/Content/EngineMaterials/Substrate/Glints2/dict_0002_0037.uasset" 7753
"/Engine/EngineMaterials/Substrate/Glints2/dict_0002_0037" 7754
"/Engine/EngineMaterials/Substrate/Glints2/dict_0002_0053" 7755
"../../../Engine/Content/EngineMaterials/Substrate/Glints2/dict_0002_0048.uasset" 7756
"../../../Engine/Content/EngineMaterials/Substrate/Glints2/dict_0002_0042.uasset" 7757
"/Engine/EngineMaterials/Substrate/Glints2/dict_0002_0052" 7758
"/Engine/EngineMaterials/Substrate/Glints2/dict_0002_0051" 7759
"/Engine/EngineMaterials/Substrate/Glints2/dict_0002_0047" 7760
"/Engine/EngineMaterials/Substrate/Glints2/dict_0002_0050" 7761
"/Engine/EngineMaterials/Substrate/Glints2/dict_0002_0045" 7762
"../../../Engine/Content/EngineMaterials/Substrate/Glints2/dict_0002_0054.uasset" 7763
"../../../Engine/Content/EngineMaterials/Substrate/Glints2/dict_0002_0060.uasset" 7764
"/Engine/EngineMaterials/Substrate/Glints2/dict_0002_0044" 7765
"../../../Engine/Content/EngineMaterials/Substrate/Glints2/dict_0002_0049.uasset" 7766
"/Engine/EngineMaterials/Substrate/Glints2/dict_0002_0054" 7767
"../../../Engine/Content/EngineMaterials/Substrate/Glints2/dict_0002_0059.uasset" 7768
"/Engine/EngineMaterials/Substrate/Glints2/dict_0002_0048" 7769
"../../../Engine/Content/EngineMaterials/Substrate/Glints2/dict_0002_0057.uasset" 7770
"/Engine/EngineMaterials/Substrate/Glints2/dict_0002_0042" 7771
"/Engine/EngineMaterials/Substrate/Glints2/dict_0002_0060" 7772
"/Engine/EngineMaterials/Substrate/Glints2/dict_0002_0059" 7773
"/Engine/EngineMaterials/Substrate/Glints2/dict_0002_0057" 7774
"/Engine/EngineMaterials/Substrate/Glints2/dict_0002_0049" 7775
"../../../Engine/Content/EngineMaterials/Substrate/Glints2/dict_0002_0056.uasset" 7776
"../../../Engine/Content/EngineMaterials/Substrate/Glints2/dict_0002_0055.uasset" 7777
"../../../Engine/Content/EngineMaterials/Substrate/Glints2/dict_0002_0067.uasset" 7778
"../../../Engine/Content/EngineMaterials/Substrate/Glints2/dict_0002_0070.uasset" 7779
"../../../Engine/Content/EngineMaterials/Substrate/Glints2/dict_0002_0058.uasset" 7780
"../../../Engine/Content/EngineMaterials/Substrate/Glints2/dict_0002_0065.uasset" 7781
"../../../Engine/Content/EngineMaterials/Substrate/Glints2/dict_0002_0068.uasset" 7782
"/Engine/EngineMaterials/Substrate/Glints2/dict_0002_0058" 7783
"/Engine/EngineMaterials/Substrate/Glints2/dict_0002_0056" 7784
"/Engine/EngineMaterials/Substrate/Glints2/dict_0002_0070" 7785
"../../../Engine/Content/EngineMaterials/Substrate/Glints2/dict_0002_0069.uasset" 7786
"../../../Engine/Content/EngineMaterials/Substrate/Glints2/dict_0002_0062.uasset" 7787
"/Engine/EngineMaterials/Substrate/Glints2/dict_0002_0055" 7788
"/Engine/EngineMaterials/Substrate/Glints2/dict_0002_0068" 7789
"../../../Engine/Content/EngineMaterials/Substrate/Glints2/dict_0002_0066.uasset" 7790
"/Engine/EngineMaterials/Substrate/Glints2/dict_0002_0067" 7791
"/Engine/EngineMaterials/Substrate/Glints2/dict_0002_0065" 7792
"../../../Engine/Content/EngineMaterials/Substrate/Glints2/dict_0002_0071.uasset" 7793
"../../../Engine/Content/EngineMaterials/Substrate/Glints2/dict_0002_0063.uasset" 7794
"../../../Engine/Content/EngineMaterials/Substrate/Glints2/dict_0002_0064.uasset" 7795
"/Engine/EngineMaterials/Substrate/Glints2/dict_0002_0069" 7796
"../../../Engine/Content/EngineMaterials/Substrate/Glints2/dict_0002_0072.uasset" 7797
"/Engine/EngineMaterials/Substrate/Glints2/dict_0002_0066" 7798
"/Engine/EngineMaterials/Substrate/Glints2/dict_0002_0064" 7799
"/Engine/EngineMaterials/Substrate/Glints2/dict_0002_0063" 7800
"/Engine/EngineMaterials/Substrate/Glints2/dict_0002_0062" 7801
"/Engine/EngineMaterials/Substrate/Glints2/dict_0002_0071" 7802
"../../../Engine/Content/EngineMaterials/Substrate/Glints2/dict_0002_0073.uasset" 7803
"/Engine/EngineMaterials/Substrate/Glints2/dict_0002_0072" 7804
"/Engine/EngineMaterials/Substrate/Glints2/dict_0002_0073" 7805
"../../../Engine/Content/EngineMaterials/Substrate/Glints2/dict_0002_0061.uasset" 7806
"../../../Engine/Content/EngineMaterials/Substrate/Glints2/dict_0002_0074.uasset" 7807
"../../../Engine/Content/EngineMaterials/Substrate/Glints2/dict_0002_0083.uasset" 7808
"../../../Engine/Content/EngineMaterials/Substrate/Glints2/dict_0002_0082.uasset" 7809
"../../../Engine/Content/EngineMaterials/Substrate/Glints2/dict_0002_0075.uasset" 7810
"../../../Engine/Content/EngineMaterials/Substrate/Glints2/dict_0002_0076.uasset" 7811
"/Engine/EngineMaterials/Substrate/Glints2/dict_0002_0083" 7812
"/Engine/EngineMaterials/Substrate/Glints2/dict_0002_0082" 7813
"/Engine/EngineMaterials/Substrate/Glints2/dict_0002_0074" 7814
"../../../Engine/Content/EngineMaterials/Substrate/Glints2/dict_0002_0081.uasset" 7815
"/Engine/EngineMaterials/Substrate/Glints2/dict_0002_0061" 7816
"/Engine/EngineMaterials/Substrate/Glints2/dict_0002_0075" 7817
"../../../Engine/Content/EngineMaterials/Substrate/Glints2/dict_0002_0077.uasset" 7818
"/Engine/EngineMaterials/Substrate/Glints2/dict_0002_0076" 7819
"/Engine/EngineMaterials/Substrate/Glints2/dict_0002_0081" 7820
"../../../Engine/Content/EngineMaterials/Substrate/Glints2/dict_0002_0080.uasset" 7821
"/Engine/EngineMaterials/Substrate/Glints2/dict_0002_0077" 7822
"/Engine/EngineMaterials/Substrate/Glints2/dict_0002_0080" 7823
"../../../Engine/Content/EngineMaterials/Substrate/Glints2/dict_0002_0078.uasset" 7824
"../../../Engine/Content/EngineMaterials/Substrate/Glints2/dict_0002_0085.uasset" 7825
"../../../Engine/Content/EngineMaterials/Substrate/Glints2/dict_0002_0088.uasset" 7826
"../../../Engine/Content/EngineMaterials/Substrate/Glints2/dict_0002_0087.uasset" 7827
"../../../Engine/Content/EngineMaterials/Substrate/Glints2/dict_0002_0079.uasset" 7828
"/Engine/EngineMaterials/Substrate/Glints2/dict_0002_0079" 7829
"/Engine/EngineMaterials/Substrate/Glints2/dict_0002_0078" 7830
"../../../Engine/Content/EngineMaterials/Substrate/Glints2/dict_0002_0089.uasset" 7831
"/Engine/EngineMaterials/Substrate/Glints2/dict_0002_0088" 7832
"../../../Engine/Content/EngineMaterials/Substrate/Glints2/dict_0002_0086.uasset" 7833
"/Engine/EngineMaterials/Substrate/Glints2/dict_0002_0087" 7834
"/Engine/EngineMaterials/Substrate/Glints2/dict_0002_0085" 7835
"/Engine/EngineMaterials/Substrate/Glints2/dict_0002_0089" 7836
"/Engine/EngineMaterials/Substrate/Glints2/dict_0002_0086" 7837
"../../../Engine/Content/EngineMaterials/Substrate/Glints2/dict_0002_0094.uasset" 7838
"../../../Engine/Content/EngineMaterials/Substrate/Glints2/dict_0002_0092.uasset" 7839
"../../../Engine/Content/EngineMaterials/Substrate/Glints2/dict_0002_0090.uasset" 7840
"../../../Engine/Content/EngineMaterials/Substrate/Glints2/dict_0002_0091.uasset" 7841
"../../../Engine/Content/EngineMaterials/Substrate/Glints2/dict_0002_0096.uasset" 7842
"../../../Engine/Content/EngineMaterials/Substrate/Glints2/dict_0002_0093.uasset" 7843
"../../../Engine/Content/EngineMaterials/Substrate/Glints2/dict_0002_0095.uasset" 7844
"../../../Engine/Content/EngineMaterials/Substrate/Glints2/dict_0002_0098.uasset" 7845
"../../../Engine/Content/EngineMaterials/Substrate/Glints2/dict_0002_0099.uasset" 7846
"../../../Engine/Content/EngineMaterials/Substrate/Glints2/dict_0002_0102.uasset" 7847
"../../../Engine/Content/EngineMaterials/Substrate/Glints2/dict_0002_0101.uasset" 7848
"../../../Engine/Content/EngineMaterials/Substrate/Glints2/dict_0002_0100.uasset" 7849
"/Engine/EngineMaterials/Substrate/Glints2/dict_0002_0100" 7850
"../../../Engine/Content/EngineMaterials/Substrate/Glints2/dict_0000_0178.uasset" 7851
"/Engine/EngineMaterials/Substrate/Glints2/dict_0002_0099" 7852
"/Engine/EngineMaterials/Substrate/Glints2/dict_0002_0096" 7853
"/Engine/EngineMaterials/Substrate/Glints2/dict_0002_0098" 7854
"/Engine/EngineMaterials/Substrate/Glints2/dict_0002_0095" 7855
"/Engine/EngineMaterials/Substrate/Glints2/dict_0002_0092" 7856
"/Engine/EngineMaterials/Substrate/Glints2/dict_0002_0090" 7857
"/Engine/EngineMaterials/Substrate/Glints2/dict_0002_0101" 7858
"/Engine/EngineMaterials/Substrate/Glints2/dict_0002_0094" 7859
"/Engine/EngineMaterials/Substrate/Glints2/dict_0002_0091" 7860
"/Engine/EngineMaterials/Substrate/Glints2/dict_0002_0093" 7861
"/Engine/EngineMaterials/Substrate/Glints2/dict_0002_0102" 7862
"../../../Engine/Content/EngineMaterials/Substrate/Glints2/dict_0002_0105.uasset" 7863
"/Engine/EngineMaterials/Substrate/Glints2/dict_0000_0178" 7864
"/Engine/EngineMaterials/Substrate/Glints2/dict_0002_0105" 7865
"../../../Engine/Content/EngineMaterials/Substrate/Glints2/dict_0002_0103.uasset" 7866
"../../../Engine/Content/EngineMaterials/Substrate/Glints2/dict_0002_0104.uasset" 7867
"../../../Engine/Content/EngineMaterials/Substrate/Glints2/dict_0002_0111.uasset" 7868
"../../../Engine/Content/EngineMaterials/Substrate/Glints2/dict_0002_0113.uasset" 7869
"../../../Engine/Content/EngineMaterials/Substrate/Glints2/dict_0002_0110.uasset" 7870
"../../../Engine/Content/EngineMaterials/Substrate/GLints/dict_16_192_64_0p5_0p02_0044_0006.uasset" 7871
"../../../Engine/Content/EngineMaterials/Substrate/Glints2/dict_0002_0107.uasset" 7872
"../../../Engine/Content/EngineMaterials/Substrate/Glints2/dict_0002_0115.uasset" 7873
"../../../Engine/Content/EngineMaterials/Substrate/Glints2/dict_0002_0108.uasset" 7874
"../../../Engine/Content/EngineMaterials/Substrate/Glints2/dict_0002_0106.uasset" 7875
"../../../Engine/Content/EngineMaterials/Substrate/Glints2/dict_0002_0114.uasset" 7876
"../../../Engine/Content/EngineMaterials/Substrate/Glints2/dict_0002_0109.uasset" 7877
"/Engine/EngineMaterials/Substrate/Glints2/dict_0002_0115" 7878
"../../../Engine/Content/EngineMaterials/Substrate/Glints2/dict_0001_0224.uasset" 7879
"/Engine/EngineMaterials/Substrate/Glints2/dict_0002_0114" 7880
"../../../Engine/Content/EngineMaterials/Substrate/Glints2/dict_0002_0112.uasset" 7881
"../../../Engine/Content/EngineMaterials/Substrate/Glints2/dict_0000_0114.uasset" 7882
"/Engine/EngineMaterials/Substrate/Glints2/dict_0002_0113" 7883
"/Engine/EngineMaterials/Substrate/Glints2/dict_0002_0106" 7884
"/Engine/EngineMaterials/Substrate/Glints2/dict_0002_0108" 7885
"/Engine/EngineMaterials/Substrate/Glints2/dict_0002_0104" 7886
"/Engine/EngineMaterials/Substrate/Glints2/dict_0002_0103" 7887
"/Engine/EngineMaterials/Substrate/GLints/dict_16_192_64_0p5_0p02_0044_0006" 7888
"/Engine/EngineMaterials/Substrate/Glints2/dict_0002_0107" 7889
"../../../Engine/Content/EngineMaterials/Substrate/Glints2/dict_0002_0118.uasset" 7890
"/Engine/EngineMaterials/Substrate/Glints2/dict_0002_0111" 7891
"../../../Engine/Content/EngineMaterials/Substrate/Glints2/dict_0002_0116.uasset" 7892
"/Engine/EngineMaterials/Substrate/Glints2/dict_0002_0110" 7893
"/Engine/EngineMaterials/Substrate/Glints2/dict_0002_0109" 7894
"../../../Engine/Content/EngineMaterials/Substrate/Glints2/dict_0002_0084.uasset" 7895
"/Engine/EngineMaterials/Substrate/Glints2/dict_0002_0084" 7896
"/Engine/EngineMaterials/Substrate/Glints2/dict_0002_0118" 7897
"/Engine/EngineMaterials/Substrate/Glints2/dict_0002_0116" 7898
"../../../Engine/Content/EngineMaterials/Substrate/Glints2/dict_0002_0117.uasset" 7899
"/Engine/EngineMaterials/Substrate/Glints2/dict_0000_0114" 7900
"/Engine/EngineMaterials/Substrate/Glints2/dict_0001_0224" 7901
"/Engine/EngineMaterials/Substrate/Glints2/dict_0002_0112" 7902
"/Engine/EngineMaterials/Substrate/Glints2/dict_0002_0117" 7903
"../../../Engine/Content/EngineMaterials/Substrate/Glints2/dict_0002_0121.uasset" 7904
"../../../Engine/Content/EngineMaterials/Substrate/Glints2/dict_0002_0120.uasset" 7905
"../../../Engine/Content/EngineMaterials/Substrate/Glints2/dict_0002_0129.uasset" 7906
"../../../Engine/Content/EngineMaterials/Substrate/Glints2/dict_0002_0132.uasset" 7907
"../../../Engine/Content/EngineMaterials/Substrate/Glints2/dict_0002_0122.uasset" 7908
"../../../Engine/Content/EngineMaterials/Substrate/Glints2/dict_0002_0119.uasset" 7909
"../../../Engine/Content/EngineMaterials/Substrate/Glints2/dict_0002_0128.uasset" 7910
"../../../Engine/Content/EngineMaterials/Substrate/Glints2/dict_0002_0127.uasset" 7911
"/Engine/EngineMaterials/Substrate/Glints2/dict_0002_0120" 7912
"/Engine/EngineMaterials/Substrate/Glints2/dict_0002_0119" 7913
"/Engine/EngineMaterials/Substrate/Glints2/dict_0002_0132" 7914
"../../../Engine/Content/EngineMaterials/Substrate/Glints2/dict_0002_0131.uasset" 7915
"/Engine/EngineMaterials/Substrate/Glints2/dict_0002_0122" 7916
"../../../Engine/Content/EngineMaterials/Substrate/Glints2/dict_0002_0134.uasset" 7917
"/Engine/EngineMaterials/Substrate/Glints2/dict_0002_0121" 7918
"/Engine/EngineMaterials/Substrate/Glints2/dict_0002_0129" 7919
"/Engine/EngineMaterials/Substrate/Glints2/dict_0002_0128" 7920
"/Engine/EngineMaterials/Substrate/Glints2/dict_0002_0127" 7921
"/Engine/EngineMaterials/Substrate/Glints2/dict_0002_0134" 7922
"../../../Engine/Content/EngineMaterials/Substrate/Glints2/dict_0002_0126.uasset" 7923
"/Engine/EngineMaterials/Substrate/Glints2/dict_0002_0131" 7924
"../../../Engine/Content/EngineMaterials/Substrate/Glints2/dict_0002_0136.uasset" 7925
"/Engine/EngineMaterials/Substrate/Glints2/dict_0002_0136" 7926
"../../../Engine/Content/EngineMaterials/Substrate/Glints2/dict_0002_0137.uasset" 7927
"/Engine/EngineMaterials/Substrate/Glints2/dict_0002_0126" 7928
"/Engine/EngineMaterials/Substrate/Glints2/dict_0002_0137" 7929
"../../../Engine/Content/EngineMaterials/Substrate/Glints2/dict_0002_0130.uasset" 7930
"/Engine/EngineMaterials/Substrate/Glints2/dict_0002_0130" 7931
"../../../Engine/Content/EngineMaterials/Substrate/Glints2/dict_0002_0123.uasset" 7932
"../../../Engine/Content/EngineMaterials/Substrate/Glints2/dict_0002_0124.uasset" 7933
"../../../Engine/Content/EngineMaterials/Substrate/Glints2/dict_0002_0125.uasset" 7934
"../../../Engine/Content/EngineMaterials/Substrate/Glints2/dict_0002_0135.uasset" 7935
"../../../Engine/Content/EngineMaterials/Substrate/Glints2/dict_0002_0140.uasset" 7936
"../../../Engine/Content/EngineMaterials/Substrate/Glints2/dict_0002_0133.uasset" 7937
"../../../Engine/Content/EngineMaterials/Substrate/Glints2/dict_0002_0142.uasset" 7938
"/Engine/EngineMaterials/Substrate/Glints2/dict_0002_0140" 7939
"../../../Engine/Content/EngineMaterials/Substrate/Glints2/dict_0002_0144.uasset" 7940
"../../../Engine/Content/EngineMaterials/Substrate/Glints2/dict_0002_0147.uasset" 7941
"/Engine/EngineMaterials/Substrate/Glints2/dict_0002_0133" 7942
"../../../Engine/Content/EngineMaterials/Substrate/Glints2/dict_0002_0138.uasset" 7943
"../../../Engine/Content/EngineMaterials/Substrate/Glints2/dict_0002_0141.uasset" 7944
"/Engine/EngineMaterials/Substrate/Glints2/dict_0002_0142" 7945
"../../../Engine/Content/EngineMaterials/Substrate/Glints2/dict_0002_0139.uasset" 7946
"/Engine/EngineMaterials/Substrate/Glints2/dict_0002_0135" 7947
"/Engine/EngineMaterials/Substrate/Glints2/dict_0002_0125" 7948
"/Engine/EngineMaterials/Substrate/Glints2/dict_0002_0124" 7949
"/Engine/EngineMaterials/Substrate/Glints2/dict_0002_0123" 7950
"../../../Engine/Content/EngineMaterials/Substrate/Glints2/dict_0002_0145.uasset" 7951
"../../../Engine/Content/EngineMaterials/Substrate/Glints2/dict_0002_0146.uasset" 7952
"/Engine/EngineMaterials/Substrate/Glints2/dict_0002_0139" 7953
"/Engine/EngineMaterials/Substrate/Glints2/dict_0002_0141" 7954
"/Engine/EngineMaterials/Substrate/Glints2/dict_0002_0138" 7955
"/Engine/EngineMaterials/Substrate/Glints2/dict_0002_0147" 7956
"/Engine/EngineMaterials/Substrate/Glints2/dict_0002_0146" 7957
"../../../Engine/Content/EngineMaterials/Substrate/Glints2/dict_0002_0143.uasset" 7958
"/Engine/EngineMaterials/Substrate/Glints2/dict_0002_0145" 7959
"/Engine/EngineMaterials/Substrate/Glints2/dict_0002_0144" 7960
"/Engine/EngineMaterials/Substrate/Glints2/dict_0002_0143" 7961
"../../../Engine/Content/EngineMaterials/Substrate/Glints2/dict_0002_0149.uasset" 7962
"../../../Engine/Content/EngineMaterials/Substrate/Glints2/dict_0002_0154.uasset" 7963
"../../../Engine/Content/EngineMaterials/Substrate/Glints2/dict_0002_0156.uasset" 7964
"../../../Engine/Content/EngineMaterials/Substrate/Glints2/dict_0002_0148.uasset" 7965
"../../../Engine/Content/EngineMaterials/Substrate/Glints2/dict_0002_0151.uasset" 7966
"../../../Engine/Content/EngineMaterials/Substrate/Glints2/dict_0002_0150.uasset" 7967
"../../../Engine/Content/EngineMaterials/Substrate/Glints2/dict_0002_0152.uasset" 7968
"/Engine/EngineMaterials/Substrate/Glints2/dict_0002_0149" 7969
"../../../Engine/Content/EngineMaterials/Substrate/Glints2/dict_0002_0158.uasset" 7970
"/Engine/EngineMaterials/Substrate/Glints2/dict_0002_0148" 7971
"/Engine/EngineMaterials/Substrate/Glints2/dict_0002_0151" 7972
"../../../Engine/Content/EngineMaterials/Substrate/Glints2/dict_0002_0153.uasset" 7973
"/Engine/EngineMaterials/Substrate/Glints2/dict_0002_0150" 7974
"../../../Engine/Content/EngineMaterials/Substrate/Glints2/dict_0002_0160.uasset" 7975
"/Engine/EngineMaterials/Substrate/Glints2/dict_0002_0154" 7976
"/Engine/EngineMaterials/Substrate/Glints2/dict_0002_0152" 7977
"/Engine/EngineMaterials/Substrate/Glints2/dict_0002_0156" 7978
"/Engine/EngineMaterials/Substrate/Glints2/dict_0002_0153" 7979
"/Engine/EngineMaterials/Substrate/Glints2/dict_0002_0160" 7980
"../../../Engine/Content/EngineMaterials/Substrate/Glints2/dict_0002_0161.uasset" 7981
"/Engine/EngineMaterials/Substrate/Glints2/dict_0002_0158" 7982
"../../../Engine/Content/EngineMaterials/Substrate/Glints2/dict_0002_0159.uasset" 7983
"/Engine/EngineMaterials/Substrate/Glints2/dict_0002_0161" 7984
"/Engine/EngineMaterials/Substrate/Glints2/dict_0002_0159" 7985
"../../../Engine/Content/EngineMaterials/Substrate/Glints2/dict_0002_0155.uasset" 7986
"../../../Engine/Content/EngineMaterials/Substrate/Glints2/dict_0002_0165.uasset" 7987
"../../../Engine/Content/EngineMaterials/Substrate/Glints2/dict_0002_0162.uasset" 7988
"../../../Engine/Content/EngineMaterials/Substrate/Glints2/dict_0002_0169.uasset" 7989
"../../../Engine/Content/EngineMaterials/Substrate/Glints2/dict_0002_0157.uasset" 7990
"../../../Engine/Content/EngineMaterials/Substrate/Glints2/dict_0002_0163.uasset" 7991
"../../../Engine/Content/EngineMaterials/Substrate/Glints2/dict_0002_0164.uasset" 7992
"../../../Engine/Content/EngineMaterials/Substrate/Glints2/dict_0002_0166.uasset" 7993
"/Engine/EngineMaterials/Substrate/Glints2/dict_0002_0162" 7994
"../../../Engine/Content/EngineMaterials/Substrate/Glints2/dict_0002_0168.uasset" 7995
"/Engine/EngineMaterials/Substrate/Glints2/dict_0002_0169" 7996
"/Engine/EngineMaterials/Substrate/Glints2/dict_0002_0166" 7997
"/Engine/EngineMaterials/Substrate/Glints2/dict_0002_0165" 7998
"/Engine/EngineMaterials/Substrate/Glints2/dict_0002_0155" 7999
"/Engine/EngineMaterials/Substrate/Glints2/dict_0002_0164" 8000
"/Engine/EngineMaterials/Substrate/Glints2/dict_0002_0163" 8001
"/Engine/EngineMaterials/Substrate/Glints2/dict_0002_0157" 8002
"/Engine/EngineMaterials/Substrate/Glints2/dict_0002_0168" 8003
"../../../Engine/Content/EngineMaterials/Substrate/Glints2/dict_0002_0167.uasset" 8004
"../../../Engine/Content/EngineMaterials/Substrate/Glints2/dict_0002_0176.uasset" 8005
"../../../Engine/Content/EngineMaterials/Substrate/Glints2/dict_0002_0177.uasset" 8006
"../../../Engine/Content/EngineMaterials/Substrate/Glints2/dict_0002_0171.uasset" 8007
"../../../Engine/Content/EngineMaterials/Substrate/Glints2/dict_0002_0174.uasset" 8008
"../../../Engine/Content/EngineMaterials/Substrate/Glints2/dict_0002_0172.uasset" 8009
"../../../Engine/Content/EngineMaterials/Substrate/Glints2/dict_0002_0175.uasset" 8010
"../../../Engine/Content/EngineMaterials/Substrate/Glints2/dict_0002_0173.uasset" 8011
"../../../Engine/Content/EngineMaterials/Substrate/Glints2/dict_0002_0179.uasset" 8012
"../../../Engine/Content/EngineMaterials/Substrate/Glints2/dict_0002_0180.uasset" 8013
"../../../Engine/Content/EngineMaterials/Substrate/Glints2/dict_0002_0178.uasset" 8014
"../../../Engine/Content/EngineMaterials/Substrate/Glints2/dict_0002_0182.uasset" 8015
"/Engine/EngineMaterials/Substrate/Glints2/dict_0002_0177" 8016
"/Engine/EngineMaterials/Substrate/Glints2/dict_0002_0176" 8017
"/Engine/EngineMaterials/Substrate/Glints2/dict_0002_0167" 8018
"/Engine/EngineMaterials/Substrate/Glints2/dict_0002_0175" 8019
"/Engine/EngineMaterials/Substrate/Glints2/dict_0002_0182" 8020
"../../../Engine/Content/EngineMaterials/Substrate/Glints2/dict_0002_0181.uasset" 8021
"/Engine/EngineMaterials/Substrate/Glints2/dict_0002_0174" 8022
"/Engine/EngineMaterials/Substrate/Glints2/dict_0002_0173" 8023
"/Engine/EngineMaterials/Substrate/Glints2/dict_0002_0180" 8024
"/Engine/EngineMaterials/Substrate/Glints2/dict_0002_0179" 8025
"/Engine/EngineMaterials/Substrate/Glints2/dict_0002_0172" 8026
"/Engine/EngineMaterials/Substrate/Glints2/dict_0002_0178" 8027
"/Engine/EngineMaterials/Substrate/Glints2/dict_0002_0171" 8028
"/Engine/EngineMaterials/Substrate/Glints2/dict_0002_0181" 8029
"../../../Engine/Content/EngineMaterials/Substrate/Glints2/dict_0002_0183.uasset" 8030
"../../../Engine/Content/EngineMaterials/Substrate/Glints2/dict_0002_0187.uasset" 8031
"../../../Engine/Content/EngineMaterials/Substrate/Glints2/dict_0002_0184.uasset" 8032
"../../../Engine/Content/EngineMaterials/Substrate/Glints2/dict_0002_0189.uasset" 8033
"../../../Engine/Content/EngineMaterials/Substrate/Glints2/dict_0002_0190.uasset" 8034
"../../../Engine/Content/EngineMaterials/Substrate/Glints2/dict_0002_0186.uasset" 8035
"../../../Engine/Content/EngineMaterials/Substrate/Glints2/dict_0002_0185.uasset" 8036
"../../../Engine/Content/EngineMaterials/Substrate/Glints2/dict_0002_0191.uasset" 8037
"../../../Engine/Content/EngineMaterials/Substrate/Glints2/dict_0002_0193.uasset" 8038
"/Engine/EngineMaterials/Substrate/Glints2/dict_0002_0190" 8039
"/Engine/EngineMaterials/Substrate/Glints2/dict_0002_0189" 8040
"/Engine/EngineMaterials/Substrate/Glints2/dict_0002_0191" 8041
"/Engine/EngineMaterials/Substrate/Glints2/dict_0002_0187" 8042
"/Engine/EngineMaterials/Substrate/Glints2/dict_0002_0186" 8043
"/Engine/EngineMaterials/Substrate/Glints2/dict_0002_0185" 8044
"/Engine/EngineMaterials/Substrate/Glints2/dict_0002_0184" 8045
"/Engine/EngineMaterials/Substrate/Glints2/dict_0002_0193" 8046
"/Engine/EngineMaterials/Substrate/Glints2/dict_0002_0183" 8047
"../../../Engine/Content/EngineMaterials/Substrate/Glints2/dict_0002_0195.uasset" 8048
"../../../Engine/Content/EngineMaterials/Substrate/Glints2/dict_0002_0192.uasset" 8049
"../../../Engine/Content/EngineMaterials/Substrate/Glints2/dict_0002_0194.uasset" 8050
"../../../Engine/Content/EngineMaterials/Substrate/Glints2/dict_0002_0197.uasset" 8051
"../../../Engine/Content/EngineMaterials/Substrate/Glints2/dict_0002_0201.uasset" 8052
"/Engine/EngineMaterials/Substrate/Glints2/dict_0002_0201" 8053
"/Engine/EngineMaterials/Substrate/Glints2/dict_0002_0197" 8054
"/Engine/EngineMaterials/Substrate/Glints2/dict_0002_0195" 8055
"/Engine/EngineMaterials/Substrate/Glints2/dict_0002_0194" 8056
"/Engine/EngineMaterials/Substrate/Glints2/dict_0002_0192" 8057
"../../../Engine/Content/EngineMaterials/Substrate/Glints2/dict_0002_0200.uasset" 8058
"../../../Engine/Content/EngineMaterials/Substrate/Glints2/dict_0002_0196.uasset" 8059
"../../../Engine/Content/EngineMaterials/Substrate/Glints2/dict_0002_0203.uasset" 8060
"../../../Engine/Content/EngineMaterials/Substrate/Glints2/dict_0002_0202.uasset" 8061
"../../../Engine/Content/EngineMaterials/Substrate/Glints2/dict_0002_0199.uasset" 8062
"../../../Engine/Content/EngineMaterials/Substrate/Glints2/dict_0002_0198.uasset" 8063
"../../../Engine/Content/EngineMaterials/Substrate/Glints2/dict_0002_0207.uasset" 8064
"../../../Engine/Content/EngineMaterials/Substrate/Glints2/dict_0002_0204.uasset" 8065
"/Engine/EngineMaterials/Substrate/Glints2/dict_0002_0203" 8066
"/Engine/EngineMaterials/Substrate/Glints2/dict_0002_0202" 8067
"/Engine/EngineMaterials/Substrate/Glints2/dict_0002_0200" 8068
"/Engine/EngineMaterials/Substrate/Glints2/dict_0002_0199" 8069
"../../../Engine/Content/EngineMaterials/Substrate/Glints2/dict_0002_0205.uasset" 8070
"/Engine/EngineMaterials/Substrate/Glints2/dict_0002_0198" 8071
"/Engine/EngineMaterials/Substrate/Glints2/dict_0002_0196" 8072
"/Engine/EngineMaterials/Substrate/Glints2/dict_0002_0207" 8073
"/Engine/EngineMaterials/Substrate/Glints2/dict_0002_0204" 8074
"../../../Engine/Content/EngineMaterials/Substrate/Glints2/dict_0002_0206.uasset" 8075
"/Engine/EngineMaterials/Substrate/Glints2/dict_0002_0206" 8076
"/Engine/EngineMaterials/Substrate/Glints2/dict_0002_0205" 8077
"../../../Engine/Content/EngineMaterials/Substrate/Glints2/dict_0002_0211.uasset" 8078
"../../../Engine/Content/EngineMaterials/Substrate/Glints2/dict_0002_0212.uasset" 8079
"../../../Engine/Content/EngineMaterials/Substrate/Glints2/dict_0002_0188.uasset" 8080
"../../../Engine/Content/EngineMaterials/Substrate/Glints2/dict_0002_0213.uasset" 8081
"../../../Engine/Content/EngineMaterials/Substrate/Glints2/dict_0002_0216.uasset" 8082
"../../../Engine/Content/EngineMaterials/Substrate/Glints2/dict_0002_0215.uasset" 8083
"../../../Engine/Content/EngineMaterials/Substrate/Glints2/dict_0001_0241.uasset" 8084
"/Engine/EngineMaterials/Substrate/Glints2/dict_0002_0213" 8085
"/Engine/EngineMaterials/Substrate/Glints2/dict_0002_0212" 8086
"/Engine/EngineMaterials/Substrate/Glints2/dict_0002_0211" 8087
"/Engine/EngineMaterials/Substrate/Glints2/dict_0002_0188" 8088
"/Engine/EngineMaterials/Substrate/Glints2/dict_0002_0216" 8089
"/Engine/EngineMaterials/Substrate/Glints2/dict_0002_0215" 8090
"/Engine/EngineMaterials/Substrate/Glints2/dict_0001_0241" 8091
"../../../Engine/Content/EngineMaterials/Substrate/Glints2/dict_0002_0219.uasset" 8092
"../../../Engine/Content/EngineMaterials/Substrate/Glints2/dict_0002_0224.uasset" 8093
"../../../Engine/Content/EngineMaterials/Substrate/Glints2/dict_0002_0221.uasset" 8094
"../../../Engine/Content/EngineMaterials/Substrate/Glints2/dict_0002_0220.uasset" 8095
"../../../Engine/Content/EngineMaterials/Substrate/Glints2/dict_0002_0223.uasset" 8096
"../../../Engine/Content/EngineMaterials/Substrate/Glints2/dict_0002_0225.uasset" 8097
"/Engine/EngineMaterials/Substrate/Glints2/dict_0002_0225" 8098
"/Engine/EngineMaterials/Substrate/Glints2/dict_0002_0224" 8099
"/Engine/EngineMaterials/Substrate/Glints2/dict_0002_0223" 8100
"/Engine/EngineMaterials/Substrate/Glints2/dict_0002_0221" 8101
"/Engine/EngineMaterials/Substrate/Glints2/dict_0002_0220" 8102
"/Engine/EngineMaterials/Substrate/Glints2/dict_0002_0219" 8103
"../../../Engine/Content/EngineMaterials/Substrate/Glints2/dict_0002_0229.uasset" 8104
"../../../Engine/Content/EngineMaterials/Substrate/Glints2/dict_0002_0227.uasset" 8105
"../../../Engine/Content/EngineMaterials/Substrate/Glints2/dict_0002_0228.uasset" 8106
"../../../Engine/Content/EngineMaterials/Substrate/Glints2/dict_0002_0230.uasset" 8107
"../../../Engine/Content/EngineMaterials/Substrate/Glints2/dict_0002_0210.uasset" 8108
"../../../Engine/Content/EngineMaterials/Substrate/Glints2/dict_0002_0233.uasset" 8109
"../../../Engine/Content/EngineMaterials/Substrate/Glints2/dict_0002_0232.uasset" 8110
"../../../Engine/Content/EngineMaterials/Substrate/Glints2/dict_0002_0231.uasset" 8111
"/Engine/EngineMaterials/Substrate/Glints2/dict_0002_0233" 8112
"../../../Engine/Content/EngineMaterials/Substrate/Glints2/dict_0002_0046.uasset" 8113
"/Engine/EngineMaterials/Substrate/Glints2/dict_0002_0232" 8114
"/Engine/EngineMaterials/Substrate/Glints2/dict_0002_0210" 8115
"/Engine/EngineMaterials/Substrate/Glints2/dict_0002_0231" 8116
"/Engine/EngineMaterials/Substrate/Glints2/dict_0002_0230" 8117
"../../../Engine/Content/EngineMaterials/Substrate/Glints2/dict_0002_0234.uasset" 8118
"/Engine/EngineMaterials/Substrate/Glints2/dict_0002_0228" 8119
"/Engine/EngineMaterials/Substrate/Glints2/dict_0002_0227" 8120
"../../../Engine/Content/EngineMaterials/Substrate/Glints2/dict_0002_0236.uasset" 8121
"../../../Engine/Content/EngineMaterials/Substrate/Glints2/dict_0002_0235.uasset" 8122
"/Engine/EngineMaterials/Substrate/Glints2/dict_0002_0229" 8123
"/Engine/EngineMaterials/Substrate/Glints2/dict_0002_0235" 8124
"/Engine/EngineMaterials/Substrate/Glints2/dict_0002_0234" 8125
"/Engine/EngineMaterials/Substrate/Glints2/dict_0002_0046" 8126
"/Engine/EngineMaterials/Substrate/Glints2/dict_0002_0236" 8127
"../../../Engine/Content/EngineMaterials/Substrate/Glints2/dict_0002_0240.uasset" 8128
"../../../Engine/Content/EngineMaterials/Substrate/Glints2/dict_0002_0239.uasset" 8129
"../../../Engine/Content/EngineMaterials/Substrate/Glints2/dict_0002_0238.uasset" 8130
"../../../Engine/Content/EngineMaterials/Substrate/Glints2/dict_0002_0170.uasset" 8131
"/Engine/EngineMaterials/Substrate/Glints2/dict_0002_0240" 8132
"/Engine/EngineMaterials/Substrate/Glints2/dict_0002_0239" 8133
"/Engine/EngineMaterials/Substrate/Glints2/dict_0002_0238" 8134
"/Engine/EngineMaterials/Substrate/Glints2/dict_0002_0170" 8135
"../../../Engine/Content/EngineMaterials/Substrate/Glints2/dict_0002_0247.uasset" 8136
"../../../Engine/Content/EngineMaterials/Substrate/Glints2/dict_0002_0242.uasset" 8137
"../../../Engine/Content/EngineMaterials/Substrate/Glints2/dict_0002_0244.uasset" 8138
"../../../Engine/Content/EngineMaterials/Substrate/Glints2/dict_0002_0246.uasset" 8139
"../../../Engine/Content/EngineMaterials/Substrate/Glints2/dict_0002_0245.uasset" 8140
"../../../Engine/Content/EngineMaterials/Substrate/Glints2/dict_0002_0243.uasset" 8141
"../../../Engine/Content/EngineMaterials/Substrate/Glints2/dict_0002_0249.uasset" 8142
"../../../Engine/Content/EngineMaterials/Substrate/Glints2/dict_0002_0252.uasset" 8143
"/Engine/EngineMaterials/Substrate/Glints2/dict_0002_0252" 8144
"/Engine/EngineMaterials/Substrate/Glints2/dict_0002_0249" 8145
"/Engine/EngineMaterials/Substrate/Glints2/dict_0002_0247" 8146
"/Engine/EngineMaterials/Substrate/Glints2/dict_0002_0246" 8147
"/Engine/EngineMaterials/Substrate/Glints2/dict_0002_0245" 8148
"/Engine/EngineMaterials/Substrate/Glints2/dict_0002_0244" 8149
"/Engine/EngineMaterials/Substrate/Glints2/dict_0002_0243" 8150
"/Engine/EngineMaterials/Substrate/Glints2/dict_0002_0242" 8151
"../../../Engine/Content/EngineMaterials/Substrate/Glints2/dict_0002_0253.uasset" 8152
"../../../Engine/Content/EngineMaterials/Substrate/Glints2/dict_0002_0250.uasset" 8153
"../../../Engine/Content/EngineMaterials/Substrate/Glints2/dict_0002_0254.uasset" 8154
"../../../Engine/Content/EngineMaterials/Substrate/Glints2/dict_0003_0000.uasset" 8155
"../../../Engine/Content/EngineMaterials/Substrate/Glints2/dict_0002_0255.uasset" 8156
"../../../Engine/Content/EngineMaterials/Substrate/Glints2/dict_0002_0251.uasset" 8157
"/Engine/EngineMaterials/Substrate/Glints2/dict_0002_0253" 8158
"/Engine/EngineMaterials/Substrate/Glints2/dict_0003_0000" 8159
"/Engine/EngineMaterials/Substrate/Glints2/dict_0002_0255" 8160
"/Engine/EngineMaterials/Substrate/Glints2/dict_0002_0251" 8161
"/Engine/EngineMaterials/Substrate/Glints2/dict_0002_0254" 8162
"/Engine/EngineMaterials/Substrate/Glints2/dict_0002_0250" 8163
"../../../Engine/Content/EngineMaterials/Substrate/Glints2/dict_0003_0002.uasset" 8164
"../../../Engine/Content/EngineMaterials/Substrate/Glints2/dict_0003_0003.uasset" 8165
"../../../Engine/Content/EngineMaterials/Substrate/Glints2/dict_0003_0001.uasset" 8166
"../../../Engine/Content/EngineMaterials/Substrate/Glints2/dict_0003_0005.uasset" 8167
"../../../Engine/Content/EngineMaterials/Substrate/Glints2/dict_0003_0004.uasset" 8168
"../../../Engine/Content/EngineMaterials/Substrate/Glints2/dict_0003_0006.uasset" 8169
"/Engine/EngineMaterials/Substrate/Glints2/dict_0003_0001" 8170
"/Engine/EngineMaterials/Substrate/Glints2/dict_0003_0006" 8171
"/Engine/EngineMaterials/Substrate/Glints2/dict_0003_0005" 8172
"../../../Engine/Content/EngineMaterials/Substrate/Glints2/dict_0003_0007.uasset" 8173
"/Engine/EngineMaterials/Substrate/Glints2/dict_0003_0004" 8174
"../../../Engine/Content/EngineMaterials/Substrate/Glints2/dict_0002_0218.uasset" 8175
"/Engine/EngineMaterials/Substrate/Glints2/dict_0003_0003" 8176
"/Engine/EngineMaterials/Substrate/Glints2/dict_0003_0002" 8177
"/Engine/EngineMaterials/Substrate/Glints2/dict_0002_0218" 8178
"../../../Engine/Content/EngineMaterials/Substrate/Glints2/dict_0003_0010.uasset" 8179
"../../../Engine/Content/EngineMaterials/Substrate/Glints2/dict_0003_0011.uasset" 8180
"../../../Engine/Content/EngineMaterials/Substrate/Glints2/dict_0003_0008.uasset" 8181
"../../../Engine/Content/EngineMaterials/Substrate/Glints2/dict_0003_0012.uasset" 8182
"../../../Engine/Content/EngineMaterials/Substrate/Glints2/dict_0003_0009.uasset" 8183
"/Engine/EngineMaterials/Substrate/Glints2/dict_0003_0007" 8184
"/Engine/EngineMaterials/Substrate/Glints2/dict_0003_0009" 8185
"/Engine/EngineMaterials/Substrate/Glints2/dict_0003_0008" 8186
"/Engine/EngineMaterials/Substrate/Glints2/dict_0003_0012" 8187
"/Engine/EngineMaterials/Substrate/Glints2/dict_0003_0011" 8188
"/Engine/EngineMaterials/Substrate/Glints2/dict_0003_0010" 8189
"../../../Engine/Content/EngineMaterials/Substrate/Glints2/dict_0003_0019.uasset" 8190
"../../../Engine/Content/EngineMaterials/Substrate/Glints2/dict_0003_0013.uasset" 8191
"../../../Engine/Content/EngineMaterials/Substrate/Glints2/dict_0002_0217.uasset" 8192
"../../../Engine/Content/EngineMaterials/Substrate/Glints2/dict_0003_0016.uasset" 8193
"../../../Engine/Content/EngineMaterials/Substrate/Glints2/dict_0001_0181.uasset" 8194
"../../../Engine/Content/EngineMaterials/Substrate/Glints2/dict_0003_0015.uasset" 8195
"/Engine/EngineMaterials/Substrate/Glints2/dict_0003_0015" 8196
"/Engine/EngineMaterials/Substrate/Glints2/dict_0002_0217" 8197
"../../../Engine/Content/EngineMaterials/Substrate/Glints2/dict_0003_0018.uasset" 8198
"/Engine/EngineMaterials/Substrate/Glints2/dict_0001_0181" 8199
"/Engine/EngineMaterials/Substrate/Glints2/dict_0003_0013" 8200
"/Engine/EngineMaterials/Substrate/Glints2/dict_0003_0019" 8201
"/Engine/EngineMaterials/Substrate/Glints2/dict_0003_0016" 8202
"../../../Engine/Content/EngineMaterials/Substrate/Glints2/dict_0003_0017.uasset" 8203
"/Engine/EngineMaterials/Substrate/Glints2/dict_0003_0018" 8204
"/Engine/EngineMaterials/Substrate/Glints2/dict_0003_0017" 8205
"../../../Engine/Content/EngineMaterials/Substrate/Glints2/dict_0002_0097.uasset" 8206
"../../../Engine/Content/EngineMaterials/Substrate/Glints2/dict_0003_0020.uasset" 8207
"../../../Engine/Content/EngineMaterials/Substrate/Glints2/dict_0003_0023.uasset" 8208
"../../../Engine/Content/EngineMaterials/Substrate/Glints2/dict_0003_0021.uasset" 8209
"/Engine/EngineMaterials/Substrate/Glints2/dict_0002_0097" 8210
"../../../Engine/Content/EngineMaterials/Substrate/Glints2/dict_0003_0027.uasset" 8211
"../../../Engine/Content/EngineMaterials/Substrate/Glints2/dict_0003_0026.uasset" 8212
"/Engine/EngineMaterials/Substrate/Glints2/dict_0003_0023" 8213
"/Engine/EngineMaterials/Substrate/Glints2/dict_0003_0021" 8214
"/Engine/EngineMaterials/Substrate/Glints2/dict_0003_0020" 8215
"/Engine/EngineMaterials/Substrate/Glints2/dict_0003_0027" 8216
"/Engine/EngineMaterials/Substrate/Glints2/dict_0003_0026" 8217
"../../../Engine/Content/EngineMaterials/Substrate/Glints2/dict_0003_0025.uasset" 8218
"../../../Engine/Content/EngineMaterials/Substrate/Glints2/dict_0002_0209.uasset" 8219
"../../../Engine/Content/EngineMaterials/Substrate/Glints2/dict_0003_0032.uasset" 8220
"../../../Engine/Content/EngineMaterials/Substrate/Glints2/dict_0003_0031.uasset" 8221
"/Engine/EngineMaterials/Substrate/Glints2/dict_0003_0032" 8222
"../../../Engine/Content/EngineMaterials/Substrate/Glints2/dict_0003_0030.uasset" 8223
"/Engine/EngineMaterials/Substrate/Glints2/dict_0002_0209" 8224
"/Engine/EngineMaterials/Substrate/Glints2/dict_0003_0031" 8225
"/Engine/EngineMaterials/Substrate/Glints2/dict_0003_0025" 8226
"/Engine/EngineMaterials/Substrate/Glints2/dict_0003_0030" 8227
"../../../Engine/Content/EngineMaterials/Substrate/Glints2/dict_0003_0029.uasset" 8228
"../../../Engine/Content/EngineMaterials/Substrate/Glints2/dict_0003_0033.uasset" 8229
"../../../Engine/Content/EngineMaterials/Substrate/Glints2/dict_0003_0036.uasset" 8230
"../../../Engine/Content/EngineMaterials/Substrate/Glints2/dict_0003_0034.uasset" 8231
"../../../Engine/Content/EngineMaterials/Substrate/Glints2/dict_0003_0037.uasset" 8232
"../../../Engine/Content/EngineMaterials/Substrate/Glints2/dict_0003_0035.uasset" 8233
"../../../Engine/Content/EngineMaterials/Substrate/Glints2/dict_0003_0039.uasset" 8234
"/Engine/EngineMaterials/Substrate/Glints2/dict_0003_0034" 8235
"../../../Engine/Content/EngineMaterials/Substrate/Glints2/dict_0003_0041.uasset" 8236
"/Engine/EngineMaterials/Substrate/Glints2/dict_0003_0039" 8237
"/Engine/EngineMaterials/Substrate/Glints2/dict_0003_0033" 8238
"/Engine/EngineMaterials/Substrate/Glints2/dict_0003_0037" 8239
"/Engine/EngineMaterials/Substrate/Glints2/dict_0003_0035" 8240
"/Engine/EngineMaterials/Substrate/Glints2/dict_0003_0036" 8241
"/Engine/EngineMaterials/Substrate/Glints2/dict_0003_0029" 8242
"/Engine/EngineMaterials/Substrate/Glints2/dict_0003_0041" 8243
"../../../Engine/Content/EngineMaterials/Substrate/Glints2/dict_0003_0038.uasset" 8244
"../../../Engine/Content/EngineMaterials/Substrate/Glints2/dict_0003_0040.uasset" 8245
"../../../Engine/Content/EngineMaterials/Substrate/Glints2/dict_0003_0044.uasset" 8246
"../../../Engine/Content/EngineMaterials/Substrate/Glints2/dict_0003_0042.uasset" 8247
"../../../Engine/Content/EngineMaterials/Substrate/Glints2/dict_0003_0045.uasset" 8248
"../../../Engine/Content/EngineMaterials/Substrate/Glints2/dict_0003_0022.uasset" 8249
"../../../Engine/Content/EngineMaterials/Substrate/Glints2/dict_0002_0208.uasset" 8250
"/Engine/EngineMaterials/Substrate/Glints2/dict_0003_0040" 8251
"../../../Engine/Content/EngineMaterials/Substrate/Glints2/dict_0003_0047.uasset" 8252
"../../../Engine/Content/EngineMaterials/Substrate/Glints2/dict_0003_0048.uasset" 8253
"/Engine/EngineMaterials/Substrate/Glints2/dict_0003_0042" 8254
"../../../Engine/Content/EngineMaterials/Substrate/Glints2/dict_0003_0043.uasset" 8255
"../../../Engine/Content/EngineMaterials/Substrate/Glints2/dict_0003_0046.uasset" 8256
"/Engine/EngineMaterials/Substrate/Glints2/dict_0003_0038" 8257
"../../../Engine/Content/EngineMaterials/Substrate/Glints2/dict_0003_0049.uasset" 8258
"/Engine/EngineMaterials/Substrate/Glints2/dict_0003_0022" 8259
"/Engine/EngineMaterials/Substrate/Glints2/dict_0003_0045" 8260
"/Engine/EngineMaterials/Substrate/Glints2/dict_0002_0208" 8261
"/Engine/EngineMaterials/Substrate/Glints2/dict_0003_0044" 8262
"/Engine/EngineMaterials/Substrate/Glints2/dict_0003_0046" 8263
"/Engine/EngineMaterials/Substrate/Glints2/dict_0003_0043" 8264
"/Engine/EngineMaterials/Substrate/Glints2/dict_0003_0047" 8265
"/Engine/EngineMaterials/Substrate/Glints2/dict_0003_0049" 8266
"/Engine/EngineMaterials/Substrate/Glints2/dict_0003_0048" 8267
"../../../Engine/Content/EngineMaterials/Substrate/Glints2/dict_0003_0051.uasset" 8268
"../../../Engine/Content/EngineMaterials/Substrate/Glints2/dict_0003_0050.uasset" 8269
"../../../Engine/Content/EngineMaterials/Substrate/Glints2/dict_0003_0052.uasset" 8270
"../../../Engine/Content/EngineMaterials/Substrate/Glints2/dict_0003_0056.uasset" 8271
"../../../Engine/Content/EngineMaterials/Substrate/Glints2/dict_0003_0055.uasset" 8272
"../../../Engine/Content/EngineMaterials/Substrate/Glints2/dict_0003_0054.uasset" 8273
"../../../Engine/Content/EngineMaterials/Substrate/Glints2/dict_0003_0058.uasset" 8274
"../../../Engine/Content/EngineMaterials/Substrate/Glints2/dict_0003_0024.uasset" 8275
"/Engine/EngineMaterials/Substrate/Glints2/dict_0003_0054" 8276
"/Engine/EngineMaterials/Substrate/Glints2/dict_0003_0052" 8277
"/Engine/EngineMaterials/Substrate/Glints2/dict_0003_0058" 8278
"/Engine/EngineMaterials/Substrate/Glints2/dict_0003_0056" 8279
"/Engine/EngineMaterials/Substrate/Glints2/dict_0003_0055" 8280
"/Engine/EngineMaterials/Substrate/Glints2/dict_0003_0051" 8281
"../../../Engine/Content/EngineMaterials/Substrate/Glints2/dict_0003_0059.uasset" 8282
"/Engine/EngineMaterials/Substrate/Glints2/dict_0003_0024" 8283
"/Engine/EngineMaterials/Substrate/Glints2/dict_0003_0050" 8284
"/Engine/EngineMaterials/Substrate/Glints2/dict_0003_0059" 8285
"../../../Engine/Content/EngineMaterials/Substrate/Glints2/dict_0003_0060.uasset" 8286
"../../../Engine/Content/EngineMaterials/Substrate/Glints2/dict_0003_0057.uasset" 8287
"../../../Engine/Content/EngineMaterials/Substrate/Glints2/dict_0003_0063.uasset" 8288
"../../../Engine/Content/EngineMaterials/Substrate/Glints2/dict_0003_0062.uasset" 8289
"../../../Engine/Content/EngineMaterials/Substrate/Glints2/dict_0003_0061.uasset" 8290
"../../../Engine/Content/EngineMaterials/Substrate/Glints2/dict_0003_0068.uasset" 8291
"../../../Engine/Content/EngineMaterials/Substrate/Glints2/dict_0003_0067.uasset" 8292
"/Engine/EngineMaterials/Substrate/Glints2/dict_0003_0062" 8293
"../../../Engine/Content/EngineMaterials/Substrate/Glints2/dict_0003_0028.uasset" 8294
"../../../Engine/Content/EngineMaterials/Substrate/Glints2/dict_0003_0064.uasset" 8295
"/Engine/EngineMaterials/Substrate/Glints2/dict_0003_0061" 8296
"../../../Engine/Content/EngineMaterials/Substrate/Glints2/dict_0003_0065.uasset" 8297
"/Engine/EngineMaterials/Substrate/Glints2/dict_0003_0060" 8298
"/Engine/EngineMaterials/Substrate/Glints2/dict_0003_0067" 8299
"/Engine/EngineMaterials/Substrate/Glints2/dict_0003_0057" 8300
"/Engine/EngineMaterials/Substrate/Glints2/dict_0003_0068" 8301
"/Engine/EngineMaterials/Substrate/Glints2/dict_0003_0063" 8302
"/Engine/EngineMaterials/Substrate/Glints2/dict_0003_0028" 8303
"/Engine/EngineMaterials/Substrate/Glints2/dict_0003_0065" 8304
"/Engine/EngineMaterials/Substrate/Glints2/dict_0003_0064" 8305
"../../../Engine/Content/EngineMaterials/Substrate/Glints2/dict_0003_0070.uasset" 8306
"/Engine/EngineMaterials/Substrate/Glints2/dict_0003_0070" 8307
"../../../Engine/Content/EngineMaterials/Substrate/Glints2/dict_0003_0071.uasset" 8308
"/Engine/EngineMaterials/Substrate/Glints2/dict_0003_0071" 8309
"../../../Engine/Content/EngineMaterials/Substrate/Glints2/dict_0003_0069.uasset" 8310
"../../../Engine/Content/EngineMaterials/Substrate/Glints2/dict_0003_0073.uasset" 8311
"../../../Engine/Content/EngineMaterials/Substrate/Glints2/dict_0003_0072.uasset" 8312
"../../../Engine/Content/EngineMaterials/Substrate/Glints2/dict_0003_0079.uasset" 8313
"../../../Engine/Content/EngineMaterials/Substrate/Glints2/dict_0003_0081.uasset" 8314
"../../../Engine/Content/EngineMaterials/Substrate/Glints2/dict_0003_0074.uasset" 8315
"../../../Engine/Content/EngineMaterials/Substrate/Glints2/dict_0002_0241.uasset" 8316
"../../../Engine/Content/EngineMaterials/Substrate/Glints2/dict_0003_0078.uasset" 8317
"/Engine/EngineMaterials/Substrate/Glints2/dict_0002_0241" 8318
"../../../Engine/Content/EngineMaterials/Substrate/Glints2/dict_0002_0028.uasset" 8319
"/Engine/EngineMaterials/Substrate/Glints2/dict_0003_0081" 8320
"/Engine/EngineMaterials/Substrate/Glints2/dict_0003_0074" 8321
"/Engine/EngineMaterials/Substrate/Glints2/dict_0003_0073" 8322
"/Engine/EngineMaterials/Substrate/Glints2/dict_0003_0079" 8323
"/Engine/EngineMaterials/Substrate/Glints2/dict_0003_0072" 8324
"/Engine/EngineMaterials/Substrate/Glints2/dict_0003_0069" 8325
"../../../Engine/Content/EngineMaterials/Substrate/Glints2/dict_0003_0083.uasset" 8326
"/Engine/EngineMaterials/Substrate/Glints2/dict_0003_0078" 8327
"/Engine/EngineMaterials/Substrate/Glints2/dict_0003_0083" 8328
"../../../Engine/Content/EngineMaterials/Substrate/Glints2/dict_0003_0076.uasset" 8329
"/Engine/EngineMaterials/Substrate/Glints2/dict_0002_0028" 8330
"/Engine/EngineMaterials/Substrate/Glints2/dict_0003_0076" 8331
"../../../Engine/Content/EngineMaterials/Substrate/Glints2/dict_0003_0075.uasset" 8332
"../../../Engine/Content/EngineMaterials/Substrate/Glints2/dict_0003_0077.uasset" 8333
"../../../Engine/Content/EngineMaterials/Substrate/Glints2/dict_0003_0084.uasset" 8334
"../../../Engine/Content/EngineMaterials/Substrate/Glints2/dict_0003_0080.uasset" 8335
"../../../Engine/Content/EngineMaterials/Substrate/Glints2/dict_0003_0082.uasset" 8336
"../../../Engine/Content/EngineMaterials/Substrate/Glints2/dict_0003_0087.uasset" 8337
"../../../Engine/Content/EngineMaterials/Substrate/Glints2/dict_0003_0085.uasset" 8338
"../../../Engine/Content/EngineMaterials/Substrate/Glints2/dict_0003_0091.uasset" 8339
"../../../Engine/Content/EngineMaterials/Substrate/Glints2/dict_0003_0089.uasset" 8340
"../../../Engine/Content/EngineMaterials/Substrate/Glints2/dict_0002_0237.uasset" 8341
"/Engine/EngineMaterials/Substrate/Glints2/dict_0003_0075" 8342
"/Engine/EngineMaterials/Substrate/Glints2/dict_0003_0082" 8343
"/Engine/EngineMaterials/Substrate/Glints2/dict_0003_0080" 8344
"/Engine/EngineMaterials/Substrate/Glints2/dict_0003_0091" 8345
"/Engine/EngineMaterials/Substrate/Glints2/dict_0002_0237" 8346
"/Engine/EngineMaterials/Substrate/Glints2/dict_0003_0087" 8347
"/Engine/EngineMaterials/Substrate/Glints2/dict_0003_0085" 8348
"/Engine/EngineMaterials/Substrate/Glints2/dict_0003_0089" 8349
"/Engine/EngineMaterials/Substrate/Glints2/dict_0003_0084" 8350
"/Engine/EngineMaterials/Substrate/Glints2/dict_0003_0077" 8351
"../../../Engine/Content/EngineMaterials/Substrate/Glints2/dict_0003_0090.uasset" 8352
"../../../Engine/Content/EngineMaterials/Substrate/Glints2/dict_0003_0093.uasset" 8353
"../../../Engine/Content/EngineMaterials/Substrate/Glints2/dict_0003_0096.uasset" 8354
"../../../Engine/Content/EngineMaterials/Substrate/Glints2/dict_0003_0092.uasset" 8355
"../../../Engine/Content/EngineMaterials/Substrate/Glints2/dict_0003_0094.uasset" 8356
"../../../Engine/Content/EngineMaterials/Substrate/Glints2/dict_0003_0095.uasset" 8357
"../../../Engine/Content/EngineMaterials/Substrate/Glints2/dict_0003_0098.uasset" 8358
"../../../Engine/Content/EngineMaterials/Substrate/Glints2/dict_0003_0101.uasset" 8359
"../../../Engine/Content/EngineMaterials/Substrate/Glints2/dict_0003_0100.uasset" 8360
"../../../Engine/Content/EngineMaterials/Substrate/Glints2/dict_0003_0097.uasset" 8361
"/Engine/EngineMaterials/Substrate/Glints2/dict_0003_0096" 8362
"/Engine/EngineMaterials/Substrate/Glints2/dict_0003_0098" 8363
"/Engine/EngineMaterials/Substrate/Glints2/dict_0003_0095" 8364
"../../../Engine/Content/EngineMaterials/Substrate/Glints2/dict_0003_0099.uasset" 8365
"/Engine/EngineMaterials/Substrate/Glints2/dict_0003_0094" 8366
"/Engine/EngineMaterials/Substrate/Glints2/dict_0003_0097" 8367
"/Engine/EngineMaterials/Substrate/Glints2/dict_0003_0093" 8368
"/Engine/EngineMaterials/Substrate/Glints2/dict_0003_0092" 8369
"/Engine/EngineMaterials/Substrate/Glints2/dict_0003_0090" 8370
"/Engine/EngineMaterials/Substrate/Glints2/dict_0003_0101" 8371
"/Engine/EngineMaterials/Substrate/Glints2/dict_0003_0100" 8372
"/Engine/EngineMaterials/Substrate/Glints2/dict_0003_0099" 8373
"../../../Engine/Content/EngineMaterials/Substrate/Glints2/dict_0003_0088.uasset" 8374
"../../../Engine/Content/EngineMaterials/Substrate/Glints2/dict_0003_0105.uasset" 8375
"../../../Engine/Content/EngineMaterials/Substrate/Glints2/dict_0003_0111.uasset" 8376
"../../../Engine/Content/EngineMaterials/Substrate/Glints2/dict_0003_0110.uasset" 8377
"../../../Engine/Content/EngineMaterials/Substrate/Glints2/dict_0003_0108.uasset" 8378
"../../../Engine/Content/EngineMaterials/Substrate/Glints2/dict_0003_0102.uasset" 8379
"../../../Engine/Content/EngineMaterials/Substrate/Glints2/dict_0003_0103.uasset" 8380
"../../../Engine/Content/EngineMaterials/Substrate/Glints2/dict_0003_0066.uasset" 8381
"../../../Engine/Content/EngineMaterials/Substrate/Glints2/dict_0003_0104.uasset" 8382
"../../../Engine/Content/EngineMaterials/Substrate/Glints2/dict_0003_0106.uasset" 8383
"../../../Engine/Content/EngineMaterials/Substrate/Glints2/dict_0003_0107.uasset" 8384
"/Engine/EngineMaterials/Substrate/Glints2/dict_0003_0108" 8385
"/Engine/EngineMaterials/Substrate/Glints2/dict_0003_0107" 8386
"/Engine/EngineMaterials/Substrate/Glints2/dict_0003_0106" 8387
"/Engine/EngineMaterials/Substrate/Glints2/dict_0003_0088" 8388
"/Engine/EngineMaterials/Substrate/Glints2/dict_0003_0105" 8389
"/Engine/EngineMaterials/Substrate/Glints2/dict_0003_0066" 8390
"/Engine/EngineMaterials/Substrate/Glints2/dict_0003_0104" 8391
"/Engine/EngineMaterials/Substrate/Glints2/dict_0003_0103" 8392
"../../../Engine/Content/EngineMaterials/Substrate/Glints2/dict_0003_0114.uasset" 8393
"/Engine/EngineMaterials/Substrate/Glints2/dict_0003_0102" 8394
"../../../Engine/Content/EngineMaterials/Substrate/Glints2/dict_0003_0109.uasset" 8395
"/Engine/EngineMaterials/Substrate/Glints2/dict_0003_0111" 8396
"/Engine/EngineMaterials/Substrate/Glints2/dict_0003_0110" 8397
"/Engine/EngineMaterials/Substrate/Glints2/dict_0003_0109" 8398
"/Engine/EngineMaterials/Substrate/Glints2/dict_0003_0114" 8399
"../../../Engine/Content/EngineMaterials/Substrate/Glints2/dict_0003_0115.uasset" 8400
"../../../Engine/Content/EngineMaterials/Substrate/Glints2/dict_0003_0118.uasset" 8401
"../../../Engine/Content/EngineMaterials/Substrate/Glints2/dict_0003_0113.uasset" 8402
"../../../Engine/Content/EngineMaterials/Substrate/Glints2/dict_0003_0116.uasset" 8403
"../../../Engine/Content/EngineMaterials/Substrate/Glints2/dict_0003_0119.uasset" 8404
"../../../Engine/Content/EngineMaterials/Substrate/Glints2/dict_0003_0117.uasset" 8405
"../../../Engine/Content/EngineMaterials/Substrate/Glints2/dict_0003_0126.uasset" 8406
"../../../Engine/Content/EngineMaterials/Substrate/Glints2/dict_0003_0120.uasset" 8407
"/Engine/EngineMaterials/Substrate/Glints2/dict_0003_0119" 8408
"/Engine/EngineMaterials/Substrate/Glints2/dict_0003_0118" 8409
"/Engine/EngineMaterials/Substrate/Glints2/dict_0003_0117" 8410
"../../../Engine/Content/EngineMaterials/Substrate/Glints2/dict_0003_0121.uasset" 8411
"../../../Engine/Content/EngineMaterials/Substrate/Glints2/dict_0003_0128.uasset" 8412
"../../../Engine/Content/EngineMaterials/Substrate/Glints2/dict_0003_0127.uasset" 8413
"/Engine/EngineMaterials/Substrate/Glints2/dict_0003_0116" 8414
"/Engine/EngineMaterials/Substrate/Glints2/dict_0003_0120" 8415
"/Engine/EngineMaterials/Substrate/Glints2/dict_0003_0115" 8416
"../../../Engine/Content/EngineMaterials/Substrate/Glints2/dict_0003_0124.uasset" 8417
"/Engine/EngineMaterials/Substrate/Glints2/dict_0003_0113" 8418
"../../../Engine/Content/EngineMaterials/Substrate/Glints2/dict_0000_0141.uasset" 8419
"../../../Engine/Content/EngineMaterials/Substrate/Glints2/dict_0003_0122.uasset" 8420
"/Engine/EngineMaterials/Substrate/Glints2/dict_0003_0126" 8421
"../../../Engine/Content/EngineMaterials/Substrate/Glints2/dict_0003_0123.uasset" 8422
"../../../Engine/Content/EngineMaterials/Substrate/Glints2/dict_0003_0125.uasset" 8423
"/Engine/EngineMaterials/Substrate/Glints2/dict_0003_0128" 8424
"../../../Engine/Content/EngineMaterials/Substrate/Glints2/dict_0003_0131.uasset" 8425
"../../../Engine/Content/EngineMaterials/Substrate/Glints2/dict_0003_0129.uasset" 8426
"../../../Engine/Content/EngineMaterials/Substrate/Glints2/dict_0003_0130.uasset" 8427
"/Engine/EngineMaterials/Substrate/Glints2/dict_0003_0127" 8428
"/Engine/EngineMaterials/Substrate/Glints2/dict_0003_0125" 8429
"../../../Engine/Content/EngineMaterials/Substrate/GLints/dict_16_192_64_0p5_0p02_0017_0010.uasset" 8430
"/Engine/EngineMaterials/Substrate/Glints2/dict_0003_0124" 8431
"/Engine/EngineMaterials/Substrate/Glints2/dict_0000_0141" 8432
"/Engine/EngineMaterials/Substrate/Glints2/dict_0003_0123" 8433
"/Engine/EngineMaterials/Substrate/Glints2/dict_0003_0122" 8434
"/Engine/EngineMaterials/Substrate/Glints2/dict_0003_0121" 8435
"/Engine/EngineMaterials/Substrate/GLints/AGlintTex2dArray" 8436
"../../../Engine/Content/EngineMaterials/Substrate/Glints2/dict_0003_0133.uasset" 8437
"../../../Engine/Content/EngineMaterials/Substrate/Glints2/dict_0003_0135.uasset" 8438
"../../../Engine/Content/EngineMaterials/Substrate/Glints2/dict_0003_0137.uasset" 8439
"../../../Engine/Content/EngineMaterials/Substrate/Glints2/dict_0003_0140.uasset" 8440
"../../../Engine/Content/EngineMaterials/Substrate/Glints2/dict_0003_0139.uasset" 8441
"../../../Engine/Content/EngineMaterials/Substrate/Glints2/dict_0003_0138.uasset" 8442
"../../../Engine/Content/EngineMaterials/Substrate/Glints2/dict_0003_0141.uasset" 8443
"../../../Engine/Content/EngineMaterials/Substrate/Glints2/dict_0002_0010.uasset" 8444
"../../../Engine/Content/EngineMaterials/Substrate/Glints2/dict_0003_0143.uasset" 8445
"../../../Engine/Content/EngineMaterials/Substrate/Glints2/dict_0002_0248.uasset" 8446
"/Engine/EngineMaterials/Substrate/Glints2/dict_0003_0131" 8447
"/Engine/EngineMaterials/Substrate/Glints2/dict_0003_0130" 8448
"/Engine/EngineMaterials/Substrate/Glints2/dict_0003_0129" 8449
"/Engine/EngineMaterials/Substrate/Glints2/dict_0003_0133" 8450
"/Engine/EngineMaterials/Substrate/Glints2/dict_0003_0141" 8451
"/Engine/EngineMaterials/Substrate/Glints2/dict_0003_0140" 8452
"/Engine/EngineMaterials/Substrate/Glints2/dict_0003_0139" 8453
"/Engine/EngineMaterials/Substrate/Glints2/dict_0002_0248" 8454
"/Engine/EngineMaterials/Substrate/Glints2/dict_0002_0010" 8455
"/Engine/EngineMaterials/Substrate/Glints2/dict_0003_0138" 8456
"/Engine/EngineMaterials/Substrate/Glints2/dict_0003_0137" 8457
"/Engine/EngineMaterials/Substrate/Glints2/dict_0003_0135" 8458
"/Engine/EngineMaterials/Substrate/Glints2/dict_0003_0143" 8459
"../../../Engine/Content/EngineMaterials/Substrate/Glints2/dict_0003_0136.uasset" 8460
"../../../Engine/Content/EngineMaterials/Substrate/Glints2/dict_0003_0134.uasset" 8461
"../../../Engine/Content/EngineMaterials/Substrate/Glints2/dict_0003_0147.uasset" 8462
"../../../Engine/Content/EngineMaterials/Substrate/Glints2/dict_0003_0142.uasset" 8463
"../../../Engine/Content/EngineMaterials/Substrate/Glints2/dict_0003_0144.uasset" 8464
"../../../Engine/Content/EngineMaterials/Substrate/Glints2/dict_0003_0153.uasset" 8465
"../../../Engine/Content/EngineMaterials/Substrate/Glints2/dict_0003_0157.uasset" 8466
"../../../Engine/Content/EngineMaterials/Substrate/Glints2/dict_0003_0145.uasset" 8467
"../../../Engine/Content/EngineMaterials/Substrate/Glints2/dict_0003_0146.uasset" 8468
"/Engine/EngineMaterials/Substrate/Glints2/dict_0003_0153" 8469
"/Engine/EngineMaterials/Substrate/Glints2/dict_0003_0157" 8470
"/Engine/EngineMaterials/Substrate/Glints2/dict_0003_0136" 8471
"/Engine/EngineMaterials/Substrate/Glints2/dict_0003_0134" 8472
"/Engine/EngineMaterials/Substrate/Glints2/dict_0003_0147" 8473
"/Engine/EngineMaterials/Substrate/Glints2/dict_0003_0146" 8474
"../../../Engine/Content/EngineMaterials/Substrate/Glints2/dict_0003_0155.uasset" 8475
"../../../Engine/Content/EngineMaterials/Substrate/Glints2/dict_0003_0152.uasset" 8476
"/Engine/EngineMaterials/Substrate/Glints2/dict_0003_0145" 8477
"../../../Engine/Content/EngineMaterials/Substrate/Glints2/dict_0003_0154.uasset" 8478
"/Engine/EngineMaterials/Substrate/Glints2/dict_0003_0144" 8479
"/Engine/EngineMaterials/Substrate/Glints2/dict_0003_0142" 8480
"/Engine/EngineMaterials/Substrate/Glints2/dict_0003_0154" 8481
"../../../Engine/Content/EngineMaterials/Substrate/Glints2/dict_0003_0150.uasset" 8482
"/Engine/EngineMaterials/Substrate/Glints2/dict_0003_0152" 8483
"/Engine/EngineMaterials/Substrate/Glints2/dict_0003_0155" 8484
"/Engine/EngineMaterials/Substrate/Glints2/dict_0003_0150" 8485
"../../../Engine/Content/EngineMaterials/Substrate/Glints2/dict_0003_0149.uasset" 8486
"../../../Engine/Content/EngineMaterials/Substrate/Glints2/dict_0003_0162.uasset" 8487
"../../../Engine/Content/EngineMaterials/Substrate/Glints2/dict_0003_0148.uasset" 8488
"../../../Engine/Content/EngineMaterials/Substrate/Glints2/dict_0003_0156.uasset" 8489
"../../../Engine/Content/EngineMaterials/Substrate/Glints2/dict_0003_0159.uasset" 8490
"../../../Engine/Content/EngineMaterials/Substrate/Glints2/dict_0003_0158.uasset" 8491
"../../../Engine/Content/EngineMaterials/Substrate/Glints2/dict_0003_0151.uasset" 8492
"../../../Engine/Content/EngineMaterials/Substrate/Glints2/dict_0003_0161.uasset" 8493
"../../../Engine/Content/EngineMaterials/Substrate/Glints2/dict_0003_0163.uasset" 8494
"../../../Engine/Content/EngineMaterials/Substrate/Glints2/dict_0003_0160.uasset" 8495
"../../../Engine/Content/EngineMaterials/Substrate/Glints2/dict_0003_0169.uasset" 8496
"../../../Engine/Content/EngineMaterials/Substrate/Glints2/dict_0003_0166.uasset" 8497
"../../../Engine/Content/EngineMaterials/Substrate/Glints2/dict_0003_0164.uasset" 8498
"/Engine/EngineMaterials/Substrate/Glints2/dict_0003_0163" 8499
"../../../Engine/Content/EngineMaterials/Substrate/Glints2/dict_0003_0171.uasset" 8500
"/Engine/EngineMaterials/Substrate/Glints2/dict_0003_0162" 8501
"/Engine/EngineMaterials/Substrate/Glints2/dict_0003_0161" 8502
"/Engine/EngineMaterials/Substrate/Glints2/dict_0003_0160" 8503
"/Engine/EngineMaterials/Substrate/Glints2/dict_0003_0159" 8504
"/Engine/EngineMaterials/Substrate/Glints2/dict_0003_0158" 8505
"/Engine/EngineMaterials/Substrate/Glints2/dict_0003_0151" 8506
"/Engine/EngineMaterials/Substrate/Glints2/dict_0003_0156" 8507
"/Engine/EngineMaterials/Substrate/Glints2/dict_0003_0149" 8508
"/Engine/EngineMaterials/Substrate/Glints2/dict_0003_0148" 8509
"/Engine/EngineMaterials/Substrate/Glints2/dict_0003_0169" 8510
"/Engine/EngineMaterials/Substrate/Glints2/dict_0003_0166" 8511
"/Engine/EngineMaterials/Substrate/Glints2/dict_0003_0164" 8512
"/Engine/EngineMaterials/Substrate/Glints2/dict_0003_0171" 8513
"../../../Engine/Content/EngineMaterials/Substrate/Glints2/dict_0003_0173.uasset" 8514
"../../../Engine/Content/EngineMaterials/Substrate/Glints2/dict_0003_0167.uasset" 8515
"../../../Engine/Content/EngineMaterials/Substrate/Glints2/dict_0003_0165.uasset" 8516
"../../../Engine/Content/EngineMaterials/Substrate/Glints2/dict_0003_0176.uasset" 8517
"../../../Engine/Content/EngineMaterials/Substrate/Glints2/dict_0003_0175.uasset" 8518
"../../../Engine/Content/EngineMaterials/Substrate/Glints2/dict_0003_0179.uasset" 8519
"../../../Engine/Content/EngineMaterials/Substrate/Glints2/dict_0003_0174.uasset" 8520
"../../../Engine/Content/EngineMaterials/Substrate/Glints2/dict_0003_0172.uasset" 8521
"../../../Engine/Content/EngineMaterials/Substrate/Glints2/dict_0003_0177.uasset" 8522
"/Engine/EngineMaterials/Substrate/Glints2/dict_0003_0176" 8523
"../../../Engine/Content/EngineMaterials/Substrate/Glints2/dict_0003_0178.uasset" 8524
"../../../Engine/Content/EngineMaterials/Substrate/Glints2/dict_0003_0181.uasset" 8525
"/Engine/EngineMaterials/Substrate/Glints2/dict_0003_0173" 8526
"/Engine/EngineMaterials/Substrate/Glints2/dict_0003_0172" 8527
"/Engine/EngineMaterials/Substrate/Glints2/dict_0003_0175" 8528
"/Engine/EngineMaterials/Substrate/Glints2/dict_0003_0179" 8529
"/Engine/EngineMaterials/Substrate/Glints2/dict_0003_0167" 8530
"/Engine/EngineMaterials/Substrate/Glints2/dict_0003_0174" 8531
"/Engine/EngineMaterials/Substrate/Glints2/dict_0003_0165" 8532
"/Engine/EngineMaterials/Substrate/Glints2/dict_0003_0177" 8533
"/Engine/EngineMaterials/Substrate/Glints2/dict_0003_0181" 8534
"/Engine/EngineMaterials/Substrate/Glints2/dict_0003_0178" 8535
"../../../Engine/Content/EngineMaterials/Substrate/Glints2/dict_0003_0180.uasset" 8536
"/Engine/EngineMaterials/Substrate/Glints2/dict_0003_0180" 8537
"../../../Engine/Content/EngineMaterials/Substrate/Glints2/dict_0003_0184.uasset" 8538
"../../../Engine/Content/EngineMaterials/Substrate/Glints2/dict_0003_0183.uasset" 8539
"../../../Engine/Content/EngineMaterials/Substrate/Glints2/dict_0003_0190.uasset" 8540
"../../../Engine/Content/EngineMaterials/Substrate/Glints2/dict_0003_0185.uasset" 8541
"../../../Engine/Content/EngineMaterials/Substrate/Glints2/dict_0003_0182.uasset" 8542
"../../../Engine/Content/EngineMaterials/Substrate/Glints2/dict_0003_0187.uasset" 8543
"../../../Engine/Content/EngineMaterials/Substrate/Glints2/dict_0003_0189.uasset" 8544
"../../../Engine/Content/EngineMaterials/Substrate/Glints2/dict_0003_0186.uasset" 8545
"../../../Engine/Content/EngineMaterials/Substrate/Glints2/dict_0003_0191.uasset" 8546
"../../../Engine/Content/EngineMaterials/Substrate/Glints2/dict_0003_0188.uasset" 8547
"/Engine/EngineMaterials/Substrate/Glints2/dict_0003_0191" 8548
"/Engine/EngineMaterials/Substrate/Glints2/dict_0003_0189" 8549
"../../../Engine/Content/EngineMaterials/Substrate/Glints2/dict_0003_0193.uasset" 8550
"/Engine/EngineMaterials/Substrate/Glints2/dict_0003_0188" 8551
"/Engine/EngineMaterials/Substrate/Glints2/dict_0003_0187" 8552
"/Engine/EngineMaterials/Substrate/Glints2/dict_0003_0186" 8553
"../../../Engine/Content/EngineMaterials/Substrate/Glints2/dict_0003_0192.uasset" 8554
"/Engine/EngineMaterials/Substrate/Glints2/dict_0003_0185" 8555
"/Engine/EngineMaterials/Substrate/Glints2/dict_0003_0184" 8556
"../../../Engine/Content/EngineMaterials/Substrate/Glints2/dict_0003_0194.uasset" 8557
"/Engine/EngineMaterials/Substrate/Glints2/dict_0003_0190" 8558
"/Engine/EngineMaterials/Substrate/Glints2/dict_0003_0183" 8559
"/Engine/EngineMaterials/Substrate/Glints2/dict_0003_0182" 8560
"/Engine/EngineMaterials/Substrate/Glints2/dict_0003_0194" 8561
"/Engine/EngineMaterials/Substrate/Glints2/dict_0003_0193" 8562
"/Engine/EngineMaterials/Substrate/Glints2/dict_0003_0192" 8563
"../../../Engine/Content/EngineMaterials/Substrate/Glints2/dict_0003_0195.uasset" 8564
"../../../Engine/Content/EngineMaterials/Substrate/Glints2/dict_0003_0196.uasset" 8565
"../../../Engine/Content/EngineMaterials/Substrate/Glints2/dict_0003_0200.uasset" 8566
"../../../Engine/Content/EngineMaterials/Substrate/Glints2/dict_0003_0199.uasset" 8567
"../../../Engine/Content/EngineMaterials/Substrate/Glints2/dict_0003_0112.uasset" 8568
"../../../Engine/Content/EngineMaterials/Substrate/Glints2/dict_0003_0202.uasset" 8569
"../../../Engine/Content/EngineMaterials/Substrate/Glints2/dict_0003_0197.uasset" 8570
"../../../Engine/Content/EngineMaterials/Substrate/Glints2/dict_0003_0206.uasset" 8571
"../../../Engine/Content/EngineMaterials/Substrate/Glints2/dict_0003_0201.uasset" 8572
"/Engine/EngineMaterials/Substrate/Glints2/dict_0003_0199" 8573
"/Engine/EngineMaterials/Substrate/Glints2/dict_0003_0197" 8574
"/Engine/EngineMaterials/Substrate/Glints2/dict_0003_0206" 8575
"../../../Engine/Content/EngineMaterials/Substrate/Glints2/dict_0003_0198.uasset" 8576
"/Engine/EngineMaterials/Substrate/Glints2/dict_0003_0196" 8577
"/Engine/EngineMaterials/Substrate/Glints2/dict_0003_0202" 8578
"/Engine/EngineMaterials/Substrate/Glints2/dict_0003_0195" 8579
"../../../Engine/Content/EngineMaterials/Substrate/Glints2/dict_0003_0210.uasset" 8580
"../../../Engine/Content/EngineMaterials/Substrate/Glints2/dict_0003_0205.uasset" 8581
"../../../Engine/Content/EngineMaterials/Substrate/Glints2/dict_0003_0204.uasset" 8582
"/Engine/EngineMaterials/Substrate/Glints2/dict_0003_0112" 8583
"/Engine/EngineMaterials/Substrate/Glints2/dict_0003_0200" 8584
"/Engine/EngineMaterials/Substrate/Glints2/dict_0003_0198" 8585
"../../../Engine/Content/EngineMaterials/Substrate/Glints2/dict_0003_0203.uasset" 8586
"/Engine/EngineMaterials/Substrate/Glints2/dict_0003_0210" 8587
"/Engine/EngineMaterials/Substrate/Glints2/dict_0003_0205" 8588
"/Engine/EngineMaterials/Substrate/Glints2/dict_0003_0204" 8589
"../../../Engine/Content/EngineMaterials/Substrate/Glints2/dict_0003_0214.uasset" 8590
"/Engine/EngineMaterials/Substrate/Glints2/dict_0003_0201" 8591
"../../../Engine/Content/EngineMaterials/Substrate/Glints2/dict_0003_0207.uasset" 8592
"../../../Engine/Content/EngineMaterials/Substrate/Glints2/dict_0003_0208.uasset" 8593
"/Engine/EngineMaterials/Substrate/Glints2/dict_0003_0208" 8594
"/Engine/EngineMaterials/Substrate/Glints2/dict_0003_0207" 8595
"/Engine/EngineMaterials/Substrate/Glints2/dict_0003_0203" 8596
"/Engine/EngineMaterials/Substrate/Glints2/dict_0003_0214" 8597
"../../../Engine/Content/EngineMaterials/Substrate/Glints2/dict_0003_0209.uasset" 8598
"../../../Engine/Content/EngineMaterials/Substrate/Glints2/dict_0003_0216.uasset" 8599
"../../../Engine/Content/EngineMaterials/Substrate/Glints2/dict_0003_0212.uasset" 8600
"../../../Engine/Content/EngineMaterials/Substrate/Glints2/dict_0003_0215.uasset" 8601
"../../../Engine/Content/EngineMaterials/Substrate/Glints2/dict_0003_0213.uasset" 8602
"../../../Engine/Content/EngineMaterials/Substrate/Glints2/dict_0003_0223.uasset" 8603
"../../../Engine/Content/EngineMaterials/Substrate/Glints2/dict_0003_0219.uasset" 8604
"../../../Engine/Content/EngineMaterials/Substrate/Glints2/dict_0003_0217.uasset" 8605
"/Engine/EngineMaterials/Substrate/Glints2/dict_0003_0213" 8606
"/Engine/EngineMaterials/Substrate/Glints2/dict_0003_0212" 8607
"/Engine/EngineMaterials/Substrate/Glints2/dict_0003_0209" 8608
"../../../Engine/Content/EngineMaterials/Substrate/Glints2/dict_0003_0211.uasset" 8609
"/Engine/EngineMaterials/Substrate/Glints2/dict_0003_0223" 8610
"../../../Engine/Content/EngineMaterials/Substrate/Glints2/dict_0003_0222.uasset" 8611
"/Engine/EngineMaterials/Substrate/Glints2/dict_0003_0219" 8612
"/Engine/EngineMaterials/Substrate/Glints2/dict_0003_0216" 8613
"/Engine/EngineMaterials/Substrate/Glints2/dict_0003_0217" 8614
"../../../Engine/Content/EngineMaterials/Substrate/Glints2/dict_0003_0224.uasset" 8615
"/Engine/EngineMaterials/Substrate/Glints2/dict_0003_0215" 8616
"../../../Engine/Content/EngineMaterials/Substrate/Glints2/dict_0003_0220.uasset" 8617
"/Engine/EngineMaterials/Substrate/Glints2/dict_0003_0211" 8618
"../../../Engine/Content/EngineMaterials/Substrate/Glints2/dict_0003_0226.uasset" 8619
"/Engine/EngineMaterials/Substrate/Glints2/dict_0003_0224" 8620
"../../../Engine/Content/EngineMaterials/Substrate/Glints2/dict_0003_0218.uasset" 8621
"/Engine/EngineMaterials/Substrate/Glints2/dict_0003_0222" 8622
"/Engine/EngineMaterials/Substrate/Glints2/dict_0003_0220" 8623
"/Engine/EngineMaterials/Substrate/Glints2/dict_0003_0226" 8624
"/Engine/EngineMaterials/Substrate/Glints2/dict_0003_0218" 8625
"../../../Engine/Content/EngineMaterials/Substrate/Glints2/dict_0003_0229.uasset" 8626
"../../../Engine/Content/EngineMaterials/Substrate/Glints2/dict_0003_0225.uasset" 8627
"../../../Engine/Content/EngineMaterials/Substrate/Glints2/dict_0003_0227.uasset" 8628
"../../../Engine/Content/EngineMaterials/Substrate/Glints2/dict_0003_0231.uasset" 8629
"../../../Engine/Content/EngineMaterials/Substrate/Glints2/dict_0003_0228.uasset" 8630
"../../../Engine/Content/EngineMaterials/Substrate/Glints2/dict_0003_0221.uasset" 8631
"../../../Engine/Content/EngineMaterials/Substrate/Glints2/dict_0003_0233.uasset" 8632
"../../../Engine/Content/EngineMaterials/Substrate/Glints2/dict_0003_0230.uasset" 8633
"../../../Engine/Content/EngineMaterials/Substrate/Glints2/dict_0003_0236.uasset" 8634
"../../../Engine/Content/EngineMaterials/Substrate/Glints2/dict_0003_0232.uasset" 8635
"/Engine/EngineMaterials/Substrate/Glints2/dict_0003_0229" 8636
"../../../Engine/Content/EngineMaterials/Substrate/Glints2/dict_0003_0239.uasset" 8637
"/Engine/EngineMaterials/Substrate/Glints2/dict_0003_0228" 8638
"/Engine/EngineMaterials/Substrate/Glints2/dict_0003_0233" 8639
"/Engine/EngineMaterials/Substrate/Glints2/dict_0003_0232" 8640
"/Engine/EngineMaterials/Substrate/Glints2/dict_0003_0221" 8641
"/Engine/EngineMaterials/Substrate/Glints2/dict_0003_0227" 8642
"/Engine/EngineMaterials/Substrate/Glints2/dict_0003_0225" 8643
"/Engine/EngineMaterials/Substrate/Glints2/dict_0003_0231" 8644
"/Engine/EngineMaterials/Substrate/Glints2/dict_0003_0236" 8645
"../../../Engine/Content/EngineMaterials/Substrate/Glints2/dict_0003_0234.uasset" 8646
"/Engine/EngineMaterials/Substrate/Glints2/dict_0003_0230" 8647
"../../../Engine/Content/EngineMaterials/Substrate/Glints2/dict_0003_0237.uasset" 8648
"/Engine/EngineMaterials/Substrate/Glints2/dict_0003_0239" 8649
"../../../Engine/Content/EngineMaterials/Substrate/Glints2/dict_0003_0238.uasset" 8650
"/Engine/EngineMaterials/Substrate/Glints2/dict_0003_0234" 8651
"/Engine/EngineMaterials/Substrate/Glints2/dict_0003_0238" 8652
"/Engine/EngineMaterials/Substrate/Glints2/dict_0003_0237" 8653
"../../../Engine/Content/EngineMaterials/Substrate/Glints2/dict_0003_0243.uasset" 8654
"/Engine/EngineMaterials/Substrate/Glints2/dict_0003_0243" 8655
"../../../Engine/Content/EngineMaterials/Substrate/Glints2/dict_0003_0244.uasset" 8656
"../../../Engine/Content/EngineMaterials/Substrate/Glints2/dict_0003_0241.uasset" 8657
"../../../Engine/Content/EngineMaterials/Substrate/Glints2/dict_0003_0240.uasset" 8658
"../../../Engine/Content/EngineMaterials/Substrate/Glints2/dict_0003_0235.uasset" 8659
"../../../Engine/Content/EngineMaterials/Substrate/Glints2/dict_0003_0242.uasset" 8660
"../../../Engine/Content/EngineMaterials/Substrate/Glints2/dict_0003_0248.uasset" 8661
"../../../Engine/Content/EngineMaterials/Substrate/Glints2/dict_0003_0247.uasset" 8662
"../../../Engine/Content/EngineMaterials/Substrate/Glints2/dict_0003_0245.uasset" 8663
"../../../Engine/Content/EngineMaterials/Substrate/Glints2/dict_0002_0226.uasset" 8664
"../../../Engine/Content/EngineMaterials/Substrate/Glints2/dict_0003_0253.uasset" 8665
"/Engine/EngineMaterials/Substrate/Glints2/dict_0003_0241" 8666
"/Engine/EngineMaterials/Substrate/Glints2/dict_0003_0240" 8667
"/Engine/EngineMaterials/Substrate/Glints2/dict_0003_0245" 8668
"/Engine/EngineMaterials/Substrate/Glints2/dict_0003_0244" 8669
"/Engine/EngineMaterials/Substrate/Glints2/dict_0003_0247" 8670
"/Engine/EngineMaterials/Substrate/Glints2/dict_0003_0242" 8671
"/Engine/EngineMaterials/Substrate/Glints2/dict_0003_0235" 8672
"../../../Engine/Content/EngineMaterials/Substrate/Glints2/dict_0003_0251.uasset" 8673
"../../../Engine/Content/EngineMaterials/Substrate/Glints2/dict_0003_0246.uasset" 8674
"/Engine/EngineMaterials/Substrate/Glints2/dict_0003_0248" 8675
"/Engine/EngineMaterials/Substrate/Glints2/dict_0002_0226" 8676
"/Engine/EngineMaterials/Substrate/Glints2/dict_0003_0253" 8677
"/Engine/EngineMaterials/Substrate/Glints2/dict_0003_0251" 8678
"/Engine/EngineMaterials/Substrate/Glints2/dict_0003_0246" 8679
"../../../Engine/Content/EngineMaterials/Substrate/Glints2/dict_0003_0254.uasset" 8680
"../../../Engine/Content/EngineMaterials/Substrate/Glints2/dict_0003_0255.uasset" 8681
"../../../Engine/Content/EngineMaterials/Substrate/Glints2/dict_0003_0249.uasset" 8682
"../../../Engine/Content/EngineMaterials/Substrate/Glints2/dict_0003_0252.uasset" 8683
"../../../Engine/Content/EngineMaterials/Substrate/Glints2/dict_0003_0250.uasset" 8684
"/Engine/EngineMaterials/Substrate/Glints2/dict_0003_0255" 8685
"/Engine/EngineMaterials/Substrate/Glints2/dict_0003_0254" 8686
"/Engine/EngineMaterials/Substrate/Glints2/dict_0003_0252" 8687
"../../../Engine/Content/EngineMaterials/Substrate/Glints2/dict_0004_0008.uasset" 8688
"../../../Engine/Content/EngineMaterials/Substrate/Glints2/dict_0004_0006.uasset" 8689
"/Engine/EngineMaterials/Substrate/Glints2/dict_0003_0250" 8690
"/Engine/EngineMaterials/Substrate/Glints2/dict_0003_0249" 8691
"/Engine/EngineMaterials/Substrate/Glints2/dict_0004_0006" 8692
"/Engine/EngineMaterials/Substrate/Glints2/dict_0004_0008" 8693
"../../../Engine/Content/EngineMaterials/Substrate/Glints2/dict_0004_0009.uasset" 8694
"../../../Engine/Content/EngineMaterials/Substrate/Glints2/dict_0004_0003.uasset" 8695
"../../../Engine/Content/EngineMaterials/Substrate/Glints2/dict_0004_0001.uasset" 8696
"../../../Engine/Content/EngineMaterials/Substrate/Glints2/dict_0004_0007.uasset" 8697
"../../../Engine/Content/EngineMaterials/Substrate/Glints2/dict_0004_0002.uasset" 8698
"../../../Engine/Content/EngineMaterials/Substrate/Glints2/dict_0004_0011.uasset" 8699
"../../../Engine/Content/EngineMaterials/Substrate/Glints2/dict_0004_0010.uasset" 8700
"../../../Engine/Content/EngineMaterials/Substrate/Glints2/dict_0004_0004.uasset" 8701
"../../../Engine/Content/EngineMaterials/Substrate/Glints2/dict_0004_0012.uasset" 8702
"/Engine/EngineMaterials/Substrate/Glints2/dict_0004_0012" 8703
"../../../Engine/Content/EngineMaterials/Substrate/Glints2/dict_0004_0015.uasset" 8704
"../../../Engine/Content/EngineMaterials/Substrate/Glints2/dict_0004_0017.uasset" 8705
"/Engine/EngineMaterials/Substrate/Glints2/dict_0004_0011" 8706
"../../../Engine/Content/EngineMaterials/Substrate/Glints2/dict_0004_0016.uasset" 8707
"../../../Engine/Content/EngineMaterials/Substrate/Glints2/dict_0004_0018.uasset" 8708
"/Engine/EngineMaterials/Substrate/Glints2/dict_0004_0001" 8709
"/Engine/EngineMaterials/Substrate/Glints2/dict_0004_0003" 8710
"/Engine/EngineMaterials/Substrate/Glints2/dict_0004_0010" 8711
"/Engine/EngineMaterials/Substrate/Glints2/dict_0004_0009" 8712
"../../../Engine/Content/EngineMaterials/Substrate/Glints2/dict_0004_0014.uasset" 8713
"/Engine/EngineMaterials/Substrate/Glints2/dict_0004_0004" 8714
"/Engine/EngineMaterials/Substrate/Glints2/dict_0004_0002" 8715
"/Engine/EngineMaterials/Substrate/Glints2/dict_0004_0007" 8716
"/Engine/EngineMaterials/Substrate/Glints2/dict_0004_0018" 8717
"/Engine/EngineMaterials/Substrate/Glints2/dict_0004_0014" 8718
"/Engine/EngineMaterials/Substrate/Glints2/dict_0004_0017" 8719
"/Engine/EngineMaterials/Substrate/Glints2/dict_0004_0016" 8720
"/Engine/EngineMaterials/Substrate/Glints2/dict_0004_0015" 8721
"../../../Engine/Content/EngineMaterials/Substrate/Glints2/dict_0004_0025.uasset" 8722
"../../../Engine/Content/EngineMaterials/Substrate/Glints2/dict_0004_0022.uasset" 8723
"../../../Engine/Content/EngineMaterials/Substrate/Glints2/dict_0004_0020.uasset" 8724
"../../../Engine/Content/EngineMaterials/Substrate/Glints2/dict_0004_0021.uasset" 8725
"../../../Engine/Content/EngineMaterials/Substrate/Glints2/dict_0004_0024.uasset" 8726
"../../../Engine/Content/EngineMaterials/Substrate/Glints2/dict_0004_0019.uasset" 8727
"/Engine/EngineMaterials/Substrate/Glints2/dict_0004_0022" 8728
"../../../Engine/Content/EngineMaterials/Substrate/Glints2/dict_0004_0029.uasset" 8729
"/Engine/EngineMaterials/Substrate/Glints2/dict_0004_0025" 8730
"/Engine/EngineMaterials/Substrate/Glints2/dict_0004_0021" 8731
"/Engine/EngineMaterials/Substrate/Glints2/dict_0004_0020" 8732
"../../../Engine/Content/EngineMaterials/Substrate/Glints2/dict_0004_0023.uasset" 8733
"/Engine/EngineMaterials/Substrate/Glints2/dict_0004_0019" 8734
"/Engine/EngineMaterials/Substrate/Glints2/dict_0004_0024" 8735
"/Engine/EngineMaterials/Substrate/Glints2/dict_0004_0023" 8736
"/Engine/EngineMaterials/Substrate/Glints2/dict_0004_0029" 8737
"../../../Engine/Content/EngineMaterials/Substrate/Glints2/dict_0004_0027.uasset" 8738
"/Engine/EngineMaterials/Substrate/Glints2/dict_0004_0027" 8739
"../../../Engine/Content/EngineMaterials/Substrate/Glints2/dict_0004_0028.uasset" 8740
"../../../Engine/Content/EngineMaterials/Substrate/Glints2/dict_0004_0031.uasset" 8741
"../../../Engine/Content/EngineMaterials/Substrate/Glints2/dict_0004_0038.uasset" 8742
"../../../Engine/Content/EngineMaterials/Substrate/Glints2/dict_0004_0026.uasset" 8743
"../../../Engine/Content/EngineMaterials/Substrate/Glints2/dict_0004_0037.uasset" 8744
"../../../Engine/Content/EngineMaterials/Substrate/Glints2/dict_0004_0030.uasset" 8745
"../../../Engine/Content/EngineMaterials/Substrate/Glints2/dict_0004_0032.uasset" 8746
"../../../Engine/Content/EngineMaterials/Substrate/Glints2/dict_0004_0042.uasset" 8747
"../../../Engine/Content/EngineMaterials/Substrate/Glints2/dict_0004_0035.uasset" 8748
"/Engine/EngineMaterials/Substrate/Glints2/dict_0004_0038" 8749
"/Engine/EngineMaterials/Substrate/Glints2/dict_0004_0032" 8750
"/Engine/EngineMaterials/Substrate/Glints2/dict_0004_0031" 8751
"/Engine/EngineMaterials/Substrate/Glints2/dict_0004_0037" 8752
"/Engine/EngineMaterials/Substrate/Glints2/dict_0004_0030" 8753
"/Engine/EngineMaterials/Substrate/Glints2/dict_0004_0042" 8754
"../../../Engine/Content/EngineMaterials/Substrate/Glints2/dict_0004_0036.uasset" 8755
"/Engine/EngineMaterials/Substrate/Glints2/dict_0004_0028" 8756
"../../../Engine/Content/EngineMaterials/Substrate/Glints2/dict_0004_0033.uasset" 8757
"/Engine/EngineMaterials/Substrate/Glints2/dict_0004_0035" 8758
"/Engine/EngineMaterials/Substrate/Glints2/dict_0004_0026" 8759
"/Engine/EngineMaterials/Substrate/Glints2/dict_0004_0033" 8760
"/Engine/EngineMaterials/Substrate/Glints2/dict_0004_0036" 8761
"../../../Engine/Content/EngineMaterials/Substrate/Glints2/dict_0004_0040.uasset" 8762
"../../../Engine/Content/EngineMaterials/Substrate/Glints2/dict_0004_0034.uasset" 8763
"../../../Engine/Content/EngineMaterials/Substrate/Glints2/dict_0004_0047.uasset" 8764
"../../../Engine/Content/EngineMaterials/Substrate/Glints2/dict_0004_0039.uasset" 8765
"../../../Engine/Content/EngineMaterials/Substrate/Glints2/dict_0004_0041.uasset" 8766
"../../../Engine/Content/EngineMaterials/Substrate/Glints2/dict_0004_0043.uasset" 8767
"../../../Engine/Content/EngineMaterials/Substrate/Glints2/dict_0004_0005.uasset" 8768
"../../../Engine/Content/EngineMaterials/Substrate/Glints2/dict_0004_0046.uasset" 8769
"../../../Engine/Content/EngineMaterials/Substrate/Glints2/dict_0004_0044.uasset" 8770
"/Engine/EngineMaterials/Substrate/Glints2/dict_0004_0039" 8771
"/Engine/EngineMaterials/Substrate/Glints2/dict_0004_0034" 8772
"/Engine/EngineMaterials/Substrate/Glints2/dict_0004_0047" 8773
"/Engine/EngineMaterials/Substrate/Glints2/dict_0004_0005" 8774
"/Engine/EngineMaterials/Substrate/Glints2/dict_0004_0044" 8775
"/Engine/EngineMaterials/Substrate/Glints2/dict_0004_0043" 8776
"/Engine/EngineMaterials/Substrate/Glints2/dict_0004_0046" 8777
"/Engine/EngineMaterials/Substrate/Glints2/dict_0004_0041" 8778
"/Engine/EngineMaterials/Substrate/Glints2/dict_0004_0040" 8779
"../../../Engine/Content/EngineMaterials/Substrate/Glints2/dict_0004_0048.uasset" 8780
"../../../Engine/Content/EngineMaterials/Substrate/Glints2/dict_0004_0053.uasset" 8781
"../../../Engine/Content/EngineMaterials/Substrate/Glints2/dict_0004_0051.uasset" 8782
"../../../Engine/Content/EngineMaterials/Substrate/Glints2/dict_0004_0045.uasset" 8783
"/Engine/EngineMaterials/Substrate/Glints2/dict_0004_0053" 8784
"/Engine/EngineMaterials/Substrate/Glints2/dict_0004_0051" 8785
"/Engine/EngineMaterials/Substrate/Glints2/dict_0004_0048" 8786
"/Engine/EngineMaterials/Substrate/Glints2/dict_0004_0045" 8787
"../../../Engine/Content/EngineMaterials/Substrate/Glints2/dict_0004_0049.uasset" 8788
"../../../Engine/Content/EngineMaterials/Substrate/Glints2/dict_0004_0050.uasset" 8789
"../../../Engine/Content/EngineMaterials/Substrate/Glints2/dict_0004_0052.uasset" 8790
"../../../Engine/Content/EngineMaterials/Substrate/Glints2/dict_0004_0054.uasset" 8791
"../../../Engine/Content/EngineMaterials/Substrate/Glints2/dict_0004_0055.uasset" 8792
"../../../Engine/Content/EngineMaterials/Substrate/Glints2/dict_0004_0058.uasset" 8793
"/Engine/EngineMaterials/Substrate/Glints2/dict_0004_0055" 8794
"/Engine/EngineMaterials/Substrate/Glints2/dict_0004_0054" 8795
"/Engine/EngineMaterials/Substrate/Glints2/dict_0004_0058" 8796
"/Engine/EngineMaterials/Substrate/Glints2/dict_0004_0052" 8797
"/Engine/EngineMaterials/Substrate/Glints2/dict_0004_0050" 8798
"/Engine/EngineMaterials/Substrate/Glints2/dict_0004_0049" 8799
"../../../Engine/Content/EngineMaterials/Substrate/Glints2/dict_0004_0057.uasset" 8800
"../../../Engine/Content/EngineMaterials/Substrate/Glints2/dict_0004_0063.uasset" 8801
"../../../Engine/Content/EngineMaterials/Substrate/Glints2/dict_0004_0060.uasset" 8802
"../../../Engine/Content/EngineMaterials/Substrate/Glints2/dict_0004_0066.uasset" 8803
"../../../Engine/Content/EngineMaterials/Substrate/Glints2/dict_0004_0064.uasset" 8804
"../../../Engine/Content/EngineMaterials/Substrate/Glints2/dict_0004_0062.uasset" 8805
"../../../Engine/Content/EngineMaterials/Substrate/Glints2/dict_0004_0061.uasset" 8806
"../../../Engine/Content/EngineMaterials/Substrate/Glints2/dict_0004_0059.uasset" 8807
"../../../Engine/Content/EngineMaterials/Substrate/Glints2/dict_0004_0068.uasset" 8808
"../../../Engine/Content/EngineMaterials/Substrate/Glints2/dict_0004_0065.uasset" 8809
"../../../Engine/Content/EngineMaterials/Substrate/Glints2/dict_0004_0067.uasset" 8810
"../../../Engine/Content/EngineMaterials/Substrate/Glints2/dict_0004_0074.uasset" 8811
"/Engine/EngineMaterials/Substrate/Glints2/dict_0004_0068" 8812
"/Engine/EngineMaterials/Substrate/Glints2/dict_0004_0057" 8813
"/Engine/EngineMaterials/Substrate/Glints2/dict_0004_0067" 8814
"/Engine/EngineMaterials/Substrate/Glints2/dict_0004_0059" 8815
"/Engine/EngineMaterials/Substrate/Glints2/dict_0004_0066" 8816
"/Engine/EngineMaterials/Substrate/Glints2/dict_0004_0065" 8817
"/Engine/EngineMaterials/Substrate/Glints2/dict_0004_0064" 8818
"/Engine/EngineMaterials/Substrate/Glints2/dict_0004_0063" 8819
"/Engine/EngineMaterials/Substrate/Glints2/dict_0004_0062" 8820
"/Engine/EngineMaterials/Substrate/Glints2/dict_0004_0061" 8821
"../../../Engine/Content/EngineMaterials/Substrate/Glints2/dict_0004_0013.uasset" 8822
"/Engine/EngineMaterials/Substrate/Glints2/dict_0004_0060" 8823
"/Engine/EngineMaterials/Substrate/Glints2/dict_0004_0013" 8824
"/Engine/EngineMaterials/Substrate/Glints2/dict_0004_0074" 8825
"../../../Engine/Content/EngineMaterials/Substrate/Glints2/dict_0004_0071.uasset" 8826
"/Engine/EngineMaterials/Substrate/Glints2/dict_0004_0071" 8827
"../../../Engine/Content/EngineMaterials/Substrate/Glints2/dict_0004_0069.uasset" 8828
"../../../Engine/Content/EngineMaterials/Substrate/Glints2/dict_0004_0070.uasset" 8829
"../../../Engine/Content/EngineMaterials/Substrate/Glints2/dict_0004_0075.uasset" 8830
"../../../Engine/Content/EngineMaterials/Substrate/Glints2/dict_0004_0073.uasset" 8831
"../../../Engine/Content/EngineMaterials/Substrate/Glints2/dict_0004_0077.uasset" 8832
"../../../Engine/Content/EngineMaterials/Substrate/Glints2/dict_0004_0084.uasset" 8833
"../../../Engine/Content/EngineMaterials/Substrate/Glints2/dict_0004_0076.uasset" 8834
"../../../Engine/Content/EngineMaterials/Substrate/Glints2/dict_0004_0072.uasset" 8835
"../../../Engine/Content/EngineMaterials/Substrate/Glints2/dict_0004_0079.uasset" 8836
"../../../Engine/Content/EngineMaterials/Substrate/Glints2/dict_0004_0081.uasset" 8837
"../../../Engine/Content/EngineMaterials/Substrate/Glints2/dict_0004_0083.uasset" 8838
"../../../Engine/Content/EngineMaterials/Substrate/Glints2/dict_0004_0078.uasset" 8839
"/Engine/EngineMaterials/Substrate/Glints2/dict_0004_0078" 8840
"/Engine/EngineMaterials/Substrate/Glints2/dict_0004_0072" 8841
"/Engine/EngineMaterials/Substrate/Glints2/dict_0004_0084" 8842
"../../../Engine/Content/EngineMaterials/Substrate/Glints2/dict_0004_0080.uasset" 8843
"/Engine/EngineMaterials/Substrate/Glints2/dict_0004_0083" 8844
"/Engine/EngineMaterials/Substrate/Glints2/dict_0004_0077" 8845
"../../../Engine/Content/EngineMaterials/Substrate/Glints2/dict_0004_0082.uasset" 8846
"../../../Engine/Content/EngineMaterials/Substrate/Glints2/dict_0004_0087.uasset" 8847
"../../../Engine/Content/EngineMaterials/Substrate/Glints2/dict_0004_0088.uasset" 8848
"/Engine/EngineMaterials/Substrate/Glints2/dict_0004_0081" 8849
"/Engine/EngineMaterials/Substrate/Glints2/dict_0004_0076" 8850
"/Engine/EngineMaterials/Substrate/Glints2/dict_0004_0075" 8851
"/Engine/EngineMaterials/Substrate/Glints2/dict_0004_0070" 8852
"/Engine/EngineMaterials/Substrate/Glints2/dict_0004_0079" 8853
"/Engine/EngineMaterials/Substrate/Glints2/dict_0004_0069" 8854
"/Engine/EngineMaterials/Substrate/Glints2/dict_0004_0073" 8855
"/Engine/EngineMaterials/Substrate/Glints2/dict_0004_0088" 8856
"/Engine/EngineMaterials/Substrate/Glints2/dict_0004_0087" 8857
"/Engine/EngineMaterials/Substrate/Glints2/dict_0004_0082" 8858
"../../../Engine/Content/EngineMaterials/Substrate/Glints2/dict_0004_0085.uasset" 8859
"/Engine/EngineMaterials/Substrate/Glints2/dict_0004_0080" 8860
"/Engine/EngineMaterials/Substrate/Glints2/dict_0004_0085" 8861
"../../../Engine/Content/EngineMaterials/Substrate/Glints2/dict_0004_0086.uasset" 8862
"../../../Engine/Content/EngineMaterials/Substrate/Glints2/dict_0003_0086.uasset" 8863
"../../../Engine/Content/EngineMaterials/Substrate/Glints2/dict_0004_0092.uasset" 8864
"../../../Engine/Content/EngineMaterials/Substrate/Glints2/dict_0004_0096.uasset" 8865
"../../../Engine/Content/EngineMaterials/Substrate/Glints2/dict_0004_0093.uasset" 8866
"../../../Engine/Content/EngineMaterials/Substrate/Glints2/dict_0004_0091.uasset" 8867
"../../../Engine/Content/EngineMaterials/Substrate/Glints2/dict_0004_0089.uasset" 8868
"../../../Engine/Content/EngineMaterials/Substrate/Glints2/dict_0004_0098.uasset" 8869
"../../../Engine/Content/EngineMaterials/Substrate/Glints2/dict_0004_0097.uasset" 8870
"../../../Engine/Content/EngineMaterials/Substrate/Glints2/dict_0004_0095.uasset" 8871
"/Engine/EngineMaterials/Substrate/Glints2/dict_0004_0089" 8872
"../../../Engine/Content/EngineMaterials/Substrate/Glints2/dict_0004_0099.uasset" 8873
"/Engine/EngineMaterials/Substrate/Glints2/dict_0004_0091" 8874
"/Engine/EngineMaterials/Substrate/Glints2/dict_0003_0086" 8875
"../../../Engine/Content/EngineMaterials/Substrate/Glints2/dict_0004_0094.uasset" 8876
"/Engine/EngineMaterials/Substrate/Glints2/dict_0004_0086" 8877
"/Engine/EngineMaterials/Substrate/Glints2/dict_0004_0092" 8878
"/Engine/EngineMaterials/Substrate/Glints2/dict_0004_0098" 8879
"../../../Engine/Content/EngineMaterials/Substrate/Glints2/dict_0004_0101.uasset" 8880
"/Engine/EngineMaterials/Substrate/Glints2/dict_0004_0096" 8881
"/Engine/EngineMaterials/Substrate/Glints2/dict_0004_0093" 8882
"../../../Engine/Content/EngineMaterials/Substrate/Glints2/dict_0004_0000.uasset" 8883
"/Engine/EngineMaterials/Substrate/Glints2/dict_0004_0000" 8884
"/Engine/EngineMaterials/Substrate/Glints2/dict_0004_0101" 8885
"/Engine/EngineMaterials/Substrate/Glints2/dict_0004_0099" 8886
"../../../Engine/Content/EngineMaterials/Substrate/Glints2/dict_0004_0100.uasset" 8887
"/Engine/EngineMaterials/Substrate/Glints2/dict_0004_0097" 8888
"/Engine/EngineMaterials/Substrate/Glints2/dict_0004_0095" 8889
"/Engine/EngineMaterials/Substrate/Glints2/dict_0004_0094" 8890
"/Engine/EngineMaterials/Substrate/Glints2/dict_0004_0100" 8891
"../../../Engine/Content/EngineMaterials/Substrate/Glints2/dict_0004_0103.uasset" 8892
"../../../Engine/Content/EngineMaterials/Substrate/Glints2/dict_0004_0105.uasset" 8893
"../../../Engine/Content/EngineMaterials/Substrate/Glints2/dict_0004_0104.uasset" 8894
"../../../Engine/Content/EngineMaterials/Substrate/Glints2/dict_0004_0102.uasset" 8895
"../../../Engine/Content/EngineMaterials/Substrate/Glints2/dict_0004_0111.uasset" 8896
"../../../Engine/Content/EngineMaterials/Substrate/Glints2/dict_0004_0106.uasset" 8897
"../../../Engine/Content/EngineMaterials/Substrate/Glints2/dict_0004_0107.uasset" 8898
"/Engine/EngineMaterials/Substrate/Glints2/dict_0004_0107" 8899
"../../../Engine/Content/EngineMaterials/Substrate/Glints2/dict_0004_0113.uasset" 8900
"/Engine/EngineMaterials/Substrate/Glints2/dict_0004_0104" 8901
"/Engine/EngineMaterials/Substrate/Glints2/dict_0004_0103" 8902
"/Engine/EngineMaterials/Substrate/Glints2/dict_0004_0102" 8903
"/Engine/EngineMaterials/Substrate/Glints2/dict_0004_0106" 8904
"/Engine/EngineMaterials/Substrate/Glints2/dict_0004_0111" 8905
"/Engine/EngineMaterials/Substrate/Glints2/dict_0004_0105" 8906
"/Engine/EngineMaterials/Substrate/Glints2/dict_0004_0113" 8907
"../../../Engine/Content/EngineMaterials/Substrate/Glints2/dict_0004_0108.uasset" 8908
"/Engine/EngineMaterials/Substrate/Glints2/dict_0004_0108" 8909
"../../../Engine/Content/EngineMaterials/Substrate/Glints2/dict_0004_0112.uasset" 8910
"../../../Engine/Content/EngineMaterials/Substrate/Glints2/dict_0004_0109.uasset" 8911
"/Engine/EngineMaterials/Substrate/Glints2/dict_0004_0109" 8912
"/Engine/EngineMaterials/Substrate/Glints2/dict_0004_0112" 8913
"../../../Engine/Content/EngineMaterials/Substrate/Glints2/dict_0004_0110.uasset" 8914
"../../../Engine/Content/EngineMaterials/Substrate/Glints2/dict_0004_0114.uasset" 8915
"../../../Engine/Content/EngineMaterials/Substrate/Glints2/dict_0004_0116.uasset" 8916
"../../../Engine/Content/EngineMaterials/Substrate/Glints2/dict_0004_0117.uasset" 8917
"../../../Engine/Content/EngineMaterials/Substrate/Glints2/dict_0004_0115.uasset" 8918
"../../../Engine/Content/EngineMaterials/Substrate/Glints2/dict_0004_0118.uasset" 8919
"/Engine/EngineMaterials/Substrate/Glints2/dict_0004_0117" 8920
"/Engine/EngineMaterials/Substrate/Glints2/dict_0004_0116" 8921
"/Engine/EngineMaterials/Substrate/Glints2/dict_0004_0115" 8922
"../../../Engine/Content/EngineMaterials/Substrate/Glints2/dict_0004_0119.uasset" 8923
"/Engine/EngineMaterials/Substrate/Glints2/dict_0004_0114" 8924
"../../../Engine/Content/EngineMaterials/Substrate/Glints2/dict_0004_0127.uasset" 8925
"/Engine/EngineMaterials/Substrate/Glints2/dict_0004_0118" 8926
"/Engine/EngineMaterials/Substrate/Glints2/dict_0004_0110" 8927
"/Engine/EngineMaterials/Substrate/Glints2/dict_0004_0127" 8928
"/Engine/EngineMaterials/Substrate/Glints2/dict_0004_0119" 8929
"../../../Engine/Content/EngineMaterials/Substrate/Glints2/dict_0004_0120.uasset" 8930
"/Engine/EngineMaterials/Substrate/Glints2/dict_0004_0120" 8931
"../../../Engine/Content/EngineMaterials/Substrate/Glints2/dict_0004_0121.uasset" 8932
"../../../Engine/Content/EngineMaterials/Substrate/Glints2/dict_0004_0125.uasset" 8933
"../../../Engine/Content/EngineMaterials/Substrate/Glints2/dict_0004_0122.uasset" 8934
"../../../Engine/Content/EngineMaterials/Substrate/Glints2/dict_0004_0123.uasset" 8935
"../../../Engine/Content/EngineMaterials/Substrate/Glints2/dict_0004_0124.uasset" 8936
"../../../Engine/Content/EngineMaterials/Substrate/Glints2/dict_0004_0129.uasset" 8937
"../../../Engine/Content/EngineMaterials/Substrate/Glints2/dict_0004_0128.uasset" 8938
"../../../Engine/Content/EngineMaterials/Substrate/Glints2/dict_0004_0126.uasset" 8939
"/Engine/EngineMaterials/Substrate/Glints2/dict_0004_0123" 8940
"/Engine/EngineMaterials/Substrate/Glints2/dict_0004_0129" 8941
"/Engine/EngineMaterials/Substrate/Glints2/dict_0004_0128" 8942
"/Engine/EngineMaterials/Substrate/Glints2/dict_0004_0122" 8943
"/Engine/EngineMaterials/Substrate/Glints2/dict_0004_0124" 8944
"/Engine/EngineMaterials/Substrate/Glints2/dict_0004_0121" 8945
"/Engine/EngineMaterials/Substrate/Glints2/dict_0004_0126" 8946
"/Engine/EngineMaterials/Substrate/Glints2/dict_0004_0125" 8947
"../../../Engine/Content/EngineMaterials/Substrate/Glints2/dict_0004_0136.uasset" 8948
"../../../Engine/Content/EngineMaterials/Substrate/Glints2/dict_0004_0132.uasset" 8949
"../../../Engine/Content/EngineMaterials/Substrate/Glints2/dict_0004_0133.uasset" 8950
"../../../Engine/Content/EngineMaterials/Substrate/Glints2/dict_0004_0131.uasset" 8951
"../../../Engine/Content/EngineMaterials/Substrate/Glints2/dict_0004_0138.uasset" 8952
"../../../Engine/Content/EngineMaterials/Substrate/Glints2/dict_0004_0135.uasset" 8953
"../../../Engine/Content/EngineMaterials/Substrate/Glints2/dict_0004_0139.uasset" 8954
"../../../Engine/Content/EngineMaterials/Substrate/Glints2/dict_0004_0137.uasset" 8955
"../../../Engine/Content/EngineMaterials/Substrate/Glints2/dict_0004_0134.uasset" 8956
"../../../Engine/Content/EngineMaterials/Substrate/Glints2/dict_0004_0142.uasset" 8957
"../../../Engine/Content/EngineMaterials/Substrate/Glints2/dict_0004_0143.uasset" 8958
"../../../Engine/Content/EngineMaterials/Substrate/Glints2/dict_0004_0140.uasset" 8959
"../../../Engine/Content/EngineMaterials/Substrate/Glints2/dict_0004_0141.uasset" 8960
"/Engine/EngineMaterials/Substrate/Glints2/dict_0004_0133" 8961
"../../../Engine/Content/EngineMaterials/Substrate/Glints2/dict_0004_0145.uasset" 8962
"/Engine/EngineMaterials/Substrate/Glints2/dict_0004_0140" 8963
"/Engine/EngineMaterials/Substrate/Glints2/dict_0004_0131" 8964
"/Engine/EngineMaterials/Substrate/Glints2/dict_0004_0139" 8965
"/Engine/EngineMaterials/Substrate/Glints2/dict_0004_0138" 8966
"../../../Engine/Content/EngineMaterials/Substrate/Glints2/dict_0004_0147.uasset" 8967
"../../../Engine/Content/EngineMaterials/Substrate/Glints2/dict_0004_0146.uasset" 8968
"/Engine/EngineMaterials/Substrate/Glints2/dict_0004_0135" 8969
"/Engine/EngineMaterials/Substrate/Glints2/dict_0004_0143" 8970
"../../../Engine/Content/EngineMaterials/Substrate/Glints2/dict_0004_0148.uasset" 8971
"../../../Engine/Content/EngineMaterials/Substrate/Glints2/dict_0004_0149.uasset" 8972
"/Engine/EngineMaterials/Substrate/Glints2/dict_0004_0132" 8973
"/Engine/EngineMaterials/Substrate/Glints2/dict_0004_0134" 8974
"/Engine/EngineMaterials/Substrate/Glints2/dict_0004_0142" 8975
"/Engine/EngineMaterials/Substrate/Glints2/dict_0004_0137" 8976
"/Engine/EngineMaterials/Substrate/Glints2/dict_0004_0136" 8977
"/Engine/EngineMaterials/Substrate/Glints2/dict_0004_0141" 8978
"/Engine/EngineMaterials/Substrate/Glints2/dict_0004_0149" 8979
"/Engine/EngineMaterials/Substrate/Glints2/dict_0004_0148" 8980
"/Engine/EngineMaterials/Substrate/Glints2/dict_0004_0147" 8981
"/Engine/EngineMaterials/Substrate/Glints2/dict_0004_0146" 8982
"/Engine/EngineMaterials/Substrate/Glints2/dict_0004_0145" 8983
"../../../Engine/Content/EngineMaterials/Substrate/Glints2/dict_0004_0144.uasset" 8984
"../../../Engine/Content/EngineMaterials/Substrate/Glints2/dict_0003_0014.uasset" 8985
"../../../Engine/Content/EngineMaterials/Substrate/Glints2/dict_0004_0152.uasset" 8986
"../../../Engine/Content/EngineMaterials/Substrate/Glints2/dict_0004_0154.uasset" 8987
"../../../Engine/Content/EngineMaterials/Substrate/Glints2/dict_0004_0151.uasset" 8988
"../../../Engine/Content/EngineMaterials/Substrate/Glints2/dict_0004_0150.uasset" 8989
"../../../Engine/Content/EngineMaterials/Substrate/Glints2/dict_0004_0159.uasset" 8990
"../../../Engine/Content/EngineMaterials/Substrate/Glints2/dict_0004_0158.uasset" 8991
"../../../Engine/Content/EngineMaterials/Substrate/Glints2/dict_0004_0160.uasset" 8992
"/Engine/EngineMaterials/Substrate/Glints2/dict_0004_0152" 8993
"../../../Engine/Content/EngineMaterials/Substrate/Glints2/dict_0004_0155.uasset" 8994
"../../../Engine/Content/EngineMaterials/Substrate/Glints2/dict_0004_0161.uasset" 8995
"/Engine/EngineMaterials/Substrate/Glints2/dict_0003_0014" 8996
"/Engine/EngineMaterials/Substrate/Glints2/dict_0004_0151" 8997
"/Engine/EngineMaterials/Substrate/Glints2/dict_0004_0150" 8998
"/Engine/EngineMaterials/Substrate/Glints2/dict_0004_0144" 8999
"/Engine/EngineMaterials/Substrate/Glints2/dict_0004_0154" 9000
"../../../Engine/Content/EngineMaterials/Substrate/Glints2/dict_0004_0164.uasset" 9001
"/Engine/EngineMaterials/Substrate/Glints2/dict_0004_0164" 9002
"/Engine/EngineMaterials/Substrate/Glints2/dict_0004_0161" 9003
"/Engine/EngineMaterials/Substrate/Glints2/dict_0004_0160" 9004
"/Engine/EngineMaterials/Substrate/Glints2/dict_0004_0159" 9005
"../../../Engine/Content/EngineMaterials/Substrate/Glints2/dict_0004_0156.uasset" 9006
"/Engine/EngineMaterials/Substrate/Glints2/dict_0004_0158" 9007
"../../../Engine/Content/EngineMaterials/Substrate/Glints2/dict_0004_0157.uasset" 9008
"/Engine/EngineMaterials/Substrate/Glints2/dict_0004_0155" 9009
"/Engine/EngineMaterials/Substrate/Glints2/dict_0004_0157" 9010
"/Engine/EngineMaterials/Substrate/Glints2/dict_0004_0156" 9011
"../../../Engine/Content/EngineMaterials/Substrate/Glints2/dict_0004_0153.uasset" 9012
"../../../Engine/Content/EngineMaterials/Substrate/Glints2/dict_0004_0163.uasset" 9013
"../../../Engine/Content/EngineMaterials/Substrate/Glints2/dict_0004_0166.uasset" 9014
"../../../Engine/Content/EngineMaterials/Substrate/Glints2/dict_0004_0171.uasset" 9015
"../../../Engine/Content/EngineMaterials/Substrate/Glints2/dict_0004_0165.uasset" 9016
"../../../Engine/Content/EngineMaterials/Substrate/Glints2/dict_0004_0176.uasset" 9017
"../../../Engine/Content/EngineMaterials/Substrate/Glints2/dict_0004_0169.uasset" 9018
"../../../Engine/Content/EngineMaterials/Substrate/Glints2/dict_0004_0168.uasset" 9019
"../../../Engine/Content/EngineMaterials/Substrate/Glints2/dict_0004_0167.uasset" 9020
"../../../Engine/Content/EngineMaterials/Substrate/Glints2/dict_0002_0214.uasset" 9021
"../../../Engine/Content/EngineMaterials/Substrate/Glints2/dict_0004_0170.uasset" 9022
"/Engine/EngineMaterials/Substrate/Glints2/dict_0004_0170" 9023
"../../../Engine/Content/EngineMaterials/Substrate/Glints2/dict_0004_0178.uasset" 9024
"../../../Engine/Content/EngineMaterials/Substrate/Glints2/dict_0004_0172.uasset" 9025
"/Engine/EngineMaterials/Substrate/Glints2/dict_0004_0163" 9026
"/Engine/EngineMaterials/Substrate/Glints2/dict_0004_0176" 9027
"/Engine/EngineMaterials/Substrate/Glints2/dict_0004_0169" 9028
"/Engine/EngineMaterials/Substrate/Glints2/dict_0004_0168" 9029
"/Engine/EngineMaterials/Substrate/Glints2/dict_0004_0167" 9030
"/Engine/EngineMaterials/Substrate/Glints2/dict_0004_0166" 9031
"/Engine/EngineMaterials/Substrate/Glints2/dict_0004_0165" 9032
"/Engine/EngineMaterials/Substrate/Glints2/dict_0004_0171" 9033
"/Engine/EngineMaterials/Substrate/Glints2/dict_0004_0153" 9034
"/Engine/EngineMaterials/Substrate/Glints2/dict_0002_0214" 9035
"/Engine/EngineMaterials/Substrate/Glints2/dict_0004_0178" 9036
"/Engine/EngineMaterials/Substrate/Glints2/dict_0004_0172" 9037
"../../../Engine/Content/EngineMaterials/Substrate/Glints2/dict_0004_0177.uasset" 9038
"../../../Engine/Content/EngineMaterials/Substrate/Glints2/dict_0002_0222.uasset" 9039
"../../../Engine/Content/EngineMaterials/Substrate/Glints2/dict_0004_0175.uasset" 9040
"../../../Engine/Content/EngineMaterials/Substrate/Glints2/dict_0004_0179.uasset" 9041
"../../../Engine/Content/EngineMaterials/Substrate/Glints2/dict_0003_0053.uasset" 9042
"../../../Engine/Content/EngineMaterials/Substrate/Glints2/dict_0004_0180.uasset" 9043
"../../../Engine/Content/EngineMaterials/Substrate/Glints2/dict_0004_0183.uasset" 9044
"../../../Engine/Content/EngineMaterials/Substrate/Glints2/dict_0004_0188.uasset" 9045
"../../../Engine/Content/EngineMaterials/Substrate/Glints2/dict_0004_0184.uasset" 9046
"../../../Engine/Content/EngineMaterials/Substrate/Glints2/dict_0004_0181.uasset" 9047
"../../../Engine/Content/EngineMaterials/Substrate/Glints2/dict_0004_0187.uasset" 9048
"../../../Engine/Content/EngineMaterials/Substrate/Glints2/dict_0004_0182.uasset" 9049
"/Engine/EngineMaterials/Substrate/Glints2/dict_0004_0182" 9050
"/Engine/EngineMaterials/Substrate/Glints2/dict_0004_0181" 9051
"/Engine/EngineMaterials/Substrate/Glints2/dict_0004_0180" 9052
"/Engine/EngineMaterials/Substrate/Glints2/dict_0003_0053" 9053
"/Engine/EngineMaterials/Substrate/Glints2/dict_0004_0175" 9054
"/Engine/EngineMaterials/Substrate/Glints2/dict_0002_0222" 9055
"/Engine/EngineMaterials/Substrate/Glints2/dict_0004_0179" 9056
"../../../Engine/Content/EngineMaterials/Substrate/Glints2/dict_0004_0185.uasset" 9057
"/Engine/EngineMaterials/Substrate/Glints2/dict_0004_0184" 9058
"../../../Engine/Content/EngineMaterials/Substrate/Glints2/dict_0004_0194.uasset" 9059
"/Engine/EngineMaterials/Substrate/Glints2/dict_0004_0183" 9060
"/Engine/EngineMaterials/Substrate/Glints2/dict_0004_0188" 9061
"/Engine/EngineMaterials/Substrate/Glints2/dict_0004_0177" 9062
"../../../Engine/Content/EngineMaterials/Substrate/Glints2/dict_0004_0186.uasset" 9063
"/Engine/EngineMaterials/Substrate/Glints2/dict_0004_0187" 9064
"/Engine/EngineMaterials/Substrate/Glints2/dict_0004_0194" 9065
"/Engine/EngineMaterials/Substrate/Glints2/dict_0004_0186" 9066
"/Engine/EngineMaterials/Substrate/Glints2/dict_0004_0185" 9067
"../../../Engine/Content/EngineMaterials/Substrate/Glints2/dict_0004_0191.uasset" 9068
"../../../Engine/Content/EngineMaterials/Substrate/Glints2/dict_0004_0196.uasset" 9069
"../../../Engine/Content/EngineMaterials/Substrate/Glints2/dict_0004_0190.uasset" 9070
"../../../Engine/Content/EngineMaterials/Substrate/Glints2/dict_0004_0193.uasset" 9071
"../../../Engine/Content/EngineMaterials/Substrate/Glints2/dict_0004_0197.uasset" 9072
"../../../Engine/Content/EngineMaterials/Substrate/Glints2/dict_0004_0195.uasset" 9073
"../../../Engine/Content/EngineMaterials/Substrate/Glints2/dict_0004_0206.uasset" 9074
"../../../Engine/Content/EngineMaterials/Substrate/Glints2/dict_0004_0204.uasset" 9075
"../../../Engine/Content/EngineMaterials/Substrate/Glints2/dict_0004_0205.uasset" 9076
"../../../Engine/Content/EngineMaterials/Substrate/Glints2/dict_0004_0198.uasset" 9077
"/Engine/EngineMaterials/Substrate/Glints2/dict_0004_0195" 9078
"/Engine/EngineMaterials/Substrate/Glints2/dict_0004_0206" 9079
"/Engine/EngineMaterials/Substrate/Glints2/dict_0004_0193" 9080
"/Engine/EngineMaterials/Substrate/Glints2/dict_0004_0205" 9081
"/Engine/EngineMaterials/Substrate/Glints2/dict_0004_0204" 9082
"/Engine/EngineMaterials/Substrate/Glints2/dict_0004_0191" 9083
"/Engine/EngineMaterials/Substrate/Glints2/dict_0004_0197" 9084
"/Engine/EngineMaterials/Substrate/Glints2/dict_0004_0190" 9085
"/Engine/EngineMaterials/Substrate/Glints2/dict_0004_0196" 9086
"/Engine/EngineMaterials/Substrate/Glints2/dict_0004_0198" 9087
"../../../Engine/Content/EngineMaterials/Substrate/Glints2/dict_0004_0203.uasset" 9088
"../../../Engine/Content/EngineMaterials/Substrate/Glints2/dict_0004_0199.uasset" 9089
"../../../Engine/Content/EngineMaterials/Substrate/Glints2/dict_0004_0202.uasset" 9090
"../../../Engine/Content/EngineMaterials/Substrate/Glints2/dict_0004_0201.uasset" 9091
"../../../Engine/Content/EngineMaterials/Substrate/Glints2/dict_0004_0208.uasset" 9092
"../../../Engine/Content/EngineMaterials/Substrate/Glints2/dict_0004_0200.uasset" 9093
"../../../Engine/Content/EngineMaterials/Substrate/Glints2/dict_0004_0209.uasset" 9094
"../../../Engine/Content/EngineMaterials/Substrate/Glints2/dict_0004_0210.uasset" 9095
"../../../Engine/Content/EngineMaterials/Substrate/Glints2/dict_0004_0207.uasset" 9096
"../../../Engine/Content/EngineMaterials/Substrate/Glints2/dict_0004_0213.uasset" 9097
"../../../Engine/Content/EngineMaterials/Substrate/Glints2/dict_0004_0212.uasset" 9098
"../../../Engine/Content/EngineMaterials/Substrate/Glints2/dict_0004_0211.uasset" 9099
"/Engine/EngineMaterials/Substrate/Glints2/dict_0004_0209" 9100
"/Engine/EngineMaterials/Substrate/Glints2/dict_0004_0212" 9101
"../../../Engine/Content/EngineMaterials/Substrate/Glints2/dict_0004_0219.uasset" 9102
"../../../Engine/Content/EngineMaterials/Substrate/Glints2/dict_0004_0218.uasset" 9103
"/Engine/EngineMaterials/Substrate/Glints2/dict_0004_0208" 9104
"/Engine/EngineMaterials/Substrate/Glints2/dict_0004_0207" 9105
"/Engine/EngineMaterials/Substrate/Glints2/dict_0004_0203" 9106
"/Engine/EngineMaterials/Substrate/Glints2/dict_0004_0202" 9107
"../../../Engine/Content/EngineMaterials/Substrate/Glints2/dict_0004_0214.uasset" 9108
"/Engine/EngineMaterials/Substrate/Glints2/dict_0004_0201" 9109
"../../../Engine/Content/EngineMaterials/Substrate/Glints2/dict_0004_0221.uasset" 9110
"/Engine/EngineMaterials/Substrate/Glints2/dict_0004_0200" 9111
"/Engine/EngineMaterials/Substrate/Glints2/dict_0004_0199" 9112
"/Engine/EngineMaterials/Substrate/Glints2/dict_0004_0213" 9113
"/Engine/EngineMaterials/Substrate/Glints2/dict_0004_0211" 9114
"/Engine/EngineMaterials/Substrate/Glints2/dict_0004_0210" 9115
"/Engine/EngineMaterials/Substrate/Glints2/dict_0004_0221" 9116
"/Engine/EngineMaterials/Substrate/Glints2/dict_0004_0219" 9117
"/Engine/EngineMaterials/Substrate/Glints2/dict_0004_0218" 9118
"/Engine/EngineMaterials/Substrate/Glints2/dict_0004_0214" 9119
"../../../Engine/Content/EngineMaterials/Substrate/Glints2/dict_0004_0216.uasset" 9120
"../../../Engine/Content/EngineMaterials/Substrate/Glints2/dict_0004_0220.uasset" 9121
"../../../Engine/Content/EngineMaterials/Substrate/Glints2/dict_0004_0215.uasset" 9122
"../../../Engine/Content/EngineMaterials/Substrate/Glints2/dict_0004_0217.uasset" 9123
"../../../Engine/Content/EngineMaterials/Substrate/Glints2/dict_0004_0223.uasset" 9124
"/Engine/EngineMaterials/Substrate/Glints2/dict_0004_0220" 9125
"../../../Engine/Content/EngineMaterials/Substrate/Glints2/dict_0004_0229.uasset" 9126
"/Engine/EngineMaterials/Substrate/Glints2/dict_0004_0217" 9127
"/Engine/EngineMaterials/Substrate/Glints2/dict_0004_0216" 9128
"../../../Engine/Content/EngineMaterials/Substrate/Glints2/dict_0004_0224.uasset" 9129
"../../../Engine/Content/EngineMaterials/Substrate/Glints2/dict_0004_0228.uasset" 9130
"/Engine/EngineMaterials/Substrate/Glints2/dict_0004_0215" 9131
"../../../Engine/Content/EngineMaterials/Substrate/Glints2/dict_0004_0226.uasset" 9132
"/Engine/EngineMaterials/Substrate/Glints2/dict_0004_0223" 9133
"../../../Engine/Content/EngineMaterials/Substrate/Glints2/dict_0004_0231.uasset" 9134
"/Engine/EngineMaterials/Substrate/Glints2/dict_0004_0231" 9135
"/Engine/EngineMaterials/Substrate/Glints2/dict_0004_0229" 9136
"/Engine/EngineMaterials/Substrate/Glints2/dict_0004_0228" 9137
"../../../Engine/Content/EngineMaterials/Substrate/Glints2/dict_0004_0230.uasset" 9138
"/Engine/EngineMaterials/Substrate/Glints2/dict_0004_0226" 9139
"../../../Engine/Content/EngineMaterials/Substrate/Glints2/dict_0004_0222.uasset" 9140
"/Engine/EngineMaterials/Substrate/Glints2/dict_0004_0224" 9141
"/Engine/EngineMaterials/Substrate/Glints2/dict_0004_0222" 9142
"/Engine/EngineMaterials/Substrate/Glints2/dict_0004_0230" 9143
"../../../Engine/Content/EngineMaterials/Substrate/Glints2/dict_0004_0227.uasset" 9144
"../../../Engine/Content/EngineMaterials/Substrate/Glints2/dict_0004_0225.uasset" 9145
"../../../Engine/Content/EngineMaterials/Substrate/Glints2/dict_0004_0236.uasset" 9146
"../../../Engine/Content/EngineMaterials/Substrate/Glints2/dict_0004_0233.uasset" 9147
"../../../Engine/Content/EngineMaterials/Substrate/Glints2/dict_0004_0232.uasset" 9148
"../../../Engine/Content/EngineMaterials/Substrate/Glints2/dict_0004_0237.uasset" 9149
"/Engine/EngineMaterials/Substrate/Glints2/dict_0004_0233" 9150
"/Engine/EngineMaterials/Substrate/Glints2/dict_0004_0232" 9151
"../../../Engine/Content/EngineMaterials/Substrate/Glints2/dict_0004_0234.uasset" 9152
"/Engine/EngineMaterials/Substrate/Glints2/dict_0004_0237" 9153
"/Engine/EngineMaterials/Substrate/Glints2/dict_0004_0236" 9154
"/Engine/EngineMaterials/Substrate/Glints2/dict_0004_0227" 9155
"/Engine/EngineMaterials/Substrate/Glints2/dict_0004_0225" 9156
"/Engine/EngineMaterials/Substrate/Glints2/dict_0004_0234" 9157
"../../../Engine/Content/EngineMaterials/Substrate/Glints2/dict_0004_0238.uasset" 9158
"../../../Engine/Content/EngineMaterials/Substrate/Glints2/dict_0004_0235.uasset" 9159
"../../../Engine/Content/EngineMaterials/Substrate/Glints2/dict_0004_0239.uasset" 9160
"../../../Engine/Content/EngineMaterials/Substrate/Glints2/dict_0004_0240.uasset" 9161
"../../../Engine/Content/EngineMaterials/Substrate/Glints2/dict_0004_0241.uasset" 9162
"../../../Engine/Content/EngineMaterials/Substrate/Glints2/dict_0004_0242.uasset" 9163
"../../../Engine/Content/EngineMaterials/Substrate/Glints2/dict_0004_0244.uasset" 9164
"/Engine/EngineMaterials/Substrate/Glints2/dict_0004_0238" 9165
"/Engine/EngineMaterials/Substrate/Glints2/dict_0004_0242" 9166
"../../../Engine/Content/EngineMaterials/Substrate/Glints2/dict_0004_0243.uasset" 9167
"/Engine/EngineMaterials/Substrate/Glints2/dict_0004_0241" 9168
"../../../Engine/Content/EngineMaterials/Substrate/Glints2/dict_0004_0247.uasset" 9169
"../../../Engine/Content/EngineMaterials/Substrate/Glints2/dict_0004_0250.uasset" 9170
"/Engine/EngineMaterials/Substrate/Glints2/dict_0004_0240" 9171
"/Engine/EngineMaterials/Substrate/Glints2/dict_0004_0235" 9172
"../../../Engine/Content/EngineMaterials/Substrate/Glints2/dict_0004_0246.uasset" 9173
"/Engine/EngineMaterials/Substrate/Glints2/dict_0004_0244" 9174
"../../../Engine/Content/EngineMaterials/Substrate/Glints2/dict_0004_0249.uasset" 9175
"/Engine/EngineMaterials/Substrate/Glints2/dict_0004_0239" 9176
"/Engine/EngineMaterials/Substrate/Glints2/dict_0004_0250" 9177
"../../../Engine/Content/EngineMaterials/Substrate/Glints2/dict_0004_0248.uasset" 9178
"/Engine/EngineMaterials/Substrate/Glints2/dict_0004_0243" 9179
"/Engine/EngineMaterials/Substrate/Glints2/dict_0004_0249" 9180
"../../../Engine/Content/EngineMaterials/Substrate/Glints2/dict_0004_0251.uasset" 9181
"/Engine/EngineMaterials/Substrate/Glints2/dict_0004_0247" 9182
"/Engine/EngineMaterials/Substrate/Glints2/dict_0004_0246" 9183
"/Engine/EngineMaterials/Substrate/Glints2/dict_0004_0248" 9184
"/Engine/EngineMaterials/Substrate/Glints2/dict_0004_0251" 9185
"../../../Engine/Content/EngineMaterials/Substrate/Glints2/dict_0004_0253.uasset" 9186
"../../../Engine/Content/EngineMaterials/Substrate/Glints2/dict_0004_0252.uasset" 9187
"../../../Engine/Content/EngineMaterials/Substrate/Glints2/dict_0004_0255.uasset" 9188
"../../../Engine/Content/EngineMaterials/Substrate/Glints2/dict_0004_0254.uasset" 9189
"../../../Engine/Content/EngineMaterials/Substrate/Glints2/dict_0005_0001.uasset" 9190
"../../../Engine/Content/EngineMaterials/Substrate/Glints2/dict_0005_0000.uasset" 9191
"/Engine/EngineMaterials/Substrate/Glints2/dict_0005_0001" 9192
"/Engine/EngineMaterials/Substrate/Glints2/dict_0005_0000" 9193
"/Engine/EngineMaterials/Substrate/Glints2/dict_0004_0255" 9194
"/Engine/EngineMaterials/Substrate/Glints2/dict_0004_0254" 9195
"/Engine/EngineMaterials/Substrate/Glints2/dict_0004_0253" 9196
"/Engine/EngineMaterials/Substrate/Glints2/dict_0004_0252" 9197
"../../../Engine/Content/EngineMaterials/Substrate/Glints2/dict_0005_0002.uasset" 9198
"../../../Engine/Content/EngineMaterials/Substrate/Glints2/dict_0005_0005.uasset" 9199
"../../../Engine/Content/EngineMaterials/Substrate/Glints2/dict_0005_0008.uasset" 9200
"../../../Engine/Content/EngineMaterials/Substrate/Glints2/dict_0005_0004.uasset" 9201
"../../../Engine/Content/EngineMaterials/Substrate/Glints2/dict_0005_0006.uasset" 9202
"../../../Engine/Content/EngineMaterials/Substrate/Glints2/dict_0005_0007.uasset" 9203
"../../../Engine/Content/EngineMaterials/Substrate/Glints2/dict_0005_0003.uasset" 9204
"/Engine/EngineMaterials/Substrate/Glints2/dict_0005_0008" 9205
"../../../Engine/Content/EngineMaterials/Substrate/Glints2/dict_0005_0009.uasset" 9206
"/Engine/EngineMaterials/Substrate/Glints2/dict_0005_0007" 9207
"/Engine/EngineMaterials/Substrate/Glints2/dict_0005_0006" 9208
"/Engine/EngineMaterials/Substrate/Glints2/dict_0005_0005" 9209
"/Engine/EngineMaterials/Substrate/Glints2/dict_0005_0004" 9210
"/Engine/EngineMaterials/Substrate/Glints2/dict_0005_0003" 9211
"/Engine/EngineMaterials/Substrate/Glints2/dict_0005_0002" 9212
"/Engine/EngineMaterials/Substrate/Glints2/dict_0005_0009" 9213
"../../../Engine/Content/EngineMaterials/Substrate/Glints2/dict_0005_0014.uasset" 9214
"../../../Engine/Content/EngineMaterials/Substrate/Glints2/dict_0005_0012.uasset" 9215
"../../../Engine/Content/EngineMaterials/Substrate/Glints2/dict_0005_0011.uasset" 9216
"../../../Engine/Content/EngineMaterials/Substrate/Glints2/dict_0005_0010.uasset" 9217
"../../../Engine/Content/EngineMaterials/Substrate/Glints2/dict_0005_0016.uasset" 9218
"../../../Engine/Content/EngineMaterials/Substrate/Glints2/dict_0005_0018.uasset" 9219
"../../../Engine/Content/EngineMaterials/Substrate/Glints2/dict_0005_0015.uasset" 9220
"../../../Engine/Content/EngineMaterials/Substrate/Glints2/dict_0005_0013.uasset" 9221
"../../../Engine/Content/EngineMaterials/Substrate/Glints2/dict_0005_0017.uasset" 9222
"../../../Engine/Content/EngineMaterials/Substrate/Glints2/dict_0005_0021.uasset" 9223
"../../../Engine/Content/EngineMaterials/Substrate/Glints2/dict_0005_0019.uasset" 9224
"../../../Engine/Content/EngineMaterials/Substrate/Glints2/dict_0005_0025.uasset" 9225
"../../../Engine/Content/EngineMaterials/Substrate/Glints2/dict_0005_0022.uasset" 9226
"/Engine/EngineMaterials/Substrate/Glints2/dict_0005_0013" 9227
"/Engine/EngineMaterials/Substrate/Glints2/dict_0005_0021" 9228
"/Engine/EngineMaterials/Substrate/Glints2/dict_0005_0019" 9229
"/Engine/EngineMaterials/Substrate/Glints2/dict_0005_0015" 9230
"/Engine/EngineMaterials/Substrate/Glints2/dict_0005_0012" 9231
"../../../Engine/Content/EngineMaterials/Substrate/Glints2/dict_0005_0020.uasset" 9232
"/Engine/EngineMaterials/Substrate/Glints2/dict_0005_0018" 9233
"/Engine/EngineMaterials/Substrate/Glints2/dict_0005_0017" 9234
"/Engine/EngineMaterials/Substrate/Glints2/dict_0005_0011" 9235
"/Engine/EngineMaterials/Substrate/Glints2/dict_0005_0010" 9236
"/Engine/EngineMaterials/Substrate/Glints2/dict_0005_0025" 9237
"/Engine/EngineMaterials/Substrate/Glints2/dict_0005_0016" 9238
"/Engine/EngineMaterials/Substrate/Glints2/dict_0005_0014" 9239
"../../../Engine/Content/EngineMaterials/Substrate/Glints2/dict_0005_0026.uasset" 9240
"/Engine/EngineMaterials/Substrate/Glints2/dict_0005_0020" 9241
"/Engine/EngineMaterials/Substrate/Glints2/dict_0005_0026" 9242
"/Engine/EngineMaterials/Substrate/Glints2/dict_0005_0022" 9243
"../../../Engine/Content/EngineMaterials/Substrate/Glints2/dict_0005_0023.uasset" 9244
"../../../Engine/Content/EngineMaterials/Substrate/Glints2/dict_0005_0024.uasset" 9245
"../../../Engine/Content/EngineMaterials/Substrate/Glints2/dict_0004_0056.uasset" 9246
"../../../Engine/Content/EngineMaterials/Substrate/Glints2/dict_0005_0034.uasset" 9247
"../../../Engine/Content/EngineMaterials/Substrate/Glints2/dict_0005_0032.uasset" 9248
"../../../Engine/Content/EngineMaterials/Substrate/Glints2/dict_0005_0033.uasset" 9249
"../../../Engine/Content/EngineMaterials/Substrate/Glints2/dict_0005_0028.uasset" 9250
"../../../Engine/Content/EngineMaterials/Substrate/Glints2/dict_0005_0029.uasset" 9251
"../../../Engine/Content/EngineMaterials/Substrate/Glints2/dict_0005_0027.uasset" 9252
"../../../Engine/Content/EngineMaterials/Substrate/Glints2/dict_0005_0031.uasset" 9253
"/Engine/EngineMaterials/Substrate/Glints2/dict_0004_0056" 9254
"../../../Engine/Content/EngineMaterials/Substrate/Glints2/dict_0005_0041.uasset" 9255
"/Engine/EngineMaterials/Substrate/Glints2/dict_0005_0028" 9256
"/Engine/EngineMaterials/Substrate/Glints2/dict_0005_0034" 9257
"/Engine/EngineMaterials/Substrate/Glints2/dict_0005_0027" 9258
"/Engine/EngineMaterials/Substrate/Glints2/dict_0005_0033" 9259
"/Engine/EngineMaterials/Substrate/Glints2/dict_0005_0032" 9260
"/Engine/EngineMaterials/Substrate/Glints2/dict_0005_0029" 9261
"../../../Engine/Content/EngineMaterials/Substrate/Glints2/dict_0005_0036.uasset" 9262
"/Engine/EngineMaterials/Substrate/Glints2/dict_0005_0024" 9263
"/Engine/EngineMaterials/Substrate/Glints2/dict_0005_0031" 9264
"../../../Engine/Content/EngineMaterials/Substrate/Glints2/dict_0005_0040.uasset" 9265
"../../../Engine/Content/EngineMaterials/Substrate/Glints2/dict_0005_0038.uasset" 9266
"/Engine/EngineMaterials/Substrate/Glints2/dict_0005_0023" 9267
"../../../Engine/Content/EngineMaterials/Substrate/Glints2/dict_0005_0035.uasset" 9268
"/Engine/EngineMaterials/Substrate/Glints2/dict_0005_0041" 9269
"/Engine/EngineMaterials/Substrate/Glints2/dict_0005_0040" 9270
"/Engine/EngineMaterials/Substrate/Glints2/dict_0005_0038" 9271
"/Engine/EngineMaterials/Substrate/Glints2/dict_0005_0036" 9272
"/Engine/EngineMaterials/Substrate/Glints2/dict_0005_0035" 9273
"../../../Engine/Content/EngineMaterials/Substrate/Glints2/dict_0005_0030.uasset" 9274
"../../../Engine/Content/EngineMaterials/Substrate/Glints2/dict_0005_0043.uasset" 9275
"../../../Engine/Content/EngineMaterials/Substrate/Glints2/dict_0005_0039.uasset" 9276
"../../../Engine/Content/EngineMaterials/Substrate/Glints2/dict_0005_0042.uasset" 9277
"../../../Engine/Content/EngineMaterials/Substrate/Glints2/dict_0005_0047.uasset" 9278
"../../../Engine/Content/EngineMaterials/Substrate/Glints2/dict_0005_0044.uasset" 9279
"../../../Engine/Content/EngineMaterials/Substrate/Glints2/dict_0005_0051.uasset" 9280
"../../../Engine/Content/EngineMaterials/Substrate/Glints2/dict_0005_0048.uasset" 9281
"../../../Engine/Content/EngineMaterials/Substrate/Glints2/dict_0005_0049.uasset" 9282
"/Engine/EngineMaterials/Substrate/Glints2/dict_0005_0044" 9283
"../../../Engine/Content/EngineMaterials/Substrate/Glints2/dict_0005_0050.uasset" 9284
"/Engine/EngineMaterials/Substrate/Glints2/dict_0005_0039" 9285
"/Engine/EngineMaterials/Substrate/Glints2/dict_0005_0051" 9286
"../../../Engine/Content/EngineMaterials/Substrate/Glints2/dict_0005_0046.uasset" 9287
"/Engine/EngineMaterials/Substrate/Glints2/dict_0005_0043" 9288
"/Engine/EngineMaterials/Substrate/Glints2/dict_0005_0049" 9289
"/Engine/EngineMaterials/Substrate/Glints2/dict_0005_0048" 9290
"/Engine/EngineMaterials/Substrate/Glints2/dict_0005_0047" 9291
"/Engine/EngineMaterials/Substrate/Glints2/dict_0005_0030" 9292
"../../../Engine/Content/EngineMaterials/Substrate/Glints2/dict_0004_0189.uasset" 9293
"/Engine/EngineMaterials/Substrate/Glints2/dict_0005_0042" 9294
"/Engine/EngineMaterials/Substrate/Glints2/dict_0005_0050" 9295
"/Engine/EngineMaterials/Substrate/Glints2/dict_0004_0189" 9296
"/Engine/EngineMaterials/Substrate/Glints2/dict_0005_0046" 9297
"../../../Engine/Content/EngineMaterials/Substrate/Glints2/dict_0005_0045.uasset" 9298
"../../../Engine/Content/EngineMaterials/Substrate/Glints2/dict_0005_0053.uasset" 9299
"../../../Engine/Content/EngineMaterials/Substrate/Glints2/dict_0005_0052.uasset" 9300
"../../../Engine/Content/EngineMaterials/Substrate/Glints2/dict_0005_0055.uasset" 9301
"/Engine/EngineMaterials/Substrate/Glints2/dict_0005_0053" 9302
"/Engine/EngineMaterials/Substrate/Glints2/dict_0005_0055" 9303
"/Engine/EngineMaterials/Substrate/Glints2/dict_0005_0052" 9304
"../../../Engine/Content/EngineMaterials/Substrate/Glints2/dict_0005_0057.uasset" 9305
"../../../Engine/Content/EngineMaterials/Substrate/Glints2/dict_0003_0132.uasset" 9306
"/Engine/EngineMaterials/Substrate/Glints2/dict_0005_0045" 9307
"../../../Engine/Content/EngineMaterials/Substrate/Glints2/dict_0005_0054.uasset" 9308
"/Engine/EngineMaterials/Substrate/Glints2/dict_0005_0057" 9309
"../../../Engine/Content/EngineMaterials/Substrate/Glints2/dict_0005_0059.uasset" 9310
"../../../Engine/Content/EngineMaterials/Substrate/Glints2/dict_0005_0056.uasset" 9311
"/Engine/EngineMaterials/Substrate/Glints2/dict_0003_0132" 9312
"/Engine/EngineMaterials/Substrate/Glints2/dict_0005_0059" 9313
"/Engine/EngineMaterials/Substrate/Glints2/dict_0005_0054" 9314
"/Engine/EngineMaterials/Substrate/Glints2/dict_0005_0056" 9315
"../../../Engine/Content/EngineMaterials/Substrate/Glints2/dict_0005_0063.uasset" 9316
"../../../Engine/Content/EngineMaterials/Substrate/Glints2/dict_0003_0168.uasset" 9317
"../../../Engine/Content/EngineMaterials/Substrate/Glints2/dict_0005_0061.uasset" 9318
"../../../Engine/Content/EngineMaterials/Substrate/Glints2/dict_0003_0170.uasset" 9319
"../../../Engine/Content/EngineMaterials/Substrate/Glints2/dict_0005_0062.uasset" 9320
"../../../Engine/Content/EngineMaterials/Substrate/Glints2/dict_0005_0058.uasset" 9321
"../../../Engine/Content/EngineMaterials/Substrate/Glints2/dict_0005_0060.uasset" 9322
"../../../Engine/Content/EngineMaterials/Substrate/Glints2/dict_0005_0071.uasset" 9323
"../../../Engine/Content/EngineMaterials/Substrate/Glints2/dict_0004_0192.uasset" 9324
"../../../Engine/Content/EngineMaterials/Substrate/Glints2/dict_0005_0075.uasset" 9325
"../../../Engine/Content/EngineMaterials/Substrate/Glints2/dict_0005_0065.uasset" 9326
"../../../Engine/Content/EngineMaterials/Substrate/Glints2/dict_0005_0068.uasset" 9327
"/Engine/EngineMaterials/Substrate/Glints2/dict_0005_0058" 9328
"/Engine/EngineMaterials/Substrate/Glints2/dict_0005_0068" 9329
"/Engine/EngineMaterials/Substrate/Glints2/dict_0005_0075" 9330
"/Engine/EngineMaterials/Substrate/Glints2/dict_0004_0192" 9331
"/Engine/EngineMaterials/Substrate/Glints2/dict_0005_0065" 9332
"/Engine/EngineMaterials/Substrate/Glints2/dict_0005_0071" 9333
"/Engine/EngineMaterials/Substrate/Glints2/dict_0005_0063" 9334
"/Engine/EngineMaterials/Substrate/Glints2/dict_0005_0062" 9335
"../../../Engine/Content/EngineMaterials/Substrate/Glints2/dict_0005_0078.uasset" 9336
"/Engine/EngineMaterials/Substrate/Glints2/dict_0003_0170" 9337
"/Engine/EngineMaterials/Substrate/Glints2/dict_0003_0168" 9338
"/Engine/EngineMaterials/Substrate/Glints2/dict_0005_0061" 9339
"/Engine/EngineMaterials/Substrate/Glints2/dict_0005_0060" 9340
"/Engine/EngineMaterials/Substrate/Glints2/dict_0005_0078" 9341
"../../../Engine/Content/EngineMaterials/Substrate/Glints2/dict_0005_0064.uasset" 9342
"../../../Engine/Content/EngineMaterials/Substrate/Glints2/dict_0005_0073.uasset" 9343
"../../../Engine/Content/EngineMaterials/Substrate/Glints2/dict_0005_0076.uasset" 9344
"../../../Engine/Content/EngineMaterials/Substrate/Glints2/dict_0005_0069.uasset" 9345
"../../../Engine/Content/EngineMaterials/Substrate/Glints2/dict_0005_0066.uasset" 9346
"../../../Engine/Content/EngineMaterials/Substrate/Glints2/dict_0005_0067.uasset" 9347
"../../../Engine/Content/EngineMaterials/Substrate/Glints2/dict_0005_0070.uasset" 9348
"../../../Engine/Content/EngineMaterials/Substrate/Glints2/dict_0005_0077.uasset" 9349
"../../../Engine/Content/EngineMaterials/Substrate/Glints2/dict_0005_0079.uasset" 9350
"../../../Engine/Content/EngineMaterials/Substrate/Glints2/dict_0005_0080.uasset" 9351
"/Engine/EngineMaterials/Substrate/Glints2/dict_0005_0080" 9352
"/Engine/EngineMaterials/Substrate/Glints2/dict_0005_0067" 9353
"../../../Engine/Content/EngineMaterials/Substrate/Glints2/dict_0005_0089.uasset" 9354
"/Engine/EngineMaterials/Substrate/Glints2/dict_0005_0077" 9355
"/Engine/EngineMaterials/Substrate/Glints2/dict_0005_0079" 9356
"/Engine/EngineMaterials/Substrate/Glints2/dict_0005_0073" 9357
"/Engine/EngineMaterials/Substrate/Glints2/dict_0005_0066" 9358
"/Engine/EngineMaterials/Substrate/Glints2/dict_0005_0076" 9359
"/Engine/EngineMaterials/Substrate/Glints2/dict_0005_0064" 9360
"/Engine/EngineMaterials/Substrate/Glints2/dict_0005_0070" 9361
"/Engine/EngineMaterials/Substrate/Glints2/dict_0005_0069" 9362
"../../../Engine/Content/EngineMaterials/Substrate/Glints2/dict_0005_0082.uasset" 9363
"/Engine/EngineMaterials/Substrate/Glints2/dict_0005_0089" 9364
"/Engine/EngineMaterials/Substrate/Glints2/dict_0005_0082" 9365
"../../../Engine/Content/EngineMaterials/Substrate/Glints2/dict_0005_0083.uasset" 9366
"../../../Engine/Content/EngineMaterials/Substrate/Glints2/dict_0005_0084.uasset" 9367
"../../../Engine/Content/EngineMaterials/Substrate/Glints2/dict_0005_0086.uasset" 9368
"../../../Engine/Content/EngineMaterials/Substrate/Glints2/dict_0005_0081.uasset" 9369
"../../../Engine/Content/EngineMaterials/Substrate/Glints2/dict_0005_0088.uasset" 9370
"../../../Engine/Content/EngineMaterials/Substrate/Glints2/dict_0005_0092.uasset" 9371
"../../../Engine/Content/EngineMaterials/Substrate/Glints2/dict_0005_0087.uasset" 9372
"../../../Engine/Content/EngineMaterials/Substrate/Glints2/dict_0005_0090.uasset" 9373
"../../../Engine/Content/EngineMaterials/Substrate/Glints2/dict_0005_0085.uasset" 9374
"/Engine/EngineMaterials/Substrate/Glints2/dict_0005_0092" 9375
"../../../Engine/Content/EngineMaterials/Substrate/Glints2/dict_0005_0093.uasset" 9376
"/Engine/EngineMaterials/Substrate/Glints2/dict_0005_0090" 9377
"/Engine/EngineMaterials/Substrate/Glints2/dict_0005_0088" 9378
"/Engine/EngineMaterials/Substrate/Glints2/dict_0005_0087" 9379
"/Engine/EngineMaterials/Substrate/Glints2/dict_0005_0086" 9380
"/Engine/EngineMaterials/Substrate/Glints2/dict_0005_0085" 9381
"/Engine/EngineMaterials/Substrate/Glints2/dict_0005_0084" 9382
"/Engine/EngineMaterials/Substrate/Glints2/dict_0005_0083" 9383
"/Engine/EngineMaterials/Substrate/Glints2/dict_0005_0081" 9384
"/Engine/EngineMaterials/Substrate/Glints2/dict_0005_0093" 9385
"../../../Engine/Content/EngineMaterials/Substrate/Glints2/dict_0005_0094.uasset" 9386
"../../../Engine/Content/EngineMaterials/Substrate/Glints2/dict_0005_0091.uasset" 9387
"../../../Engine/Content/EngineMaterials/Substrate/Glints2/dict_0005_0099.uasset" 9388
"../../../Engine/Content/EngineMaterials/Substrate/Glints2/dict_0005_0097.uasset" 9389
"../../../Engine/Content/EngineMaterials/Substrate/Glints2/dict_0005_0096.uasset" 9390
"../../../Engine/Content/EngineMaterials/Substrate/Glints2/dict_0005_0098.uasset" 9391
"../../../Engine/Content/EngineMaterials/Substrate/Glints2/dict_0005_0106.uasset" 9392
"../../../Engine/Content/EngineMaterials/Substrate/Glints2/dict_0005_0095.uasset" 9393
"../../../Engine/Content/EngineMaterials/Substrate/Glints2/dict_0005_0102.uasset" 9394
"../../../Engine/Content/EngineMaterials/Substrate/Glints2/dict_0005_0107.uasset" 9395
"../../../Engine/Content/EngineMaterials/Substrate/Glints2/dict_0005_0103.uasset" 9396
"../../../Engine/Content/EngineMaterials/Substrate/Glints2/dict_0005_0104.uasset" 9397
"/Engine/EngineMaterials/Substrate/Glints2/dict_0005_0103" 9398
"/Engine/EngineMaterials/Substrate/Glints2/dict_0005_0091" 9399
"/Engine/EngineMaterials/Substrate/Glints2/dict_0005_0102" 9400
"/Engine/EngineMaterials/Substrate/Glints2/dict_0005_0099" 9401
"/Engine/EngineMaterials/Substrate/Glints2/dict_0005_0098" 9402
"/Engine/EngineMaterials/Substrate/Glints2/dict_0005_0097" 9403
"/Engine/EngineMaterials/Substrate/Glints2/dict_0005_0096" 9404
"../../../Engine/Content/EngineMaterials/Substrate/Glints2/dict_0005_0101.uasset" 9405
"/Engine/EngineMaterials/Substrate/Glints2/dict_0005_0095" 9406
"../../../Engine/Content/EngineMaterials/Substrate/Glints2/dict_0005_0105.uasset" 9407
"/Engine/EngineMaterials/Substrate/Glints2/dict_0005_0107" 9408
"../../../Engine/Content/EngineMaterials/Substrate/Glints2/dict_0005_0100.uasset" 9409
"/Engine/EngineMaterials/Substrate/Glints2/dict_0005_0094" 9410
"/Engine/EngineMaterials/Substrate/Glints2/dict_0005_0104" 9411
"../../../Engine/Content/EngineMaterials/Substrate/Glints2/dict_0005_0108.uasset" 9412
"/Engine/EngineMaterials/Substrate/Glints2/dict_0005_0106" 9413
"../../../Engine/Content/EngineMaterials/Substrate/Glints2/dict_0005_0110.uasset" 9414
"/Engine/EngineMaterials/Substrate/Glints2/dict_0005_0101" 9415
"../../../Engine/Content/EngineMaterials/Substrate/Glints2/dict_0005_0109.uasset" 9416
"/Engine/EngineMaterials/Substrate/Glints2/dict_0005_0100" 9417
"/Engine/EngineMaterials/Substrate/Glints2/dict_0005_0105" 9418
"/Engine/EngineMaterials/Substrate/Glints2/dict_0005_0110" 9419
"/Engine/EngineMaterials/Substrate/Glints2/dict_0005_0108" 9420
"/Engine/EngineMaterials/Substrate/Glints2/dict_0005_0109" 9421
"../../../Engine/Content/EngineMaterials/Substrate/Glints2/dict_0005_0111.uasset" 9422
"../../../Engine/Content/EngineMaterials/Substrate/Glints2/dict_0005_0115.uasset" 9423
"../../../Engine/Content/EngineMaterials/Substrate/Glints2/dict_0005_0112.uasset" 9424
"../../../Engine/Content/EngineMaterials/Substrate/Glints2/dict_0005_0114.uasset" 9425
"/Engine/EngineMaterials/Substrate/Glints2/dict_0005_0114" 9426
"../../../Engine/Content/EngineMaterials/Substrate/Glints2/dict_0005_0117.uasset" 9427
"/Engine/EngineMaterials/Substrate/Glints2/dict_0005_0115" 9428
"/Engine/EngineMaterials/Substrate/Glints2/dict_0005_0112" 9429
"/Engine/EngineMaterials/Substrate/Glints2/dict_0005_0111" 9430
"/Engine/EngineMaterials/Substrate/Glints2/dict_0005_0117" 9431
"../../../Engine/Content/EngineMaterials/Substrate/Glints2/dict_0005_0121.uasset" 9432
"/Engine/EngineMaterials/Substrate/Glints2/dict_0005_0121" 9433
"../../../Engine/Content/EngineMaterials/Substrate/Glints2/dict_0005_0113.uasset" 9434
"../../../Engine/Content/EngineMaterials/Substrate/Glints2/dict_0005_0118.uasset" 9435
"../../../Engine/Content/EngineMaterials/Substrate/Glints2/dict_0005_0116.uasset" 9436
"../../../Engine/Content/EngineMaterials/Substrate/Glints2/dict_0005_0122.uasset" 9437
"../../../Engine/Content/EngineMaterials/Substrate/Glints2/dict_0005_0123.uasset" 9438
"../../../Engine/Content/EngineMaterials/Substrate/Glints2/dict_0005_0120.uasset" 9439
"../../../Engine/Content/EngineMaterials/Substrate/Glints2/dict_0005_0119.uasset" 9440
"../../../Engine/Content/EngineMaterials/Substrate/Glints2/dict_0005_0124.uasset" 9441
"../../../Engine/Content/EngineMaterials/Substrate/Glints2/dict_0005_0135.uasset" 9442
"../../../Engine/Content/EngineMaterials/Substrate/Glints2/dict_0005_0125.uasset" 9443
"/Engine/EngineMaterials/Substrate/Glints2/dict_0005_0125" 9444
"../../../Engine/Content/EngineMaterials/Substrate/Glints2/dict_0005_0127.uasset" 9445
"/Engine/EngineMaterials/Substrate/Glints2/dict_0005_0113" 9446
"/Engine/EngineMaterials/Substrate/Glints2/dict_0005_0124" 9447
"/Engine/EngineMaterials/Substrate/Glints2/dict_0005_0123" 9448
"/Engine/EngineMaterials/Substrate/Glints2/dict_0005_0122" 9449
"/Engine/EngineMaterials/Substrate/Glints2/dict_0005_0135" 9450
"/Engine/EngineMaterials/Substrate/Glints2/dict_0005_0120" 9451
"/Engine/EngineMaterials/Substrate/Glints2/dict_0005_0119" 9452
"/Engine/EngineMaterials/Substrate/Glints2/dict_0005_0118" 9453
"/Engine/EngineMaterials/Substrate/Glints2/dict_0005_0116" 9454
"/Engine/EngineMaterials/Substrate/Glints2/dict_0005_0127" 9455
"../../../Engine/Content/EngineMaterials/Substrate/Glints2/dict_0005_0126.uasset" 9456
"../../../Engine/Content/EngineMaterials/Substrate/Glints2/dict_0005_0128.uasset" 9457
"/Engine/EngineMaterials/Substrate/Glints2/dict_0005_0126" 9458
"/Engine/EngineMaterials/Substrate/Glints2/dict_0005_0128" 9459
"../../../Engine/Content/EngineMaterials/Substrate/Glints2/dict_0005_0131.uasset" 9460
"../../../Engine/Content/EngineMaterials/Substrate/Glints2/dict_0005_0129.uasset" 9461
"../../../Engine/Content/EngineMaterials/Substrate/Glints2/dict_0005_0132.uasset" 9462
"../../../Engine/Content/EngineMaterials/Substrate/Glints2/dict_0005_0133.uasset" 9463
"../../../Engine/Content/EngineMaterials/Substrate/Glints2/dict_0005_0137.uasset" 9464
"../../../Engine/Content/EngineMaterials/Substrate/Glints2/dict_0005_0134.uasset" 9465
"../../../Engine/Content/EngineMaterials/Substrate/Glints2/dict_0005_0136.uasset" 9466
"../../../Engine/Content/EngineMaterials/Substrate/Glints2/dict_0005_0142.uasset" 9467
"../../../Engine/Content/EngineMaterials/Substrate/Glints2/dict_0005_0138.uasset" 9468
"../../../Engine/Content/EngineMaterials/Substrate/Glints2/dict_0005_0140.uasset" 9469
"../../../Engine/Content/EngineMaterials/Substrate/Glints2/dict_0005_0143.uasset" 9470
"../../../Engine/Content/EngineMaterials/Substrate/Glints2/dict_0005_0141.uasset" 9471
"/Engine/EngineMaterials/Substrate/Glints2/dict_0005_0137" 9472
"../../../Engine/Content/EngineMaterials/Substrate/Glints2/dict_0005_0139.uasset" 9473
"/Engine/EngineMaterials/Substrate/Glints2/dict_0005_0132" 9474
"/Engine/EngineMaterials/Substrate/Glints2/dict_0005_0131" 9475
"/Engine/EngineMaterials/Substrate/Glints2/dict_0005_0136" 9476
"/Engine/EngineMaterials/Substrate/Glints2/dict_0005_0134" 9477
"/Engine/EngineMaterials/Substrate/Glints2/dict_0005_0129" 9478
"/Engine/EngineMaterials/Substrate/Glints2/dict_0005_0133" 9479
"/Engine/EngineMaterials/Substrate/Glints2/dict_0005_0143" 9480
"/Engine/EngineMaterials/Substrate/Glints2/dict_0005_0142" 9481
"/Engine/EngineMaterials/Substrate/Glints2/dict_0005_0141" 9482
"/Engine/EngineMaterials/Substrate/Glints2/dict_0005_0138" 9483
"/Engine/EngineMaterials/Substrate/Glints2/dict_0005_0140" 9484
"/Engine/EngineMaterials/Substrate/Glints2/dict_0005_0139" 9485
"../../../Engine/Content/EngineMaterials/Substrate/Glints2/dict_0005_0144.uasset" 9486
"../../../Engine/Content/EngineMaterials/Substrate/Glints2/dict_0005_0146.uasset" 9487
"../../../Engine/Content/EngineMaterials/Substrate/Glints2/dict_0005_0149.uasset" 9488
"../../../Engine/Content/EngineMaterials/Substrate/Glints2/dict_0005_0148.uasset" 9489
"../../../Engine/Content/EngineMaterials/Substrate/Glints2/dict_0005_0145.uasset" 9490
"../../../Engine/Content/EngineMaterials/Substrate/Glints2/dict_0005_0152.uasset" 9491
"../../../Engine/Content/EngineMaterials/Substrate/Glints2/dict_0005_0147.uasset" 9492
"../../../Engine/Content/EngineMaterials/Substrate/Glints2/dict_0005_0153.uasset" 9493
"../../../Engine/Content/EngineMaterials/Substrate/Glints2/dict_0005_0150.uasset" 9494
"../../../Engine/Content/EngineMaterials/Substrate/Glints2/dict_0005_0151.uasset" 9495
"../../../Engine/Content/EngineMaterials/Substrate/Glints2/dict_0005_0156.uasset" 9496
"/Engine/EngineMaterials/Substrate/Glints2/dict_0005_0150" 9497
"/Engine/EngineMaterials/Substrate/Glints2/dict_0005_0152" 9498
"/Engine/EngineMaterials/Substrate/Glints2/dict_0005_0149" 9499
"/Engine/EngineMaterials/Substrate/Glints2/dict_0005_0148" 9500
"/Engine/EngineMaterials/Substrate/Glints2/dict_0005_0147" 9501
"/Engine/EngineMaterials/Substrate/Glints2/dict_0005_0146" 9502
"/Engine/EngineMaterials/Substrate/Glints2/dict_0005_0145" 9503
"../../../Engine/Content/EngineMaterials/Substrate/Glints2/dict_0005_0154.uasset" 9504
"/Engine/EngineMaterials/Substrate/Glints2/dict_0005_0144" 9505
"/Engine/EngineMaterials/Substrate/Glints2/dict_0005_0151" 9506
"/Engine/EngineMaterials/Substrate/Glints2/dict_0005_0156" 9507
"/Engine/EngineMaterials/Substrate/Glints2/dict_0005_0153" 9508
"/Engine/EngineMaterials/Substrate/Glints2/dict_0005_0154" 9509
"../../../Engine/Content/EngineMaterials/Substrate/Glints2/dict_0005_0155.uasset" 9510
"../../../Engine/Content/EngineMaterials/Substrate/Glints2/dict_0005_0166.uasset" 9511
"../../../Engine/Content/EngineMaterials/Substrate/Glints2/dict_0005_0159.uasset" 9512
"../../../Engine/Content/EngineMaterials/Substrate/Glints2/dict_0005_0165.uasset" 9513
"../../../Engine/Content/EngineMaterials/Substrate/Glints2/dict_0005_0158.uasset" 9514
"../../../Engine/Content/EngineMaterials/Substrate/Glints2/dict_0005_0157.uasset" 9515
"../../../Engine/Content/EngineMaterials/Substrate/Glints2/dict_0005_0160.uasset" 9516
"../../../Engine/Content/EngineMaterials/Substrate/Glints2/dict_0005_0163.uasset" 9517
"../../../Engine/Content/EngineMaterials/Substrate/Glints2/dict_0005_0161.uasset" 9518
"/Engine/EngineMaterials/Substrate/Glints2/dict_0005_0163" 9519
"/Engine/EngineMaterials/Substrate/Glints2/dict_0005_0161" 9520
"/Engine/EngineMaterials/Substrate/Glints2/dict_0005_0160" 9521
"/Engine/EngineMaterials/Substrate/Glints2/dict_0005_0165" 9522
"/Engine/EngineMaterials/Substrate/Glints2/dict_0005_0159" 9523
"/Engine/EngineMaterials/Substrate/Glints2/dict_0005_0158" 9524
"../../../Engine/Content/EngineMaterials/Substrate/Glints2/dict_0005_0167.uasset" 9525
"/Engine/EngineMaterials/Substrate/Glints2/dict_0005_0157" 9526
"/Engine/EngineMaterials/Substrate/Glints2/dict_0005_0155" 9527
"/Engine/EngineMaterials/Substrate/Glints2/dict_0005_0166" 9528
"/Engine/EngineMaterials/Substrate/Glints2/dict_0005_0167" 9529
"../../../Engine/Content/EngineMaterials/Substrate/Glints2/dict_0005_0164.uasset" 9530
"../../../Engine/Content/EngineMaterials/Substrate/Glints2/dict_0005_0037.uasset" 9531
"../../../Engine/Content/EngineMaterials/Substrate/Glints2/dict_0005_0176.uasset" 9532
"../../../Engine/Content/EngineMaterials/Substrate/Glints2/dict_0005_0170.uasset" 9533
"../../../Engine/Content/EngineMaterials/Substrate/Glints2/dict_0005_0162.uasset" 9534
"../../../Engine/Content/EngineMaterials/Substrate/Glints2/dict_0005_0169.uasset" 9535
"../../../Engine/Content/EngineMaterials/Substrate/Glints2/dict_0005_0172.uasset" 9536
"../../../Engine/Content/EngineMaterials/Substrate/Glints2/dict_0005_0173.uasset" 9537
"../../../Engine/Content/EngineMaterials/Substrate/Glints2/dict_0005_0180.uasset" 9538
"/Engine/EngineMaterials/Substrate/Glints2/dict_0005_0176" 9539
"/Engine/EngineMaterials/Substrate/Glints2/dict_0005_0164" 9540
"/Engine/EngineMaterials/Substrate/Glints2/dict_0005_0162" 9541
"../../../Engine/Content/EngineMaterials/Substrate/Glints2/dict_0005_0171.uasset" 9542
"/Engine/EngineMaterials/Substrate/Glints2/dict_0005_0173" 9543
"/Engine/EngineMaterials/Substrate/Glints2/dict_0005_0037" 9544
"../../../Engine/Content/EngineMaterials/Substrate/Glints2/dict_0005_0179.uasset" 9545
"/Engine/EngineMaterials/Substrate/Glints2/dict_0005_0172" 9546
"/Engine/EngineMaterials/Substrate/Glints2/dict_0005_0170" 9547
"../../../Engine/Content/EngineMaterials/Substrate/Glints2/dict_0005_0174.uasset" 9548
"/Engine/EngineMaterials/Substrate/Glints2/dict_0005_0169" 9549
"/Engine/EngineMaterials/Substrate/Glints2/dict_0005_0180" 9550
"/Engine/EngineMaterials/Substrate/Glints2/dict_0005_0174" 9551
"/Engine/EngineMaterials/Substrate/Glints2/dict_0005_0171" 9552
"/Engine/EngineMaterials/Substrate/Glints2/dict_0005_0179" 9553
"../../../Engine/Content/EngineMaterials/Substrate/Glints2/dict_0005_0177.uasset" 9554
"../../../Engine/Content/EngineMaterials/Substrate/Glints2/dict_0005_0175.uasset" 9555
"../../../Engine/Content/EngineMaterials/Substrate/Glints2/dict_0005_0181.uasset" 9556
"../../../Engine/Content/EngineMaterials/Substrate/Glints2/dict_0005_0168.uasset" 9557
"../../../Engine/Content/EngineMaterials/Substrate/Glints2/dict_0005_0183.uasset" 9558
"../../../Engine/Content/EngineMaterials/Substrate/Glints2/dict_0005_0184.uasset" 9559
"../../../Engine/Content/EngineMaterials/Substrate/Glints2/dict_0005_0188.uasset" 9560
"../../../Engine/Content/EngineMaterials/Substrate/Glints2/dict_0005_0186.uasset" 9561
"/Engine/EngineMaterials/Substrate/Glints2/dict_0005_0175" 9562
"../../../Engine/Content/EngineMaterials/Substrate/Glints2/dict_0005_0192.uasset" 9563
"../../../Engine/Content/EngineMaterials/Substrate/Glints2/dict_0005_0185.uasset" 9564
"/Engine/EngineMaterials/Substrate/Glints2/dict_0005_0186" 9565
"/Engine/EngineMaterials/Substrate/Glints2/dict_0005_0184" 9566
"/Engine/EngineMaterials/Substrate/Glints2/dict_0005_0183" 9567
"../../../Engine/Content/EngineMaterials/Substrate/Glints2/dict_0005_0187.uasset" 9568
"/Engine/EngineMaterials/Substrate/Glints2/dict_0005_0181" 9569
"/Engine/EngineMaterials/Substrate/Glints2/dict_0005_0168" 9570
"/Engine/EngineMaterials/Substrate/Glints2/dict_0005_0188" 9571
"../../../Engine/Content/EngineMaterials/Substrate/Glints2/dict_0005_0191.uasset" 9572
"/Engine/EngineMaterials/Substrate/Glints2/dict_0005_0177" 9573
"/Engine/EngineMaterials/Substrate/Glints2/dict_0005_0192" 9574
"../../../Engine/Content/EngineMaterials/Substrate/Glints2/dict_0005_0190.uasset" 9575
"/Engine/EngineMaterials/Substrate/Glints2/dict_0005_0185" 9576
"../../../Engine/Content/EngineMaterials/Substrate/Glints2/dict_0005_0189.uasset" 9577
"/Engine/EngineMaterials/Substrate/Glints2/dict_0005_0191" 9578
"/Engine/EngineMaterials/Substrate/Glints2/dict_0005_0187" 9579
"/Engine/EngineMaterials/Substrate/Glints2/dict_0005_0190" 9580
"../../../Engine/Content/EngineMaterials/Substrate/Glints2/dict_0005_0195.uasset" 9581
"/Engine/EngineMaterials/Substrate/Glints2/dict_0005_0189" 9582
"/Engine/EngineMaterials/Substrate/Glints2/dict_0005_0195" 9583
"../../../Engine/Content/EngineMaterials/Substrate/Glints2/dict_0005_0194.uasset" 9584
"../../../Engine/Content/EngineMaterials/Substrate/Glints2/dict_0005_0196.uasset" 9585
"../../../Engine/Content/EngineMaterials/Substrate/Glints2/dict_0005_0199.uasset" 9586
"../../../Engine/Content/EngineMaterials/Substrate/Glints2/dict_0005_0197.uasset" 9587
"../../../Engine/Content/EngineMaterials/Substrate/Glints2/dict_0005_0201.uasset" 9588
"../../../Engine/Content/EngineMaterials/Substrate/Glints2/dict_0005_0182.uasset" 9589
"../../../Engine/Content/EngineMaterials/Substrate/Glints2/dict_0005_0200.uasset" 9590
"../../../Engine/Content/EngineMaterials/Substrate/Glints2/dict_0005_0202.uasset" 9591
"../../../Engine/Content/EngineMaterials/Substrate/Glints2/dict_0005_0203.uasset" 9592
"../../../Engine/Content/EngineMaterials/Substrate/Glints2/dict_0005_0198.uasset" 9593
"../../../Engine/Content/EngineMaterials/Substrate/Glints2/dict_0005_0209.uasset" 9594
"/Engine/EngineMaterials/Substrate/Glints2/dict_0005_0196" 9595
"/Engine/EngineMaterials/Substrate/Glints2/dict_0005_0199" 9596
"/Engine/EngineMaterials/Substrate/Glints2/dict_0005_0194" 9597
"/Engine/EngineMaterials/Substrate/Glints2/dict_0005_0209" 9598
"/Engine/EngineMaterials/Substrate/Glints2/dict_0005_0198" 9599
"/Engine/EngineMaterials/Substrate/Glints2/dict_0005_0182" 9600
"/Engine/EngineMaterials/Substrate/Glints2/dict_0005_0203" 9601
"/Engine/EngineMaterials/Substrate/Glints2/dict_0005_0202" 9602
"/Engine/EngineMaterials/Substrate/Glints2/dict_0005_0201" 9603
"/Engine/EngineMaterials/Substrate/Glints2/dict_0005_0197" 9604
"/Engine/EngineMaterials/Substrate/Glints2/dict_0005_0200" 9605
"../../../Engine/Content/EngineMaterials/Substrate/Glints2/dict_0005_0204.uasset" 9606
"../../../Engine/Content/EngineMaterials/Substrate/Glints2/dict_0005_0205.uasset" 9607
"../../../Engine/Content/EngineMaterials/Substrate/Glints2/dict_0005_0207.uasset" 9608
"../../../Engine/Content/EngineMaterials/Substrate/Glints2/dict_0005_0206.uasset" 9609
"../../../Engine/Content/EngineMaterials/Substrate/Glints2/dict_0005_0212.uasset" 9610
"../../../Engine/Content/EngineMaterials/Substrate/Glints2/dict_0005_0208.uasset" 9611
"../../../Engine/Content/EngineMaterials/Substrate/Glints2/dict_0005_0213.uasset" 9612
"../../../Engine/Content/EngineMaterials/Substrate/Glints2/dict_0005_0214.uasset" 9613
"../../../Engine/Content/EngineMaterials/Substrate/Glints2/dict_0005_0215.uasset" 9614
"../../../Engine/Content/EngineMaterials/Substrate/Glints2/dict_0005_0211.uasset" 9615
"/Engine/EngineMaterials/Substrate/Glints2/dict_0005_0214" 9616
"/Engine/EngineMaterials/Substrate/Glints2/dict_0005_0207" 9617
"/Engine/EngineMaterials/Substrate/Glints2/dict_0005_0206" 9618
"/Engine/EngineMaterials/Substrate/Glints2/dict_0005_0211" 9619
"/Engine/EngineMaterials/Substrate/Glints2/dict_0005_0213" 9620
"/Engine/EngineMaterials/Substrate/Glints2/dict_0005_0212" 9621
"/Engine/EngineMaterials/Substrate/Glints2/dict_0005_0205" 9622
"/Engine/EngineMaterials/Substrate/Glints2/dict_0005_0204" 9623
"/Engine/EngineMaterials/Substrate/Glints2/dict_0005_0208" 9624
"/Engine/EngineMaterials/Substrate/Glints2/dict_0005_0215" 9625
"../../../Engine/Content/EngineMaterials/Substrate/Glints2/dict_0005_0218.uasset" 9626
"../../../Engine/Content/EngineMaterials/Substrate/Glints2/dict_0005_0219.uasset" 9627
"../../../Engine/Content/EngineMaterials/Substrate/Glints2/dict_0005_0216.uasset" 9628
"../../../Engine/Content/EngineMaterials/Substrate/Glints2/dict_0005_0221.uasset" 9629
"../../../Engine/Content/EngineMaterials/Substrate/Glints2/dict_0005_0217.uasset" 9630
"../../../Engine/Content/EngineMaterials/Substrate/Glints2/dict_0005_0220.uasset" 9631
"../../../Engine/Content/EngineMaterials/Substrate/Glints2/dict_0005_0225.uasset" 9632
"../../../Engine/Content/EngineMaterials/Substrate/Glints2/dict_0005_0223.uasset" 9633
"../../../Engine/Content/EngineMaterials/Substrate/Glints2/dict_0005_0222.uasset" 9634
"../../../Engine/Content/EngineMaterials/Substrate/Glints2/dict_0005_0224.uasset" 9635
"../../../Engine/Content/EngineMaterials/Substrate/Glints2/dict_0005_0226.uasset" 9636
"/Engine/EngineMaterials/Substrate/Glints2/dict_0005_0225" 9637
"/Engine/EngineMaterials/Substrate/Glints2/dict_0005_0224" 9638
"/Engine/EngineMaterials/Substrate/Glints2/dict_0005_0223" 9639
"/Engine/EngineMaterials/Substrate/Glints2/dict_0005_0222" 9640
"/Engine/EngineMaterials/Substrate/Glints2/dict_0005_0221" 9641
"/Engine/EngineMaterials/Substrate/Glints2/dict_0005_0220" 9642
"/Engine/EngineMaterials/Substrate/Glints2/dict_0005_0219" 9643
"/Engine/EngineMaterials/Substrate/Glints2/dict_0005_0218" 9644
"/Engine/EngineMaterials/Substrate/Glints2/dict_0005_0217" 9645
"/Engine/EngineMaterials/Substrate/Glints2/dict_0005_0216" 9646
"/Engine/EngineMaterials/Substrate/Glints2/dict_0005_0226" 9647
"../../../Engine/Content/EngineMaterials/Substrate/Glints2/dict_0005_0228.uasset" 9648
"../../../Engine/Content/EngineMaterials/Substrate/Glints2/dict_0005_0227.uasset" 9649
"../../../Engine/Content/EngineMaterials/Substrate/Glints2/dict_0005_0233.uasset" 9650
"../../../Engine/Content/EngineMaterials/Substrate/Glints2/dict_0005_0230.uasset" 9651
"../../../Engine/Content/EngineMaterials/Substrate/Glints2/dict_0005_0229.uasset" 9652
"../../../Engine/Content/EngineMaterials/Substrate/Glints2/dict_0005_0237.uasset" 9653
"../../../Engine/Content/EngineMaterials/Substrate/Glints2/dict_0005_0231.uasset" 9654
"../../../Engine/Content/EngineMaterials/Substrate/Glints2/dict_0005_0232.uasset" 9655
"/Engine/EngineMaterials/Substrate/Glints2/dict_0005_0233" 9656
"../../../Engine/Content/EngineMaterials/Substrate/Glints2/dict_0005_0235.uasset" 9657
"/Engine/EngineMaterials/Substrate/Glints2/dict_0005_0231" 9658
"/Engine/EngineMaterials/Substrate/Glints2/dict_0005_0230" 9659
"/Engine/EngineMaterials/Substrate/Glints2/dict_0005_0229" 9660
"/Engine/EngineMaterials/Substrate/Glints2/dict_0005_0228" 9661
"../../../Engine/Content/EngineMaterials/Substrate/Glints2/dict_0005_0234.uasset" 9662
"/Engine/EngineMaterials/Substrate/Glints2/dict_0005_0227" 9663
"/Engine/EngineMaterials/Substrate/Glints2/dict_0005_0237" 9664
"/Engine/EngineMaterials/Substrate/Glints2/dict_0005_0235" 9665
"/Engine/EngineMaterials/Substrate/Glints2/dict_0005_0234" 9666
"/Engine/EngineMaterials/Substrate/Glints2/dict_0005_0232" 9667
"../../../Engine/Content/EngineMaterials/Substrate/Glints2/dict_0005_0238.uasset" 9668
"../../../Engine/Content/EngineMaterials/Substrate/Glints2/dict_0005_0236.uasset" 9669
"../../../Engine/Content/EngineMaterials/Substrate/Glints2/dict_0005_0240.uasset" 9670
"/Engine/EngineMaterials/Substrate/Glints2/dict_0005_0240" 9671
"../../../Engine/Content/EngineMaterials/Substrate/Glints2/dict_0005_0245.uasset" 9672
"/Engine/EngineMaterials/Substrate/Glints2/dict_0005_0238" 9673
"/Engine/EngineMaterials/Substrate/Glints2/dict_0005_0236" 9674
"../../../Engine/Content/EngineMaterials/Substrate/Glints2/dict_0005_0239.uasset" 9675
"/Engine/EngineMaterials/Substrate/Glints2/dict_0005_0245" 9676
"../../../Engine/Content/EngineMaterials/Substrate/Glints2/dict_0005_0244.uasset" 9677
"/Engine/EngineMaterials/Substrate/Glints2/dict_0005_0239" 9678
"../../../Engine/Content/EngineMaterials/Substrate/Glints2/dict_0005_0243.uasset" 9679
"/Engine/EngineMaterials/Substrate/Glints2/dict_0005_0244" 9680
"../../../Engine/Content/EngineMaterials/Substrate/Glints2/dict_0005_0247.uasset" 9681
"/Engine/EngineMaterials/Substrate/Glints2/dict_0005_0243" 9682
"/Engine/EngineMaterials/Substrate/Glints2/dict_0005_0247" 9683
"../../../Engine/Content/EngineMaterials/Substrate/Glints2/dict_0005_0242.uasset" 9684
"../../../Engine/Content/EngineMaterials/Substrate/Glints2/dict_0005_0241.uasset" 9685
"/Engine/EngineMaterials/Substrate/Glints2/dict_0005_0242" 9686
"/Engine/EngineMaterials/Substrate/Glints2/dict_0005_0241" 9687
"../../../Engine/Content/EngineMaterials/Substrate/Glints2/dict_0005_0246.uasset" 9688
"../../../Engine/Content/EngineMaterials/Substrate/Glints2/dict_0005_0252.uasset" 9689
"../../../Engine/Content/EngineMaterials/Substrate/Glints2/dict_0005_0251.uasset" 9690
"../../../Engine/Content/EngineMaterials/Substrate/Glints2/dict_0005_0248.uasset" 9691
"../../../Engine/Content/EngineMaterials/Substrate/Glints2/dict_0006_0000.uasset" 9692
"../../../Engine/Content/EngineMaterials/Substrate/Glints2/dict_0005_0249.uasset" 9693
"/Engine/EngineMaterials/Substrate/Glints2/dict_0005_0246" 9694
"../../../Engine/Content/EngineMaterials/Substrate/Glints2/dict_0005_0255.uasset" 9695
"../../../Engine/Content/EngineMaterials/Substrate/Glints2/dict_0005_0254.uasset" 9696
"../../../Engine/Content/EngineMaterials/Substrate/Glints2/dict_0005_0253.uasset" 9697
"/Engine/EngineMaterials/Substrate/Glints2/dict_0006_0000" 9698
"/Engine/EngineMaterials/Substrate/Glints2/dict_0005_0252" 9699
"/Engine/EngineMaterials/Substrate/Glints2/dict_0005_0251" 9700
"/Engine/EngineMaterials/Substrate/Glints2/dict_0005_0249" 9701
"/Engine/EngineMaterials/Substrate/Glints2/dict_0005_0248" 9702
"/Engine/EngineMaterials/Substrate/Glints2/dict_0005_0255" 9703
"/Engine/EngineMaterials/Substrate/Glints2/dict_0005_0253" 9704
"/Engine/EngineMaterials/Substrate/Glints2/dict_0005_0254" 9705
"../../../Engine/Content/EngineMaterials/Substrate/Glints2/dict_0005_0250.uasset" 9706
"/Engine/EngineMaterials/Substrate/Glints2/dict_0005_0250" 9707
"../../../Engine/Content/EngineMaterials/Substrate/Glints2/dict_0006_0001.uasset" 9708
"../../../Engine/Content/EngineMaterials/Substrate/Glints2/dict_0006_0002.uasset" 9709
"../../../Engine/Content/EngineMaterials/Substrate/Glints2/dict_0006_0003.uasset" 9710
"../../../Engine/Content/EngineMaterials/Substrate/Glints2/dict_0006_0006.uasset" 9711
"../../../Engine/Content/EngineMaterials/Substrate/Glints2/dict_0006_0004.uasset" 9712
"../../../Engine/Content/EngineMaterials/Substrate/Glints2/dict_0006_0008.uasset" 9713
"../../../Engine/Content/EngineMaterials/Substrate/Glints2/dict_0006_0005.uasset" 9714
"/Engine/EngineMaterials/Substrate/Glints2/dict_0006_0006" 9715
"/Engine/EngineMaterials/Substrate/Glints2/dict_0006_0008" 9716
"/Engine/EngineMaterials/Substrate/Glints2/dict_0006_0003" 9717
"../../../Engine/Content/EngineMaterials/Substrate/Glints2/dict_0006_0009.uasset" 9718
"../../../Engine/Content/EngineMaterials/Substrate/Glints2/dict_0006_0010.uasset" 9719
"../../../Engine/Content/EngineMaterials/Substrate/Glints2/dict_0006_0007.uasset" 9720
"/Engine/EngineMaterials/Substrate/Glints2/dict_0006_0004" 9721
"/Engine/EngineMaterials/Substrate/Glints2/dict_0006_0002" 9722
"/Engine/EngineMaterials/Substrate/Glints2/dict_0006_0001" 9723
"/Engine/EngineMaterials/Substrate/Glints2/dict_0006_0005" 9724
"/Engine/EngineMaterials/Substrate/Glints2/dict_0006_0010" 9725
"/Engine/EngineMaterials/Substrate/Glints2/dict_0006_0009" 9726
"/Engine/EngineMaterials/Substrate/Glints2/dict_0006_0007" 9727
"../../../Engine/Content/EngineMaterials/Substrate/Glints2/dict_0006_0014.uasset" 9728
"../../../Engine/Content/EngineMaterials/Substrate/Glints2/dict_0006_0011.uasset" 9729
"../../../Engine/Content/EngineMaterials/Substrate/Glints2/dict_0006_0012.uasset" 9730
"../../../Engine/Content/EngineMaterials/Substrate/Glints2/dict_0006_0013.uasset" 9731
"../../../Engine/Content/EngineMaterials/Substrate/Glints2/dict_0006_0017.uasset" 9732
"../../../Engine/Content/EngineMaterials/Substrate/Glints2/dict_0006_0016.uasset" 9733
"../../../Engine/Content/EngineMaterials/Substrate/Glints2/dict_0006_0018.uasset" 9734
"../../../Engine/Content/EngineMaterials/Substrate/Glints2/dict_0006_0019.uasset" 9735
"/Engine/EngineMaterials/Substrate/Glints2/dict_0006_0016" 9736
"../../../Engine/Content/EngineMaterials/Substrate/Glints2/dict_0006_0022.uasset" 9737
"../../../Engine/Content/EngineMaterials/Substrate/Glints2/dict_0006_0021.uasset" 9738
"/Engine/EngineMaterials/Substrate/Glints2/dict_0006_0019" 9739
"/Engine/EngineMaterials/Substrate/Glints2/dict_0006_0018" 9740
"/Engine/EngineMaterials/Substrate/Glints2/dict_0006_0017" 9741
"../../../Engine/Content/EngineMaterials/Substrate/Glints2/dict_0006_0015.uasset" 9742
"/Engine/EngineMaterials/Substrate/Glints2/dict_0006_0014" 9743
"/Engine/EngineMaterials/Substrate/Glints2/dict_0006_0013" 9744
"/Engine/EngineMaterials/Substrate/Glints2/dict_0006_0012" 9745
"/Engine/EngineMaterials/Substrate/Glints2/dict_0006_0011" 9746
"/Engine/EngineMaterials/Substrate/Glints2/dict_0006_0015" 9747
"/Engine/EngineMaterials/Substrate/Glints2/dict_0006_0022" 9748
"/Engine/EngineMaterials/Substrate/Glints2/dict_0006_0021" 9749
"../../../Engine/Content/EngineMaterials/Substrate/Glints2/dict_0006_0024.uasset" 9750
"../../../Engine/Content/EngineMaterials/Substrate/Glints2/dict_0006_0027.uasset" 9751
"../../../Engine/Content/EngineMaterials/Substrate/Glints2/dict_0006_0020.uasset" 9752
"../../../Engine/Content/EngineMaterials/Substrate/Glints2/dict_0006_0026.uasset" 9753
"../../../Engine/Content/EngineMaterials/Substrate/Glints2/dict_0006_0023.uasset" 9754
"../../../Engine/Content/EngineMaterials/Substrate/Glints2/dict_0006_0025.uasset" 9755
"/Engine/EngineMaterials/Substrate/Glints2/dict_0006_0026" 9756
"../../../Engine/Content/EngineMaterials/Substrate/Glints2/dict_0006_0030.uasset" 9757
"../../../Engine/Content/EngineMaterials/Substrate/Glints2/dict_0006_0028.uasset" 9758
"../../../Engine/Content/EngineMaterials/Substrate/Glints2/dict_0006_0031.uasset" 9759
"/Engine/EngineMaterials/Substrate/Glints2/dict_0006_0025" 9760
"/Engine/EngineMaterials/Substrate/Glints2/dict_0006_0020" 9761
"/Engine/EngineMaterials/Substrate/Glints2/dict_0006_0024" 9762
"/Engine/EngineMaterials/Substrate/Glints2/dict_0006_0023" 9763
"/Engine/EngineMaterials/Substrate/Glints2/dict_0006_0027" 9764
"/Engine/EngineMaterials/Substrate/Glints2/dict_0006_0030" 9765
"../../../Engine/Content/EngineMaterials/Substrate/Glints2/dict_0006_0029.uasset" 9766
"/Engine/EngineMaterials/Substrate/Glints2/dict_0006_0028" 9767
"/Engine/EngineMaterials/Substrate/Glints2/dict_0006_0031" 9768
"/Engine/EngineMaterials/Substrate/Glints2/dict_0006_0029" 9769
"../../../Engine/Content/EngineMaterials/Substrate/Glints2/dict_0006_0032.uasset" 9770
"../../../Engine/Content/EngineMaterials/Substrate/Glints2/dict_0006_0041.uasset" 9771
"../../../Engine/Content/EngineMaterials/Substrate/Glints2/dict_0006_0033.uasset" 9772
"../../../Engine/Content/EngineMaterials/Substrate/Glints2/dict_0006_0036.uasset" 9773
"../../../Engine/Content/EngineMaterials/Substrate/Glints2/dict_0006_0039.uasset" 9774
"../../../Engine/Content/EngineMaterials/Substrate/Glints2/dict_0004_0090.uasset" 9775
"../../../Engine/Content/EngineMaterials/Substrate/Glints2/dict_0006_0040.uasset" 9776
"../../../Engine/Content/EngineMaterials/Substrate/Glints2/dict_0006_0042.uasset" 9777
"../../../Engine/Content/EngineMaterials/Substrate/Glints2/dict_0006_0035.uasset" 9778
"/Engine/EngineMaterials/Substrate/Glints2/dict_0006_0041" 9779
"/Engine/EngineMaterials/Substrate/Glints2/dict_0006_0036" 9780
"/Engine/EngineMaterials/Substrate/Glints2/dict_0006_0035" 9781
"/Engine/EngineMaterials/Substrate/Glints2/dict_0006_0033" 9782
"/Engine/EngineMaterials/Substrate/Glints2/dict_0006_0032" 9783
"../../../Engine/Content/EngineMaterials/Substrate/Glints2/dict_0006_0037.uasset" 9784
"/Engine/EngineMaterials/Substrate/Glints2/dict_0006_0040" 9785
"/Engine/EngineMaterials/Substrate/Glints2/dict_0006_0042" 9786
"/Engine/EngineMaterials/Substrate/Glints2/dict_0004_0090" 9787
"../../../Engine/Content/EngineMaterials/Substrate/Glints2/dict_0006_0038.uasset" 9788
"/Engine/EngineMaterials/Substrate/Glints2/dict_0006_0039" 9789
"/Engine/EngineMaterials/Substrate/Glints2/dict_0006_0038" 9790
"/Engine/EngineMaterials/Substrate/Glints2/dict_0006_0037" 9791
"../../../Engine/Content/EngineMaterials/Substrate/Glints2/dict_0006_0044.uasset" 9792
"../../../Engine/Content/EngineMaterials/Substrate/Glints2/dict_0006_0046.uasset" 9793
"../../../Engine/Content/EngineMaterials/Substrate/Glints2/dict_0006_0043.uasset" 9794
"../../../Engine/Content/EngineMaterials/Substrate/Glints2/dict_0006_0045.uasset" 9795
"../../../Engine/Content/EngineMaterials/Substrate/Glints2/dict_0006_0049.uasset" 9796
"../../../Engine/Content/EngineMaterials/Substrate/Glints2/dict_0006_0050.uasset" 9797
"../../../Engine/Content/EngineMaterials/Substrate/Glints2/dict_0006_0047.uasset" 9798
"../../../Engine/Content/EngineMaterials/Substrate/Glints2/dict_0006_0053.uasset" 9799
"/Engine/EngineMaterials/Substrate/Glints2/dict_0006_0050" 9800
"/Engine/EngineMaterials/Substrate/Glints2/dict_0006_0047" 9801
"../../../Engine/Content/EngineMaterials/Substrate/Glints2/dict_0006_0052.uasset" 9802
"/Engine/EngineMaterials/Substrate/Glints2/dict_0006_0046" 9803
"/Engine/EngineMaterials/Substrate/Glints2/dict_0006_0045" 9804
"/Engine/EngineMaterials/Substrate/Glints2/dict_0006_0049" 9805
"/Engine/EngineMaterials/Substrate/Glints2/dict_0006_0044" 9806
"/Engine/EngineMaterials/Substrate/Glints2/dict_0006_0043" 9807
"/Engine/EngineMaterials/Substrate/Glints2/dict_0006_0053" 9808
"/Engine/EngineMaterials/Substrate/Glints2/dict_0006_0052" 9809
"../../../Engine/Content/EngineMaterials/Substrate/Glints2/dict_0006_0051.uasset" 9810
"../../../Engine/Content/EngineMaterials/Substrate/Glints2/dict_0006_0048.uasset" 9811
"../../../Engine/Content/EngineMaterials/Substrate/Glints2/dict_0006_0056.uasset" 9812
"../../../Engine/Content/EngineMaterials/Substrate/Glints2/dict_0006_0055.uasset" 9813
"../../../Engine/Content/EngineMaterials/Substrate/Glints2/dict_0006_0058.uasset" 9814
"../../../Engine/Content/EngineMaterials/Substrate/Glints2/dict_0006_0061.uasset" 9815
"../../../Engine/Content/EngineMaterials/Substrate/Glints2/dict_0006_0059.uasset" 9816
"../../../Engine/Content/EngineMaterials/Substrate/Glints2/dict_0006_0054.uasset" 9817
"../../../Engine/Content/EngineMaterials/Substrate/Glints2/dict_0006_0057.uasset" 9818
"../../../Engine/Content/EngineMaterials/Substrate/Glints2/dict_0004_0174.uasset" 9819
"/Engine/EngineMaterials/Substrate/Glints2/dict_0006_0061" 9820
"../../../Engine/Content/EngineMaterials/Substrate/Glints2/dict_0006_0060.uasset" 9821
"../../../Engine/Content/EngineMaterials/Substrate/Glints2/dict_0006_0067.uasset" 9822
"/Engine/EngineMaterials/Substrate/Glints2/dict_0006_0059" 9823
"/Engine/EngineMaterials/Substrate/Glints2/dict_0006_0058" 9824
"/Engine/EngineMaterials/Substrate/Glints2/dict_0004_0174" 9825
"/Engine/EngineMaterials/Substrate/Glints2/dict_0006_0051" 9826
"/Engine/EngineMaterials/Substrate/Glints2/dict_0006_0057" 9827
"../../../Engine/Content/EngineMaterials/Substrate/Glints2/dict_0005_0178.uasset" 9828
"/Engine/EngineMaterials/Substrate/Glints2/dict_0006_0056" 9829
"/Engine/EngineMaterials/Substrate/Glints2/dict_0006_0055" 9830
"/Engine/EngineMaterials/Substrate/Glints2/dict_0006_0048" 9831
"/Engine/EngineMaterials/Substrate/Glints2/dict_0006_0054" 9832
"/Engine/EngineMaterials/Substrate/Glints2/dict_0006_0060" 9833
"/Engine/EngineMaterials/Substrate/Glints2/dict_0006_0067" 9834
"/Engine/EngineMaterials/Substrate/Glints2/dict_0005_0178" 9835
"../../../Engine/Content/EngineMaterials/Substrate/Glints2/dict_0006_0070.uasset" 9836
"../../../Engine/Content/EngineMaterials/Substrate/Glints2/dict_0006_0064.uasset" 9837
"../../../Engine/Content/EngineMaterials/Substrate/Glints2/dict_0006_0066.uasset" 9838
"../../../Engine/Content/EngineMaterials/Substrate/Glints2/dict_0006_0063.uasset" 9839
"../../../Engine/Content/EngineMaterials/Substrate/Glints2/dict_0006_0062.uasset" 9840
"../../../Engine/Content/EngineMaterials/Substrate/Glints2/dict_0006_0069.uasset" 9841
"../../../Engine/Content/EngineMaterials/Substrate/Glints2/dict_0006_0068.uasset" 9842
"../../../Engine/Content/EngineMaterials/Substrate/Glints2/dict_0006_0079.uasset" 9843
"../../../Engine/Content/EngineMaterials/Substrate/Glints2/dict_0006_0071.uasset" 9844
"../../../Engine/Content/EngineMaterials/Substrate/Glints2/dict_0006_0065.uasset" 9845
"../../../Engine/Content/EngineMaterials/Substrate/Glints2/dict_0006_0077.uasset" 9846
"../../../Engine/Content/EngineMaterials/Substrate/Glints2/dict_0006_0074.uasset" 9847
"/Engine/EngineMaterials/Substrate/Glints2/dict_0006_0062" 9848
"/Engine/EngineMaterials/Substrate/Glints2/dict_0006_0070" 9849
"/Engine/EngineMaterials/Substrate/Glints2/dict_0006_0069" 9850
"/Engine/EngineMaterials/Substrate/Glints2/dict_0006_0079" 9851
"/Engine/EngineMaterials/Substrate/Glints2/dict_0006_0068" 9852
"/Engine/EngineMaterials/Substrate/Glints2/dict_0006_0077" 9853
"../../../Engine/Content/EngineMaterials/Substrate/Glints2/dict_0006_0076.uasset" 9854
"/Engine/EngineMaterials/Substrate/Glints2/dict_0006_0066" 9855
"/Engine/EngineMaterials/Substrate/Glints2/dict_0006_0065" 9856
"/Engine/EngineMaterials/Substrate/Glints2/dict_0006_0064" 9857
"/Engine/EngineMaterials/Substrate/Glints2/dict_0006_0074" 9858
"/Engine/EngineMaterials/Substrate/Glints2/dict_0006_0063" 9859
"/Engine/EngineMaterials/Substrate/Glints2/dict_0006_0071" 9860
"/Engine/EngineMaterials/Substrate/Glints2/dict_0006_0076" 9861
"../../../Engine/Content/EngineMaterials/Substrate/Glints2/dict_0006_0072.uasset" 9862
"../../../Engine/Content/EngineMaterials/Substrate/Glints2/dict_0006_0075.uasset" 9863
"../../../Engine/Content/EngineMaterials/Substrate/Glints2/dict_0006_0078.uasset" 9864
"../../../Engine/Content/EngineMaterials/Substrate/Glints2/dict_0006_0073.uasset" 9865
"../../../Engine/Content/EngineMaterials/Substrate/Glints2/dict_0006_0083.uasset" 9866
"../../../Engine/Content/EngineMaterials/Substrate/Glints2/dict_0006_0082.uasset" 9867
"../../../Engine/Content/EngineMaterials/Substrate/Glints2/dict_0006_0080.uasset" 9868
"../../../Engine/Content/EngineMaterials/Substrate/Glints2/dict_0006_0081.uasset" 9869
"../../../Engine/Content/EngineMaterials/Substrate/Glints2/dict_0006_0084.uasset" 9870
"../../../Engine/Content/EngineMaterials/Substrate/Glints2/dict_0006_0086.uasset" 9871
"/Engine/EngineMaterials/Substrate/Glints2/dict_0006_0084" 9872
"../../../Engine/Content/EngineMaterials/Substrate/Glints2/dict_0006_0089.uasset" 9873
"/Engine/EngineMaterials/Substrate/Glints2/dict_0006_0081" 9874
"../../../Engine/Content/EngineMaterials/Substrate/Glints2/dict_0006_0087.uasset" 9875
"/Engine/EngineMaterials/Substrate/Glints2/dict_0006_0080" 9876
"/Engine/EngineMaterials/Substrate/Glints2/dict_0006_0078" 9877
"/Engine/EngineMaterials/Substrate/Glints2/dict_0006_0083" 9878
"/Engine/EngineMaterials/Substrate/Glints2/dict_0006_0075" 9879
"/Engine/EngineMaterials/Substrate/Glints2/dict_0006_0073" 9880
"/Engine/EngineMaterials/Substrate/Glints2/dict_0006_0072" 9881
"/Engine/EngineMaterials/Substrate/Glints2/dict_0006_0082" 9882
"/Engine/EngineMaterials/Substrate/Glints2/dict_0006_0089" 9883
"/Engine/EngineMaterials/Substrate/Glints2/dict_0006_0087" 9884
"/Engine/EngineMaterials/Substrate/Glints2/dict_0006_0086" 9885
"../../../Engine/Content/EngineMaterials/Substrate/Glints2/dict_0006_0085.uasset" 9886
"../../../Engine/Content/EngineMaterials/Substrate/Glints2/dict_0006_0088.uasset" 9887
"../../../Engine/Content/EngineMaterials/Substrate/Glints2/dict_0006_0096.uasset" 9888
"../../../Engine/Content/EngineMaterials/Substrate/Glints2/dict_0006_0091.uasset" 9889
"../../../Engine/Content/EngineMaterials/Substrate/Glints2/dict_0006_0101.uasset" 9890
"../../../Engine/Content/EngineMaterials/Substrate/Glints2/dict_0006_0090.uasset" 9891
"../../../Engine/Content/EngineMaterials/Substrate/Glints2/dict_0006_0094.uasset" 9892
"../../../Engine/Content/EngineMaterials/Substrate/Glints2/dict_0006_0099.uasset" 9893
"../../../Engine/Content/EngineMaterials/Substrate/Glints2/dict_0006_0098.uasset" 9894
"../../../Engine/Content/EngineMaterials/Substrate/Glints2/dict_0006_0095.uasset" 9895
"../../../Engine/Content/EngineMaterials/Substrate/Glints2/dict_0006_0093.uasset" 9896
"../../../Engine/Content/EngineMaterials/Substrate/Glints2/dict_0006_0092.uasset" 9897
"/Engine/EngineMaterials/Substrate/Glints2/dict_0006_0096" 9898
"/Engine/EngineMaterials/Substrate/Glints2/dict_0006_0095" 9899
"/Engine/EngineMaterials/Substrate/Glints2/dict_0006_0094" 9900
"/Engine/EngineMaterials/Substrate/Glints2/dict_0006_0093" 9901
"/Engine/EngineMaterials/Substrate/Glints2/dict_0006_0092" 9902
"/Engine/EngineMaterials/Substrate/Glints2/dict_0006_0091" 9903
"/Engine/EngineMaterials/Substrate/Glints2/dict_0006_0101" 9904
"/Engine/EngineMaterials/Substrate/Glints2/dict_0006_0090" 9905
"/Engine/EngineMaterials/Substrate/Glints2/dict_0006_0088" 9906
"/Engine/EngineMaterials/Substrate/Glints2/dict_0006_0099" 9907
"/Engine/EngineMaterials/Substrate/Glints2/dict_0006_0085" 9908
"/Engine/EngineMaterials/Substrate/Glints2/dict_0006_0098" 9909
"../../../Engine/Content/EngineMaterials/Substrate/Glints2/dict_0006_0100.uasset" 9910
"../../../Engine/Content/EngineMaterials/Substrate/Glints2/dict_0006_0105.uasset" 9911
"../../../Engine/Content/EngineMaterials/Substrate/Glints2/dict_0006_0097.uasset" 9912
"../../../Engine/Content/EngineMaterials/Substrate/Glints2/dict_0006_0104.uasset" 9913
"../../../Engine/Content/EngineMaterials/Substrate/Glints2/dict_0004_0173.uasset" 9914
"../../../Engine/Content/EngineMaterials/Substrate/Glints2/dict_0006_0109.uasset" 9915
"../../../Engine/Content/EngineMaterials/Substrate/Glints2/dict_0006_0108.uasset" 9916
"../../../Engine/Content/EngineMaterials/Substrate/Glints2/dict_0006_0107.uasset" 9917
"../../../Engine/Content/EngineMaterials/Substrate/Glints2/dict_0006_0102.uasset" 9918
"../../../Engine/Content/EngineMaterials/Substrate/Glints2/dict_0006_0106.uasset" 9919
"../../../Engine/Content/EngineMaterials/Substrate/Glints2/dict_0006_0111.uasset" 9920
"../../../Engine/Content/EngineMaterials/Substrate/Glints2/dict_0006_0113.uasset" 9921
"../../../Engine/Content/EngineMaterials/Substrate/Glints2/dict_0006_0103.uasset" 9922
"/Engine/EngineMaterials/Substrate/Glints2/dict_0006_0106" 9923
"/Engine/EngineMaterials/Substrate/Glints2/dict_0006_0105" 9924
"/Engine/EngineMaterials/Substrate/Glints2/dict_0006_0104" 9925
"/Engine/EngineMaterials/Substrate/Glints2/dict_0006_0103" 9926
"/Engine/EngineMaterials/Substrate/Glints2/dict_0004_0173" 9927
"/Engine/EngineMaterials/Substrate/Glints2/dict_0006_0097" 9928
"/Engine/EngineMaterials/Substrate/Glints2/dict_0006_0102" 9929
"/Engine/EngineMaterials/Substrate/Glints2/dict_0006_0109" 9930
"/Engine/EngineMaterials/Substrate/Glints2/dict_0006_0113" 9931
"../../../Engine/Content/EngineMaterials/Substrate/Glints2/dict_0006_0120.uasset" 9932
"/Engine/EngineMaterials/Substrate/Glints2/dict_0006_0108" 9933
"/Engine/EngineMaterials/Substrate/Glints2/dict_0006_0100" 9934
"/Engine/EngineMaterials/Substrate/Glints2/dict_0006_0107" 9935
"/Engine/EngineMaterials/Substrate/Glints2/dict_0006_0111" 9936
"../../../Engine/Content/EngineMaterials/Substrate/Glints2/dict_0006_0121.uasset" 9937
"/Engine/EngineMaterials/Substrate/Glints2/dict_0006_0120" 9938
"/Engine/EngineMaterials/Substrate/Glints2/dict_0006_0121" 9939
"../../../Engine/Content/EngineMaterials/Substrate/Glints2/dict_0006_0112.uasset" 9940
"../../../Engine/Content/EngineMaterials/Substrate/Glints2/dict_0006_0116.uasset" 9941
"../../../Engine/Content/EngineMaterials/Substrate/Glints2/dict_0006_0117.uasset" 9942
"../../../Engine/Content/EngineMaterials/Substrate/Glints2/dict_0006_0110.uasset" 9943
"../../../Engine/Content/EngineMaterials/Substrate/Glints2/dict_0006_0118.uasset" 9944
"../../../Engine/Content/EngineMaterials/Substrate/Glints2/dict_0006_0119.uasset" 9945
"/Engine/EngineMaterials/Substrate/Glints2/dict_0006_0119" 9946
"/Engine/EngineMaterials/Substrate/Glints2/dict_0006_0118" 9947
"/Engine/EngineMaterials/Substrate/Glints2/dict_0006_0117" 9948
"/Engine/EngineMaterials/Substrate/Glints2/dict_0006_0116" 9949
"/Engine/EngineMaterials/Substrate/Glints2/dict_0006_0112" 9950
"/Engine/EngineMaterials/Substrate/Glints2/dict_0006_0110" 9951
"../../../Engine/Content/EngineMaterials/Substrate/Glints2/dict_0006_0115.uasset" 9952
"../../../Engine/Content/EngineMaterials/Substrate/Glints2/dict_0006_0122.uasset" 9953
"../../../Engine/Content/EngineMaterials/Substrate/Glints2/dict_0006_0127.uasset" 9954
"../../../Engine/Content/EngineMaterials/Substrate/Glints2/dict_0006_0123.uasset" 9955
"../../../Engine/Content/EngineMaterials/Substrate/Glints2/dict_0006_0125.uasset" 9956
"../../../Engine/Content/EngineMaterials/Substrate/Glints2/dict_0006_0131.uasset" 9957
"../../../Engine/Content/EngineMaterials/Substrate/Glints2/dict_0006_0132.uasset" 9958
"../../../Engine/Content/EngineMaterials/Substrate/Glints2/dict_0006_0124.uasset" 9959
"../../../Engine/Content/EngineMaterials/Substrate/Glints2/dict_0006_0129.uasset" 9960
"../../../Engine/Content/EngineMaterials/Substrate/Glints2/dict_0006_0126.uasset" 9961
"../../../Engine/Content/EngineMaterials/Substrate/Glints2/dict_0006_0128.uasset" 9962
"/Engine/EngineMaterials/Substrate/Glints2/dict_0006_0132" 9963
"/Engine/EngineMaterials/Substrate/Glints2/dict_0006_0131" 9964
"../../../Engine/Content/EngineMaterials/Substrate/Glints2/dict_0006_0135.uasset" 9965
"/Engine/EngineMaterials/Substrate/Glints2/dict_0006_0129" 9966
"/Engine/EngineMaterials/Substrate/Glints2/dict_0006_0128" 9967
"../../../Engine/Content/EngineMaterials/Substrate/Glints2/dict_0006_0134.uasset" 9968
"/Engine/EngineMaterials/Substrate/Glints2/dict_0006_0115" 9969
"/Engine/EngineMaterials/Substrate/Glints2/dict_0006_0127" 9970
"/Engine/EngineMaterials/Substrate/Glints2/dict_0006_0126" 9971
"/Engine/EngineMaterials/Substrate/Glints2/dict_0006_0125" 9972
"/Engine/EngineMaterials/Substrate/Glints2/dict_0006_0124" 9973
"/Engine/EngineMaterials/Substrate/Glints2/dict_0006_0123" 9974
"/Engine/EngineMaterials/Substrate/Glints2/dict_0006_0122" 9975
"../../../Engine/Content/EngineMaterials/Substrate/Glints2/dict_0006_0136.uasset" 9976
"/Engine/EngineMaterials/Substrate/Glints2/dict_0006_0136" 9977
"/Engine/EngineMaterials/Substrate/Glints2/dict_0006_0134" 9978
"/Engine/EngineMaterials/Substrate/Glints2/dict_0006_0135" 9979
"../../../Engine/Content/EngineMaterials/Substrate/Glints2/dict_0006_0133.uasset" 9980
"../../../Engine/Content/EngineMaterials/Substrate/Glints2/dict_0006_0140.uasset" 9981
"../../../Engine/Content/EngineMaterials/Substrate/Glints2/dict_0006_0137.uasset" 9982
"../../../Engine/Content/EngineMaterials/Substrate/Glints2/dict_0006_0138.uasset" 9983
"../../../Engine/Content/EngineMaterials/Substrate/Glints2/dict_0006_0149.uasset" 9984
"../../../Engine/Content/EngineMaterials/Substrate/Glints2/dict_0006_0148.uasset" 9985
"../../../Engine/Content/EngineMaterials/Substrate/Glints2/dict_0006_0139.uasset" 9986
"../../../Engine/Content/EngineMaterials/Substrate/Glints2/dict_0006_0145.uasset" 9987
"../../../Engine/Content/EngineMaterials/Substrate/Glints2/dict_0006_0142.uasset" 9988
"../../../Engine/Content/EngineMaterials/Substrate/Glints2/dict_0006_0143.uasset" 9989
"../../../Engine/Content/EngineMaterials/Substrate/Glints2/dict_0006_0144.uasset" 9990
"/Engine/EngineMaterials/Substrate/Glints2/dict_0006_0133" 9991
"/Engine/EngineMaterials/Substrate/Glints2/dict_0006_0142" 9992
"../../../Engine/Content/EngineMaterials/Substrate/Glints2/dict_0006_0141.uasset" 9993
"/Engine/EngineMaterials/Substrate/Glints2/dict_0006_0140" 9994
"/Engine/EngineMaterials/Substrate/Glints2/dict_0006_0139" 9995
"/Engine/EngineMaterials/Substrate/Glints2/dict_0006_0149" 9996
"/Engine/EngineMaterials/Substrate/Glints2/dict_0006_0148" 9997
"../../../Engine/Content/EngineMaterials/Substrate/Glints2/dict_0006_0150.uasset" 9998
"/Engine/EngineMaterials/Substrate/Glints2/dict_0006_0145" 9999
"../../../Engine/Content/EngineMaterials/Substrate/Glints2/dict_0006_0147.uasset" 10000
"/Engine/EngineMaterials/Substrate/Glints2/dict_0006_0138" 10001
"/Engine/EngineMaterials/Substrate/Glints2/dict_0006_0144" 10002
"/Engine/EngineMaterials/Substrate/Glints2/dict_0006_0143" 10003
"/Engine/EngineMaterials/Substrate/Glints2/dict_0006_0137" 10004
"../../../Engine/Content/EngineMaterials/Substrate/Glints2/dict_0006_0146.uasset" 10005
"../../../Engine/Content/EngineMaterials/Substrate/Glints2/dict_0006_0151.uasset" 10006
"/Engine/EngineMaterials/Substrate/Glints2/dict_0006_0141" 10007
"/Engine/EngineMaterials/Substrate/Glints2/dict_0006_0151" 10008
"/Engine/EngineMaterials/Substrate/Glints2/dict_0006_0150" 10009
"/Engine/EngineMaterials/Substrate/Glints2/dict_0006_0147" 10010
"/Engine/EngineMaterials/Substrate/Glints2/dict_0006_0146" 10011
"../../../Engine/Content/EngineMaterials/Substrate/Glints2/dict_0006_0152.uasset" 10012
"../../../Engine/Content/EngineMaterials/Substrate/Glints2/dict_0006_0156.uasset" 10013
"../../../Engine/Content/EngineMaterials/Substrate/Glints2/dict_0006_0160.uasset" 10014
"../../../Engine/Content/EngineMaterials/Substrate/Glints2/dict_0006_0153.uasset" 10015
"../../../Engine/Content/EngineMaterials/Substrate/Glints2/dict_0006_0155.uasset" 10016
"../../../Engine/Content/EngineMaterials/Substrate/Glints2/dict_0006_0162.uasset" 10017
"../../../Engine/Content/EngineMaterials/Substrate/Glints2/dict_0006_0158.uasset" 10018
"../../../Engine/Content/EngineMaterials/Substrate/Glints2/dict_0006_0154.uasset" 10019
"/Engine/EngineMaterials/Substrate/Glints2/dict_0006_0156" 10020
"/Engine/EngineMaterials/Substrate/Glints2/dict_0006_0155" 10021
"/Engine/EngineMaterials/Substrate/Glints2/dict_0006_0154" 10022
"../../../Engine/Content/EngineMaterials/Substrate/Glints2/dict_0006_0157.uasset" 10023
"/Engine/EngineMaterials/Substrate/Glints2/dict_0006_0153" 10024
"/Engine/EngineMaterials/Substrate/Glints2/dict_0006_0152" 10025
"/Engine/EngineMaterials/Substrate/Glints2/dict_0006_0162" 10026
"/Engine/EngineMaterials/Substrate/Glints2/dict_0006_0160" 10027
"../../../Engine/Content/EngineMaterials/Substrate/Glints2/dict_0006_0164.uasset" 10028
"/Engine/EngineMaterials/Substrate/Glints2/dict_0006_0158" 10029
"/Engine/EngineMaterials/Substrate/Glints2/dict_0006_0164" 10030
"../../../Engine/Content/EngineMaterials/Substrate/Glints2/dict_0006_0159.uasset" 10031
"/Engine/EngineMaterials/Substrate/Glints2/dict_0006_0157" 10032
"/Engine/EngineMaterials/Substrate/Glints2/dict_0006_0159" 10033
"../../../Engine/Content/EngineMaterials/Substrate/Glints2/dict_0006_0165.uasset" 10034
"../../../Engine/Content/EngineMaterials/Substrate/Glints2/dict_0006_0163.uasset" 10035
"../../../Engine/Content/EngineMaterials/Substrate/Glints2/dict_0006_0161.uasset" 10036
"../../../Engine/Content/EngineMaterials/Substrate/Glints2/dict_0006_0169.uasset" 10037
"../../../Engine/Content/EngineMaterials/Substrate/Glints2/dict_0006_0172.uasset" 10038
"../../../Engine/Content/EngineMaterials/Substrate/Glints2/dict_0006_0175.uasset" 10039
"../../../Engine/Content/EngineMaterials/Substrate/Glints2/dict_0006_0168.uasset" 10040
"../../../Engine/Content/EngineMaterials/Substrate/Glints2/dict_0006_0166.uasset" 10041
"../../../Engine/Content/EngineMaterials/Substrate/Glints2/dict_0006_0167.uasset" 10042
"/Engine/EngineMaterials/Substrate/Glints2/dict_0006_0167" 10043
"/Engine/EngineMaterials/Substrate/Glints2/dict_0006_0166" 10044
"/Engine/EngineMaterials/Substrate/Glints2/dict_0006_0172" 10045
"/Engine/EngineMaterials/Substrate/Glints2/dict_0006_0165" 10046
"/Engine/EngineMaterials/Substrate/Glints2/dict_0006_0163" 10047
"/Engine/EngineMaterials/Substrate/Glints2/dict_0006_0175" 10048
"/Engine/EngineMaterials/Substrate/Glints2/dict_0006_0169" 10049
"/Engine/EngineMaterials/Substrate/Glints2/dict_0006_0168" 10050
"../../../Engine/Content/EngineMaterials/Substrate/Glints2/dict_0006_0170.uasset" 10051
"/Engine/EngineMaterials/Substrate/Glints2/dict_0006_0161" 10052
"/Engine/EngineMaterials/Substrate/Glints2/dict_0006_0170" 10053
"../../../Engine/Content/EngineMaterials/Substrate/Glints2/dict_0006_0173.uasset" 10054
"../../../Engine/Content/EngineMaterials/Substrate/Glints2/dict_0006_0176.uasset" 10055
"../../../Engine/Content/EngineMaterials/Substrate/Glints2/dict_0006_0171.uasset" 10056
"../../../Engine/Content/EngineMaterials/Substrate/Glints2/dict_0006_0177.uasset" 10057
"../../../Engine/Content/EngineMaterials/Substrate/Glints2/dict_0006_0180.uasset" 10058
"../../../Engine/Content/EngineMaterials/Substrate/Glints2/dict_0006_0174.uasset" 10059
"../../../Engine/Content/EngineMaterials/Substrate/Glints2/dict_0006_0179.uasset" 10060
"../../../Engine/Content/EngineMaterials/Substrate/Glints2/dict_0006_0178.uasset" 10061
"../../../Engine/Content/EngineMaterials/Substrate/Glints2/dict_0006_0181.uasset" 10062
"../../../Engine/Content/EngineMaterials/Substrate/Glints2/dict_0006_0188.uasset" 10063
"/Engine/EngineMaterials/Substrate/Glints2/dict_0006_0180" 10064
"/Engine/EngineMaterials/Substrate/Glints2/dict_0006_0179" 10065
"/Engine/EngineMaterials/Substrate/Glints2/dict_0006_0178" 10066
"/Engine/EngineMaterials/Substrate/Glints2/dict_0006_0177" 10067
"/Engine/EngineMaterials/Substrate/Glints2/dict_0006_0176" 10068
"../../../Engine/Content/EngineMaterials/Substrate/Glints2/dict_0006_0185.uasset" 10069
"/Engine/EngineMaterials/Substrate/Glints2/dict_0006_0171" 10070
"../../../Engine/Content/EngineMaterials/Substrate/Glints2/dict_0006_0189.uasset" 10071
"/Engine/EngineMaterials/Substrate/Glints2/dict_0006_0188" 10072
"/Engine/EngineMaterials/Substrate/Glints2/dict_0006_0174" 10073
"/Engine/EngineMaterials/Substrate/Glints2/dict_0006_0173" 10074
"/Engine/EngineMaterials/Substrate/Glints2/dict_0006_0181" 10075
"../../../Engine/Content/EngineMaterials/Substrate/Glints2/dict_0006_0184.uasset" 10076
"/Engine/EngineMaterials/Substrate/Glints2/dict_0006_0189" 10077
"/Engine/EngineMaterials/Substrate/Glints2/dict_0006_0185" 10078
"/Engine/EngineMaterials/Substrate/Glints2/dict_0006_0184" 10079
"../../../Engine/Content/EngineMaterials/Substrate/Glints2/dict_0006_0182.uasset" 10080
"../../../Engine/Content/EngineMaterials/Substrate/Glints2/dict_0006_0183.uasset" 10081
"../../../Engine/Content/EngineMaterials/Substrate/Glints2/dict_0006_0187.uasset" 10082
"../../../Engine/Content/EngineMaterials/Substrate/Glints2/dict_0006_0190.uasset" 10083
"../../../Engine/Content/EngineMaterials/Substrate/Glints2/dict_0006_0194.uasset" 10084
"../../../Engine/Content/EngineMaterials/Substrate/Glints2/dict_0006_0191.uasset" 10085
"../../../Engine/Content/EngineMaterials/Substrate/Glints2/dict_0006_0193.uasset" 10086
"../../../Engine/Content/EngineMaterials/Substrate/Glints2/dict_0006_0192.uasset" 10087
"/Engine/EngineMaterials/Substrate/Glints2/dict_0006_0192" 10088
"/Engine/EngineMaterials/Substrate/Glints2/dict_0006_0191" 10089
"../../../Engine/Content/EngineMaterials/Substrate/Glints2/dict_0006_0196.uasset" 10090
"../../../Engine/Content/EngineMaterials/Substrate/Glints2/dict_0006_0197.uasset" 10091
"../../../Engine/Content/EngineMaterials/Substrate/Glints2/dict_0006_0195.uasset" 10092
"/Engine/EngineMaterials/Substrate/Glints2/dict_0006_0190" 10093
"/Engine/EngineMaterials/Substrate/Glints2/dict_0006_0182" 10094
"/Engine/EngineMaterials/Substrate/Glints2/dict_0006_0193" 10095
"/Engine/EngineMaterials/Substrate/Glints2/dict_0006_0187" 10096
"/Engine/EngineMaterials/Substrate/Glints2/dict_0006_0183" 10097
"/Engine/EngineMaterials/Substrate/Glints2/dict_0006_0194" 10098
"/Engine/EngineMaterials/Substrate/Glints2/dict_0006_0197" 10099
"/Engine/EngineMaterials/Substrate/Glints2/dict_0006_0196" 10100
"/Engine/EngineMaterials/Substrate/Glints2/dict_0006_0195" 10101
"../../../Engine/Content/EngineMaterials/Substrate/Glints2/dict_0006_0204.uasset" 10102
"../../../Engine/Content/EngineMaterials/Substrate/Glints2/dict_0006_0202.uasset" 10103
"../../../Engine/Content/EngineMaterials/Substrate/Glints2/dict_0006_0198.uasset" 10104
"../../../Engine/Content/EngineMaterials/Substrate/Glints2/dict_0006_0203.uasset" 10105
"../../../Engine/Content/EngineMaterials/Substrate/Glints2/dict_0006_0199.uasset" 10106
"../../../Engine/Content/EngineMaterials/Substrate/Glints2/dict_0006_0186.uasset" 10107
"../../../Engine/Content/EngineMaterials/Substrate/Glints2/dict_0006_0200.uasset" 10108
"../../../Engine/Content/EngineMaterials/Substrate/Glints2/dict_0006_0201.uasset" 10109
"../../../Engine/Content/EngineMaterials/Substrate/Glints2/dict_0006_0208.uasset" 10110
"../../../Engine/Content/EngineMaterials/Substrate/Glints2/dict_0005_0130.uasset" 10111
"../../../Engine/Content/EngineMaterials/Substrate/Glints2/dict_0006_0209.uasset" 10112
"/Engine/EngineMaterials/Substrate/Glints2/dict_0006_0203" 10113
"/Engine/EngineMaterials/Substrate/Glints2/dict_0006_0202" 10114
"/Engine/EngineMaterials/Substrate/Glints2/dict_0006_0201" 10115
"../../../Engine/Content/EngineMaterials/Substrate/Glints2/dict_0006_0206.uasset" 10116
"/Engine/EngineMaterials/Substrate/Glints2/dict_0006_0200" 10117
"/Engine/EngineMaterials/Substrate/Glints2/dict_0006_0199" 10118
"/Engine/EngineMaterials/Substrate/Glints2/dict_0005_0130" 10119
"/Engine/EngineMaterials/Substrate/Glints2/dict_0006_0198" 10120
"/Engine/EngineMaterials/Substrate/Glints2/dict_0006_0209" 10121
"/Engine/EngineMaterials/Substrate/Glints2/dict_0006_0186" 10122
"/Engine/EngineMaterials/Substrate/Glints2/dict_0006_0204" 10123
"/Engine/EngineMaterials/Substrate/Glints2/dict_0006_0208" 10124
"/Engine/EngineMaterials/Substrate/Glints2/dict_0006_0206" 10125
"../../../Engine/Content/EngineMaterials/Substrate/Glints2/dict_0006_0207.uasset" 10126
"../../../Engine/Content/EngineMaterials/Substrate/Glints2/dict_0006_0214.uasset" 10127
"../../../Engine/Content/EngineMaterials/Substrate/Glints2/dict_0006_0205.uasset" 10128
"../../../Engine/Content/EngineMaterials/Substrate/Glints2/dict_0006_0210.uasset" 10129
"../../../Engine/Content/EngineMaterials/Substrate/Glints2/dict_0006_0212.uasset" 10130
"../../../Engine/Content/EngineMaterials/Substrate/Glints2/dict_0006_0222.uasset" 10131
"../../../Engine/Content/EngineMaterials/Substrate/Glints2/dict_0006_0213.uasset" 10132
"../../../Engine/Content/EngineMaterials/Substrate/Glints2/dict_0006_0215.uasset" 10133
"/Engine/EngineMaterials/Substrate/Glints2/dict_0006_0214" 10134
"../../../Engine/Content/EngineMaterials/Substrate/Glints2/dict_0006_0216.uasset" 10135
"/Engine/EngineMaterials/Substrate/Glints2/dict_0006_0213" 10136
"/Engine/EngineMaterials/Substrate/Glints2/dict_0006_0212" 10137
"/Engine/EngineMaterials/Substrate/Glints2/dict_0006_0222" 10138
"/Engine/EngineMaterials/Substrate/Glints2/dict_0006_0210" 10139
"/Engine/EngineMaterials/Substrate/Glints2/dict_0006_0205" 10140
"/Engine/EngineMaterials/Substrate/Glints2/dict_0006_0215" 10141
"/Engine/EngineMaterials/Substrate/Glints2/dict_0006_0207" 10142
"../../../Engine/Content/EngineMaterials/Substrate/Glints2/dict_0006_0218.uasset" 10143
"../../../Engine/Content/EngineMaterials/Substrate/Glints2/dict_0006_0221.uasset" 10144
"../../../Engine/Content/EngineMaterials/Substrate/Glints2/dict_0006_0211.uasset" 10145
"/Engine/EngineMaterials/Substrate/Glints2/dict_0006_0216" 10146
"/Engine/EngineMaterials/Substrate/Glints2/dict_0006_0218" 10147
"/Engine/EngineMaterials/Substrate/Glints2/dict_0006_0211" 10148
"/Engine/EngineMaterials/Substrate/Glints2/dict_0006_0221" 10149
"../../../Engine/Content/EngineMaterials/Substrate/Glints2/dict_0006_0219.uasset" 10150
"/Engine/EngineMaterials/Substrate/Glints2/dict_0006_0219" 10151
"../../../Engine/Content/EngineMaterials/Substrate/Glints2/dict_0006_0220.uasset" 10152
"../../../Engine/Content/EngineMaterials/Substrate/Glints2/dict_0006_0223.uasset" 10153
"../../../Engine/Content/EngineMaterials/Substrate/Glints2/dict_0006_0224.uasset" 10154
"../../../Engine/Content/EngineMaterials/Substrate/Glints2/dict_0006_0229.uasset" 10155
"../../../Engine/Content/EngineMaterials/Substrate/Glints2/dict_0006_0231.uasset" 10156
"../../../Engine/Content/EngineMaterials/Substrate/Glints2/dict_0006_0227.uasset" 10157
"../../../Engine/Content/EngineMaterials/Substrate/Glints2/dict_0006_0226.uasset" 10158
"../../../Engine/Content/EngineMaterials/Substrate/Glints2/dict_0006_0228.uasset" 10159
"/Engine/EngineMaterials/Substrate/Glints2/dict_0006_0228" 10160
"../../../Engine/Content/EngineMaterials/Substrate/Glints2/dict_0006_0233.uasset" 10161
"../../../Engine/Content/EngineMaterials/Substrate/Glints2/dict_0006_0230.uasset" 10162
"/Engine/EngineMaterials/Substrate/Glints2/dict_0006_0227" 10163
"../../../Engine/Content/EngineMaterials/Substrate/Glints2/dict_0006_0235.uasset" 10164
"/Engine/EngineMaterials/Substrate/Glints2/dict_0006_0226" 10165
"../../../Engine/Content/EngineMaterials/Substrate/Glints2/dict_0006_0225.uasset" 10166
"/Engine/EngineMaterials/Substrate/Glints2/dict_0006_0229" 10167
"/Engine/EngineMaterials/Substrate/Glints2/dict_0006_0224" 10168
"../../../Engine/Content/EngineMaterials/Substrate/Glints2/dict_0006_0232.uasset" 10169
"/Engine/EngineMaterials/Substrate/Glints2/dict_0006_0223" 10170
"../../../Engine/Content/EngineMaterials/Substrate/Glints2/dict_0006_0234.uasset" 10171
"../../../Engine/Content/EngineMaterials/Substrate/Glints2/dict_0006_0236.uasset" 10172
"/Engine/EngineMaterials/Substrate/Glints2/dict_0006_0220" 10173
"/Engine/EngineMaterials/Substrate/Glints2/dict_0006_0231" 10174
"../../../Engine/Content/EngineMaterials/Substrate/Glints2/dict_0006_0239.uasset" 10175
"../../../Engine/Content/EngineMaterials/Substrate/Glints2/dict_0006_0237.uasset" 10176
"/Engine/EngineMaterials/Substrate/Glints2/dict_0006_0237" 10177
"/Engine/EngineMaterials/Substrate/Glints2/dict_0006_0225" 10178
"/Engine/EngineMaterials/Substrate/Glints2/dict_0006_0236" 10179
"/Engine/EngineMaterials/Substrate/Glints2/dict_0006_0235" 10180
"../../../Engine/Content/EngineMaterials/Substrate/Glints2/dict_0006_0238.uasset" 10181
"/Engine/EngineMaterials/Substrate/Glints2/dict_0006_0234" 10182
"/Engine/EngineMaterials/Substrate/Glints2/dict_0006_0233" 10183
"/Engine/EngineMaterials/Substrate/Glints2/dict_0006_0232" 10184
"/Engine/EngineMaterials/Substrate/Glints2/dict_0006_0239" 10185
"../../../Engine/Content/EngineMaterials/Substrate/Glints2/dict_0005_0193.uasset" 10186
"/Engine/EngineMaterials/Substrate/Glints2/dict_0006_0230" 10187
"../../../Engine/Content/EngineMaterials/Substrate/Glints2/dict_0004_0130.uasset" 10188
"/Engine/EngineMaterials/Substrate/Glints2/dict_0005_0193" 10189
"/Engine/EngineMaterials/Substrate/Glints2/dict_0004_0130" 10190
"/Engine/EngineMaterials/Substrate/Glints2/dict_0006_0238" 10191
"../../../Engine/Content/EngineMaterials/Substrate/Glints2/dict_0006_0217.uasset" 10192
"../../../Engine/Content/EngineMaterials/Substrate/Glints2/dict_0006_0240.uasset" 10193
"../../../Engine/Content/EngineMaterials/Substrate/Glints2/dict_0006_0247.uasset" 10194
"../../../Engine/Content/EngineMaterials/Substrate/Glints2/dict_0006_0244.uasset" 10195
"../../../Engine/Content/EngineMaterials/Substrate/Glints2/dict_0005_0072.uasset" 10196
"../../../Engine/Content/EngineMaterials/Substrate/Glints2/dict_0006_0241.uasset" 10197
"../../../Engine/Content/EngineMaterials/Substrate/Glints2/dict_0006_0242.uasset" 10198
"/Engine/EngineMaterials/Substrate/Glints2/dict_0006_0247" 10199
"/Engine/EngineMaterials/Substrate/Glints2/dict_0006_0241" 10200
"/Engine/EngineMaterials/Substrate/Glints2/dict_0006_0217" 10201
"/Engine/EngineMaterials/Substrate/Glints2/dict_0006_0240" 10202
"/Engine/EngineMaterials/Substrate/Glints2/dict_0006_0244" 10203
"/Engine/EngineMaterials/Substrate/Glints2/dict_0006_0242" 10204
"../../../Engine/Content/EngineMaterials/Substrate/Glints2/dict_0006_0246.uasset" 10205
"/Engine/EngineMaterials/Substrate/Glints2/dict_0005_0072" 10206
"../../../Engine/Content/EngineMaterials/Substrate/Glints2/dict_0006_0249.uasset" 10207
"/Engine/EngineMaterials/Substrate/Glints2/dict_0006_0249" 10208
"/Engine/EngineMaterials/Substrate/Glints2/dict_0006_0246" 10209
"../../../Engine/Content/EngineMaterials/Substrate/Glints2/dict_0006_0248.uasset" 10210
"../../../Engine/Content/EngineMaterials/Substrate/Glints2/dict_0006_0251.uasset" 10211
"../../../Engine/Content/EngineMaterials/Substrate/Glints2/dict_0006_0255.uasset" 10212
"../../../Engine/Content/EngineMaterials/Substrate/Glints2/dict_0006_0254.uasset" 10213
"../../../Engine/Content/EngineMaterials/Substrate/Glints2/dict_0006_0250.uasset" 10214
"../../../Engine/Content/EngineMaterials/Substrate/Glints2/dict_0006_0252.uasset" 10215
"../../../Engine/Content/EngineMaterials/Substrate/Glints2/dict_0006_0245.uasset" 10216
"../../../Engine/Content/EngineMaterials/Substrate/Glints2/dict_0007_0002.uasset" 10217
"../../../Engine/Content/EngineMaterials/Substrate/Glints2/dict_0006_0243.uasset" 10218
"../../../Engine/Content/EngineMaterials/Substrate/Glints2/dict_0007_0003.uasset" 10219
"/Engine/EngineMaterials/Substrate/Glints2/dict_0006_0250" 10220
"/Engine/EngineMaterials/Substrate/Glints2/dict_0007_0003" 10221
"/Engine/EngineMaterials/Substrate/Glints2/dict_0006_0248" 10222
"/Engine/EngineMaterials/Substrate/Glints2/dict_0007_0002" 10223
"/Engine/EngineMaterials/Substrate/Glints2/dict_0006_0245" 10224
"../../../Engine/Content/EngineMaterials/Substrate/Glints2/dict_0007_0004.uasset" 10225
"/Engine/EngineMaterials/Substrate/Glints2/dict_0006_0255" 10226
"/Engine/EngineMaterials/Substrate/Glints2/dict_0006_0254" 10227
"/Engine/EngineMaterials/Substrate/Glints2/dict_0006_0252" 10228
"/Engine/EngineMaterials/Substrate/Glints2/dict_0006_0243" 10229
"/Engine/EngineMaterials/Substrate/Glints2/dict_0006_0251" 10230
"/Engine/EngineMaterials/Substrate/Glints2/dict_0007_0004" 10231
"../../../Engine/Content/EngineMaterials/Substrate/Glints2/dict_0007_0012.uasset" 10232
"/Engine/EngineMaterials/Substrate/Glints2/dict_0007_0012" 10233
"../../../Engine/Content/EngineMaterials/Substrate/Glints2/dict_0007_0008.uasset" 10234
"../../../Engine/Content/EngineMaterials/Substrate/Glints2/dict_0007_0007.uasset" 10235
"../../../Engine/Content/EngineMaterials/Substrate/Glints2/dict_0007_0000.uasset" 10236
"../../../Engine/Content/EngineMaterials/Substrate/Glints2/dict_0007_0006.uasset" 10237
"../../../Engine/Content/EngineMaterials/Substrate/Glints2/dict_0007_0011.uasset" 10238
"../../../Engine/Content/EngineMaterials/Substrate/Glints2/dict_0007_0009.uasset" 10239
"../../../Engine/Content/EngineMaterials/Substrate/Glints2/dict_0007_0005.uasset" 10240
"../../../Engine/Content/EngineMaterials/Substrate/Glints2/dict_0007_0010.uasset" 10241
"../../../Engine/Content/EngineMaterials/Substrate/Glints2/dict_0007_0013.uasset" 10242
"../../../Engine/Content/EngineMaterials/Substrate/Glints2/dict_0007_0023.uasset" 10243
"../../../Engine/Content/EngineMaterials/Substrate/Glints2/dict_0007_0021.uasset" 10244
"../../../Engine/Content/EngineMaterials/Substrate/Glints2/dict_0007_0015.uasset" 10245
"/Engine/EngineMaterials/Substrate/Glints2/dict_0007_0015" 10246
"/Engine/EngineMaterials/Substrate/Glints2/dict_0007_0023" 10247
"/Engine/EngineMaterials/Substrate/Glints2/dict_0007_0006" 10248
"/Engine/EngineMaterials/Substrate/Glints2/dict_0007_0000" 10249
"/Engine/EngineMaterials/Substrate/Glints2/dict_0007_0005" 10250
"/Engine/EngineMaterials/Substrate/Glints2/dict_0007_0013" 10251
"/Engine/EngineMaterials/Substrate/Glints2/dict_0007_0021" 10252
"../../../Engine/Content/EngineMaterials/Substrate/Glints2/dict_0007_0020.uasset" 10253
"../../../Engine/Content/EngineMaterials/Substrate/Glints2/dict_0007_0019.uasset" 10254
"/Engine/EngineMaterials/Substrate/Glints2/dict_0007_0011" 10255
"/Engine/EngineMaterials/Substrate/Glints2/dict_0007_0010" 10256
"/Engine/EngineMaterials/Substrate/Glints2/dict_0007_0009" 10257
"/Engine/EngineMaterials/Substrate/Glints2/dict_0007_0008" 10258
"/Engine/EngineMaterials/Substrate/Glints2/dict_0007_0007" 10259
"/Engine/EngineMaterials/Substrate/Glints2/dict_0007_0020" 10260
"/Engine/EngineMaterials/Substrate/Glints2/dict_0007_0019" 10261
"../../../Engine/Content/EngineMaterials/Substrate/Glints2/dict_0007_0016.uasset" 10262
"../../../Engine/Content/EngineMaterials/Substrate/Glints2/dict_0007_0022.uasset" 10263
"../../../Engine/Content/EngineMaterials/Substrate/Glints2/dict_0007_0017.uasset" 10264
"../../../Engine/Content/EngineMaterials/Substrate/Glints2/dict_0007_0025.uasset" 10265
"../../../Engine/Content/EngineMaterials/Substrate/Glints2/dict_0007_0018.uasset" 10266
"../../../Engine/Content/EngineMaterials/Substrate/Glints2/dict_0007_0026.uasset" 10267
"../../../Engine/Content/EngineMaterials/Substrate/Glints2/dict_0007_0030.uasset" 10268
"/Engine/EngineMaterials/Substrate/Glints2/dict_0007_0025" 10269
"/Engine/EngineMaterials/Substrate/Glints2/dict_0007_0022" 10270
"/Engine/EngineMaterials/Substrate/Glints2/dict_0007_0030" 10271
"/Engine/EngineMaterials/Substrate/Glints2/dict_0007_0018" 10272
"/Engine/EngineMaterials/Substrate/Glints2/dict_0007_0026" 10273
"/Engine/EngineMaterials/Substrate/Glints2/dict_0007_0017" 10274
"/Engine/EngineMaterials/Substrate/Glints2/dict_0007_0016" 10275
"../../../Engine/Content/EngineMaterials/Substrate/Glints2/dict_0007_0027.uasset" 10276
"../../../Engine/Content/EngineMaterials/Substrate/Glints2/dict_0007_0031.uasset" 10277
"../../../Engine/Content/EngineMaterials/Substrate/Glints2/dict_0007_0029.uasset" 10278
"../../../Engine/Content/EngineMaterials/Substrate/Glints2/dict_0007_0024.uasset" 10279
"../../../Engine/Content/EngineMaterials/Substrate/Glints2/dict_0007_0033.uasset" 10280
"../../../Engine/Content/EngineMaterials/Substrate/Glints2/dict_0007_0037.uasset" 10281
"../../../Engine/Content/EngineMaterials/Substrate/Glints2/dict_0007_0040.uasset" 10282
"../../../Engine/Content/EngineMaterials/Substrate/Glints2/dict_0007_0028.uasset" 10283
"../../../Engine/Content/EngineMaterials/Substrate/Glints2/dict_0007_0032.uasset" 10284
"../../../Engine/Content/EngineMaterials/Substrate/Glints2/dict_0007_0036.uasset" 10285
"/Engine/EngineMaterials/Substrate/Glints2/dict_0007_0024" 10286
"/Engine/EngineMaterials/Substrate/Glints2/dict_0007_0037" 10287
"/Engine/EngineMaterials/Substrate/Glints2/dict_0007_0036" 10288
"/Engine/EngineMaterials/Substrate/Glints2/dict_0007_0033" 10289
"/Engine/EngineMaterials/Substrate/Glints2/dict_0007_0027" 10290
"../../../Engine/Content/EngineMaterials/Substrate/Glints2/dict_0007_0035.uasset" 10291
"/Engine/EngineMaterials/Substrate/Glints2/dict_0007_0040" 10292
"/Engine/EngineMaterials/Substrate/Glints2/dict_0007_0032" 10293
"/Engine/EngineMaterials/Substrate/Glints2/dict_0007_0031" 10294
"../../../Engine/Content/EngineMaterials/Substrate/Glints2/dict_0007_0039.uasset" 10295
"/Engine/EngineMaterials/Substrate/Glints2/dict_0007_0029" 10296
"/Engine/EngineMaterials/Substrate/Glints2/dict_0007_0028" 10297
"/Engine/EngineMaterials/Substrate/Glints2/dict_0007_0039" 10298
"/Engine/EngineMaterials/Substrate/Glints2/dict_0007_0035" 10299
"../../../Engine/Content/EngineMaterials/Substrate/Glints2/dict_0007_0038.uasset" 10300
"/Engine/EngineMaterials/Substrate/Glints2/dict_0007_0038" 10301
"../../../Engine/Content/EngineMaterials/Substrate/Glints2/dict_0007_0047.uasset" 10302
"/Engine/EngineMaterials/Substrate/Glints2/dict_0007_0047" 10303
"../../../Engine/Content/EngineMaterials/Substrate/Glints2/dict_0007_0044.uasset" 10304
"../../../Engine/Content/EngineMaterials/Substrate/Glints2/dict_0007_0048.uasset" 10305
"../../../Engine/Content/EngineMaterials/Substrate/Glints2/dict_0007_0045.uasset" 10306
"../../../Engine/Content/EngineMaterials/Substrate/Glints2/dict_0007_0043.uasset" 10307
"../../../Engine/Content/EngineMaterials/Substrate/Glints2/dict_0007_0041.uasset" 10308
"../../../Engine/Content/EngineMaterials/Substrate/Glints2/dict_0007_0034.uasset" 10309
"../../../Engine/Content/EngineMaterials/Substrate/Glints2/dict_0006_0114.uasset" 10310
"../../../Engine/Content/EngineMaterials/Substrate/Glints2/dict_0007_0046.uasset" 10311
"/Engine/EngineMaterials/Substrate/Glints2/dict_0007_0048" 10312
"../../../Engine/Content/EngineMaterials/Substrate/Glints2/dict_0007_0054.uasset" 10313
"/Engine/EngineMaterials/Substrate/Glints2/dict_0007_0034" 10314
"/Engine/EngineMaterials/Substrate/Glints2/dict_0007_0041" 10315
"/Engine/EngineMaterials/Substrate/Glints2/dict_0006_0114" 10316
"/Engine/EngineMaterials/Substrate/Glints2/dict_0007_0046" 10317
"/Engine/EngineMaterials/Substrate/Glints2/dict_0007_0045" 10318
"/Engine/EngineMaterials/Substrate/Glints2/dict_0007_0044" 10319
"/Engine/EngineMaterials/Substrate/Glints2/dict_0007_0043" 10320
"../../../Engine/Content/EngineMaterials/Substrate/Glints2/dict_0007_0056.uasset" 10321
"/Engine/EngineMaterials/Substrate/Glints2/dict_0007_0056" 10322
"../../../Engine/Content/EngineMaterials/Substrate/Glints2/dict_0007_0053.uasset" 10323
"../../../Engine/Content/EngineMaterials/Substrate/Glints2/dict_0007_0049.uasset" 10324
"../../../Engine/Content/EngineMaterials/Substrate/Glints2/dict_0007_0059.uasset" 10325
"/Engine/EngineMaterials/Substrate/Glints2/dict_0007_0054" 10326
"../../../Engine/Content/EngineMaterials/Substrate/Glints2/dict_0007_0051.uasset" 10327
"../../../Engine/Content/EngineMaterials/Substrate/Glints2/dict_0007_0050.uasset" 10328
"/Engine/EngineMaterials/Substrate/Glints2/dict_0007_0059" 10329
"/Engine/EngineMaterials/Substrate/Glints2/dict_0007_0053" 10330
"/Engine/EngineMaterials/Substrate/Glints2/dict_0007_0051" 10331
"../../../Engine/Content/EngineMaterials/Substrate/Glints2/dict_0007_0052.uasset" 10332
"/Engine/EngineMaterials/Substrate/Glints2/dict_0007_0050" 10333
"/Engine/EngineMaterials/Substrate/Glints2/dict_0007_0049" 10334
"/Engine/EngineMaterials/Substrate/Glints2/dict_0007_0052" 10335
"../../../Engine/Content/EngineMaterials/Substrate/Glints2/dict_0007_0057.uasset" 10336
"../../../Engine/Content/EngineMaterials/Substrate/Glints2/dict_0007_0055.uasset" 10337
"../../../Engine/Content/EngineMaterials/Substrate/Glints2/dict_0007_0060.uasset" 10338
"/Engine/EngineMaterials/Substrate/Glints2/dict_0007_0060" 10339
"/Engine/EngineMaterials/Substrate/Glints2/dict_0007_0057" 10340
"/Engine/EngineMaterials/Substrate/Glints2/dict_0007_0055" 10341
"../../../Engine/Content/EngineMaterials/Substrate/Glints2/dict_0007_0061.uasset" 10342
"../../../Engine/Content/EngineMaterials/Substrate/Glints2/dict_0007_0069.uasset" 10343
"../../../Engine/Content/EngineMaterials/Substrate/Glints2/dict_0007_0067.uasset" 10344
"../../../Engine/Content/EngineMaterials/Substrate/Glints2/dict_0007_0071.uasset" 10345
"../../../Engine/Content/EngineMaterials/Substrate/Glints2/dict_0007_0064.uasset" 10346
"/Engine/EngineMaterials/Substrate/Glints2/dict_0007_0061" 10347
"/Engine/EngineMaterials/Substrate/Glints2/dict_0007_0069" 10348
"../../../Engine/Content/EngineMaterials/Substrate/Glints2/dict_0007_0062.uasset" 10349
"/Engine/EngineMaterials/Substrate/Glints2/dict_0007_0071" 10350
"/Engine/EngineMaterials/Substrate/Glints2/dict_0007_0067" 10351
"/Engine/EngineMaterials/Substrate/Glints2/dict_0007_0064" 10352
"../../../Engine/Content/EngineMaterials/Substrate/Glints2/dict_0007_0070.uasset" 10353
"../../../Engine/Content/EngineMaterials/Substrate/Glints2/dict_0007_0068.uasset" 10354
"/Engine/EngineMaterials/Substrate/Glints2/dict_0007_0070" 10355
"../../../Engine/Content/EngineMaterials/Substrate/Glints2/dict_0007_0063.uasset" 10356
"/Engine/EngineMaterials/Substrate/Glints2/dict_0007_0062" 10357
"/Engine/EngineMaterials/Substrate/Glints2/dict_0007_0068" 10358
"/Engine/EngineMaterials/Substrate/Glints2/dict_0007_0063" 10359
"../../../Engine/Content/EngineMaterials/Substrate/Glints2/dict_0007_0065.uasset" 10360
"../../../Engine/Content/EngineMaterials/Substrate/Glints2/dict_0007_0066.uasset" 10361
"../../../Engine/Content/EngineMaterials/Substrate/Glints2/dict_0007_0073.uasset" 10362
"../../../Engine/Content/EngineMaterials/Substrate/Glints2/dict_0007_0072.uasset" 10363
"../../../Engine/Content/EngineMaterials/Substrate/Glints2/dict_0007_0076.uasset" 10364
"../../../Engine/Content/EngineMaterials/Substrate/Glints2/dict_0007_0074.uasset" 10365
"../../../Engine/Content/EngineMaterials/Substrate/Glints2/dict_0007_0075.uasset" 10366
"../../../Engine/Content/EngineMaterials/Substrate/Glints2/dict_0007_0080.uasset" 10367
"../../../Engine/Content/EngineMaterials/Substrate/Glints2/dict_0007_0083.uasset" 10368
"/Engine/EngineMaterials/Substrate/Glints2/dict_0007_0080" 10369
"/Engine/EngineMaterials/Substrate/Glints2/dict_0007_0072" 10370
"/Engine/EngineMaterials/Substrate/Glints2/dict_0007_0076" 10371
"/Engine/EngineMaterials/Substrate/Glints2/dict_0007_0083" 10372
"/Engine/EngineMaterials/Substrate/Glints2/dict_0007_0075" 10373
"/Engine/EngineMaterials/Substrate/Glints2/dict_0007_0066" 10374
"/Engine/EngineMaterials/Substrate/Glints2/dict_0007_0074" 10375
"/Engine/EngineMaterials/Substrate/Glints2/dict_0007_0065" 10376
"/Engine/EngineMaterials/Substrate/Glints2/dict_0007_0073" 10377
"../../../Engine/Content/EngineMaterials/Substrate/Glints2/dict_0007_0077.uasset" 10378
"/Engine/EngineMaterials/Substrate/Glints2/dict_0007_0077" 10379
"../../../Engine/Content/EngineMaterials/Substrate/Glints2/dict_0007_0081.uasset" 10380
"../../../Engine/Content/EngineMaterials/Substrate/Glints2/dict_0007_0084.uasset" 10381
"../../../Engine/Content/EngineMaterials/Substrate/Glints2/dict_0007_0085.uasset" 10382
"../../../Engine/Content/EngineMaterials/Substrate/Glints2/dict_0007_0079.uasset" 10383
"../../../Engine/Content/EngineMaterials/Substrate/Glints2/dict_0007_0078.uasset" 10384
"../../../Engine/Content/EngineMaterials/Substrate/Glints2/dict_0007_0087.uasset" 10385
"../../../Engine/Content/EngineMaterials/Substrate/Glints2/dict_0007_0088.uasset" 10386
"../../../Engine/Content/EngineMaterials/Substrate/Glints2/dict_0007_0086.uasset" 10387
"/Engine/EngineMaterials/Substrate/Glints2/dict_0007_0081" 10388
"/Engine/EngineMaterials/Substrate/Glints2/dict_0007_0086" 10389
"/Engine/EngineMaterials/Substrate/Glints2/dict_0007_0088" 10390
"../../../Engine/Content/EngineMaterials/Substrate/Glints2/dict_0007_0091.uasset" 10391
"../../../Engine/Content/EngineMaterials/Substrate/Glints2/dict_0007_0089.uasset" 10392
"/Engine/EngineMaterials/Substrate/Glints2/dict_0007_0085" 10393
"/Engine/EngineMaterials/Substrate/Glints2/dict_0007_0079" 10394
"/Engine/EngineMaterials/Substrate/Glints2/dict_0007_0084" 10395
"/Engine/EngineMaterials/Substrate/Glints2/dict_0007_0087" 10396
"/Engine/EngineMaterials/Substrate/Glints2/dict_0007_0078" 10397
"/Engine/EngineMaterials/Substrate/Glints2/dict_0007_0089" 10398
"/Engine/EngineMaterials/Substrate/Glints2/dict_0007_0091" 10399
"../../../Engine/Content/EngineMaterials/Substrate/Glints2/dict_0007_0095.uasset" 10400
"../../../Engine/Content/EngineMaterials/Substrate/Glints2/dict_0007_0092.uasset" 10401
"../../../Engine/Content/EngineMaterials/Substrate/Glints2/dict_0007_0097.uasset" 10402
"../../../Engine/Content/EngineMaterials/Substrate/Glints2/dict_0007_0093.uasset" 10403
"../../../Engine/Content/EngineMaterials/Substrate/Glints2/dict_0007_0090.uasset" 10404
"../../../Engine/Content/EngineMaterials/Substrate/Glints2/dict_0007_0096.uasset" 10405
"../../../Engine/Content/EngineMaterials/Substrate/Glints2/dict_0007_0099.uasset" 10406
"../../../Engine/Content/EngineMaterials/Substrate/Glints2/dict_0007_0098.uasset" 10407
"../../../Engine/Content/EngineMaterials/Substrate/Glints2/dict_0007_0100.uasset" 10408
"../../../Engine/Content/EngineMaterials/Substrate/Glints2/dict_0007_0104.uasset" 10409
"/Engine/EngineMaterials/Substrate/Glints2/dict_0007_0099" 10410
"/Engine/EngineMaterials/Substrate/Glints2/dict_0007_0098" 10411
"/Engine/EngineMaterials/Substrate/Glints2/dict_0007_0100" 10412
"/Engine/EngineMaterials/Substrate/Glints2/dict_0007_0104" 10413
"/Engine/EngineMaterials/Substrate/Glints2/dict_0007_0097" 10414
"/Engine/EngineMaterials/Substrate/Glints2/dict_0007_0096" 10415
"/Engine/EngineMaterials/Substrate/Glints2/dict_0007_0095" 10416
"/Engine/EngineMaterials/Substrate/Glints2/dict_0007_0093" 10417
"../../../Engine/Content/EngineMaterials/Substrate/Glints2/dict_0004_0162.uasset" 10418
"/Engine/EngineMaterials/Substrate/Glints2/dict_0007_0092" 10419
"/Engine/EngineMaterials/Substrate/Glints2/dict_0007_0090" 10420
"/Engine/EngineMaterials/Substrate/Glints2/dict_0004_0162" 10421
"../../../Engine/Content/EngineMaterials/Substrate/Glints2/dict_0007_0105.uasset" 10422
"../../../Engine/Content/EngineMaterials/Substrate/Glints2/dict_0007_0101.uasset" 10423
"../../../Engine/Content/EngineMaterials/Substrate/Glints2/dict_0007_0102.uasset" 10424
"../../../Engine/Content/EngineMaterials/Substrate/Glints2/dict_0007_0107.uasset" 10425
"../../../Engine/Content/EngineMaterials/Substrate/Glints2/dict_0007_0108.uasset" 10426
"../../../Engine/Content/EngineMaterials/Substrate/Glints2/dict_0007_0106.uasset" 10427
"../../../Engine/Content/EngineMaterials/Substrate/Glints2/dict_0007_0103.uasset" 10428
"../../../Engine/Content/EngineMaterials/Substrate/Glints2/dict_0007_0109.uasset" 10429
"../../../Engine/Content/EngineMaterials/Substrate/Glints2/dict_0007_0111.uasset" 10430
"/Engine/EngineMaterials/Substrate/Glints2/dict_0007_0108" 10431
"../../../Engine/Content/EngineMaterials/Substrate/Glints2/dict_0007_0110.uasset" 10432
"/Engine/EngineMaterials/Substrate/Glints2/dict_0007_0107" 10433
"../../../Engine/Content/EngineMaterials/Substrate/Glints2/dict_0007_0113.uasset" 10434
"/Engine/EngineMaterials/Substrate/Glints2/dict_0007_0106" 10435
"/Engine/EngineMaterials/Substrate/Glints2/dict_0007_0105" 10436
"/Engine/EngineMaterials/Substrate/Glints2/dict_0007_0103" 10437
"/Engine/EngineMaterials/Substrate/Glints2/dict_0007_0102" 10438
"/Engine/EngineMaterials/Substrate/Glints2/dict_0007_0101" 10439
"/Engine/EngineMaterials/Substrate/Glints2/dict_0007_0109" 10440
"../../../Engine/Content/EngineMaterials/Substrate/Glints2/dict_0007_0112.uasset" 10441
"/Engine/EngineMaterials/Substrate/Glints2/dict_0007_0110" 10442
"/Engine/EngineMaterials/Substrate/Glints2/dict_0007_0113" 10443
"/Engine/EngineMaterials/Substrate/Glints2/dict_0007_0112" 10444
"/Engine/EngineMaterials/Substrate/Glints2/dict_0007_0111" 10445
"../../../Engine/Content/EngineMaterials/Substrate/Glints2/dict_0007_0116.uasset" 10446
"../../../Engine/Content/EngineMaterials/Substrate/Glints2/dict_0007_0114.uasset" 10447
"../../../Engine/Content/EngineMaterials/Substrate/Glints2/dict_0007_0122.uasset" 10448
"../../../Engine/Content/EngineMaterials/Substrate/Glints2/dict_0007_0115.uasset" 10449
"../../../Engine/Content/EngineMaterials/Substrate/Glints2/dict_0007_0118.uasset" 10450
"../../../Engine/Content/EngineMaterials/Substrate/Glints2/dict_0007_0117.uasset" 10451
"../../../Engine/Content/EngineMaterials/Substrate/Glints2/dict_0007_0121.uasset" 10452
"../../../Engine/Content/EngineMaterials/Substrate/Glints2/dict_0007_0124.uasset" 10453
"/Engine/EngineMaterials/Substrate/Glints2/dict_0007_0121" 10454
"/Engine/EngineMaterials/Substrate/Glints2/dict_0007_0118" 10455
"/Engine/EngineMaterials/Substrate/Glints2/dict_0007_0117" 10456
"/Engine/EngineMaterials/Substrate/Glints2/dict_0007_0124" 10457
"/Engine/EngineMaterials/Substrate/Glints2/dict_0007_0116" 10458
"../../../Engine/Content/EngineMaterials/Substrate/Glints2/dict_0007_0123.uasset" 10459
"../../../Engine/Content/EngineMaterials/Substrate/Glints2/dict_0007_0119.uasset" 10460
"/Engine/EngineMaterials/Substrate/Glints2/dict_0007_0115" 10461
"/Engine/EngineMaterials/Substrate/Glints2/dict_0007_0114" 10462
"/Engine/EngineMaterials/Substrate/Glints2/dict_0007_0122" 10463
"/Engine/EngineMaterials/Substrate/Glints2/dict_0007_0119" 10464
"/Engine/EngineMaterials/Substrate/Glints2/dict_0007_0123" 10465
"../../../Engine/Content/EngineMaterials/Substrate/Glints2/dict_0007_0126.uasset" 10466
"../../../Engine/Content/EngineMaterials/Substrate/Glints2/dict_0007_0120.uasset" 10467
"../../../Engine/Content/EngineMaterials/Substrate/Glints2/dict_0007_0129.uasset" 10468
"../../../Engine/Content/EngineMaterials/Substrate/Glints2/dict_0007_0125.uasset" 10469
"../../../Engine/Content/EngineMaterials/Substrate/Glints2/dict_0007_0127.uasset" 10470
"../../../Engine/Content/EngineMaterials/Substrate/Glints2/dict_0007_0128.uasset" 10471
"../../../Engine/Content/EngineMaterials/Substrate/Glints2/dict_0007_0133.uasset" 10472
"../../../Engine/Content/EngineMaterials/Substrate/Glints2/dict_0007_0135.uasset" 10473
"../../../Engine/Content/EngineMaterials/Substrate/Glints2/dict_0007_0131.uasset" 10474
"../../../Engine/Content/EngineMaterials/Substrate/Glints2/dict_0007_0130.uasset" 10475
"/Engine/EngineMaterials/Substrate/Glints2/dict_0007_0133" 10476
"/Engine/EngineMaterials/Substrate/Glints2/dict_0007_0129" 10477
"/Engine/EngineMaterials/Substrate/Glints2/dict_0007_0128" 10478
"/Engine/EngineMaterials/Substrate/Glints2/dict_0007_0127" 10479
"/Engine/EngineMaterials/Substrate/Glints2/dict_0007_0120" 10480
"/Engine/EngineMaterials/Substrate/Glints2/dict_0007_0126" 10481
"/Engine/EngineMaterials/Substrate/Glints2/dict_0007_0125" 10482
"/Engine/EngineMaterials/Substrate/Glints2/dict_0007_0135" 10483
"../../../Engine/Content/EngineMaterials/Substrate/Glints2/dict_0007_0136.uasset" 10484
"/Engine/EngineMaterials/Substrate/Glints2/dict_0007_0131" 10485
"/Engine/EngineMaterials/Substrate/Glints2/dict_0007_0130" 10486
"/Engine/EngineMaterials/Substrate/Glints2/dict_0007_0136" 10487
"../../../Engine/Content/EngineMaterials/Substrate/Glints2/dict_0007_0142.uasset" 10488
"../../../Engine/Content/EngineMaterials/Substrate/Glints2/dict_0007_0143.uasset" 10489
"../../../Engine/Content/EngineMaterials/Substrate/Glints2/dict_0007_0132.uasset" 10490
"../../../Engine/Content/EngineMaterials/Substrate/Glints2/dict_0007_0134.uasset" 10491
"../../../Engine/Content/EngineMaterials/Substrate/Glints2/dict_0007_0139.uasset" 10492
"../../../Engine/Content/EngineMaterials/Substrate/Glints2/dict_0007_0140.uasset" 10493
"../../../Engine/Content/EngineMaterials/Substrate/Glints2/dict_0007_0137.uasset" 10494
"../../../Engine/Content/EngineMaterials/Substrate/Glints2/dict_0007_0141.uasset" 10495
"../../../Engine/Content/EngineMaterials/Substrate/Glints2/dict_0007_0138.uasset" 10496
"../../../Engine/Content/EngineMaterials/Substrate/Glints2/dict_0007_0146.uasset" 10497
"../../../Engine/Content/EngineMaterials/Substrate/Glints2/dict_0007_0148.uasset" 10498
"/Engine/EngineMaterials/Substrate/Glints2/dict_0007_0141" 10499
"../../../Engine/Content/EngineMaterials/Substrate/Glints2/dict_0007_0147.uasset" 10500
"/Engine/EngineMaterials/Substrate/Glints2/dict_0007_0143" 10501
"/Engine/EngineMaterials/Substrate/Glints2/dict_0007_0140" 10502
"/Engine/EngineMaterials/Substrate/Glints2/dict_0007_0148" 10503
"/Engine/EngineMaterials/Substrate/Glints2/dict_0007_0139" 10504
"/Engine/EngineMaterials/Substrate/Glints2/dict_0007_0138" 10505
"/Engine/EngineMaterials/Substrate/Glints2/dict_0007_0137" 10506
"/Engine/EngineMaterials/Substrate/Glints2/dict_0007_0142" 10507
"/Engine/EngineMaterials/Substrate/Glints2/dict_0007_0146" 10508
"/Engine/EngineMaterials/Substrate/Glints2/dict_0007_0132" 10509
"/Engine/EngineMaterials/Substrate/Glints2/dict_0007_0134" 10510
"/Engine/EngineMaterials/Substrate/Glints2/dict_0007_0147" 10511
"../../../Engine/Content/EngineMaterials/Substrate/Glints2/dict_0007_0151.uasset" 10512
"../../../Engine/Content/EngineMaterials/Substrate/Glints2/dict_0007_0144.uasset" 10513
"../../../Engine/Content/EngineMaterials/Substrate/Glints2/dict_0007_0154.uasset" 10514
"../../../Engine/Content/EngineMaterials/Substrate/Glints2/dict_0007_0149.uasset" 10515
"../../../Engine/Content/EngineMaterials/Substrate/Glints2/dict_0007_0152.uasset" 10516
"../../../Engine/Content/EngineMaterials/Substrate/Glints2/dict_0007_0153.uasset" 10517
"../../../Engine/Content/EngineMaterials/Substrate/Glints2/dict_0007_0150.uasset" 10518
"../../../Engine/Content/EngineMaterials/Substrate/Glints2/dict_0007_0145.uasset" 10519
"../../../Engine/Content/EngineMaterials/Substrate/Glints2/dict_0007_0156.uasset" 10520
"../../../Engine/Content/EngineMaterials/Substrate/Glints2/dict_0007_0157.uasset" 10521
"../../../Engine/Content/EngineMaterials/Substrate/Glints2/dict_0007_0158.uasset" 10522
"/Engine/EngineMaterials/Substrate/Glints2/dict_0007_0153" 10523
"/Engine/EngineMaterials/Substrate/Glints2/dict_0007_0152" 10524
"/Engine/EngineMaterials/Substrate/Glints2/dict_0007_0151" 10525
"../../../Engine/Content/EngineMaterials/Substrate/Glints2/dict_0007_0163.uasset" 10526
"/Engine/EngineMaterials/Substrate/Glints2/dict_0007_0150" 10527
"../../../Engine/Content/EngineMaterials/Substrate/Glints2/dict_0007_0161.uasset" 10528
"../../../Engine/Content/EngineMaterials/Substrate/Glints2/dict_0007_0155.uasset" 10529
"/Engine/EngineMaterials/Substrate/Glints2/dict_0007_0149" 10530
"/Engine/EngineMaterials/Substrate/Glints2/dict_0007_0158" 10531
"/Engine/EngineMaterials/Substrate/Glints2/dict_0007_0154" 10532
"/Engine/EngineMaterials/Substrate/Glints2/dict_0007_0157" 10533
"/Engine/EngineMaterials/Substrate/Glints2/dict_0007_0156" 10534
"/Engine/EngineMaterials/Substrate/Glints2/dict_0007_0145" 10535
"/Engine/EngineMaterials/Substrate/Glints2/dict_0007_0144" 10536
"/Engine/EngineMaterials/Substrate/Glints2/dict_0007_0163" 10537
"/Engine/EngineMaterials/Substrate/Glints2/dict_0007_0161" 10538
"/Engine/EngineMaterials/Substrate/Glints2/dict_0007_0155" 10539
"../../../Engine/Content/EngineMaterials/Substrate/Glints2/dict_0007_0165.uasset" 10540
"../../../Engine/Content/EngineMaterials/Substrate/Glints2/dict_0007_0159.uasset" 10541
"../../../Engine/Content/EngineMaterials/Substrate/Glints2/dict_0007_0162.uasset" 10542
"../../../Engine/Content/EngineMaterials/Substrate/Glints2/dict_0006_0253.uasset" 10543
"../../../Engine/Content/EngineMaterials/Substrate/Glints2/dict_0007_0160.uasset" 10544
"../../../Engine/Content/EngineMaterials/Substrate/Glints2/dict_0007_0164.uasset" 10545
"/Engine/EngineMaterials/Substrate/Glints2/dict_0007_0165" 10546
"../../../Engine/Content/EngineMaterials/Substrate/Glints2/dict_0007_0166.uasset" 10547
"/Engine/EngineMaterials/Substrate/Glints2/dict_0007_0164" 10548
"../../../Engine/Content/EngineMaterials/Substrate/Glints2/dict_0007_0167.uasset" 10549
"/Engine/EngineMaterials/Substrate/Glints2/dict_0007_0162" 10550
"/Engine/EngineMaterials/Substrate/Glints2/dict_0007_0160" 10551
"/Engine/EngineMaterials/Substrate/Glints2/dict_0007_0159" 10552
"../../../Engine/Content/EngineMaterials/Substrate/Glints2/dict_0007_0171.uasset" 10553
"/Engine/EngineMaterials/Substrate/Glints2/dict_0006_0253" 10554
"../../../Engine/Content/EngineMaterials/Substrate/Glints2/dict_0007_0169.uasset" 10555
"/Engine/EngineMaterials/Substrate/Glints2/dict_0007_0166" 10556
"/Engine/EngineMaterials/Substrate/Glints2/dict_0007_0171" 10557
"/Engine/EngineMaterials/Substrate/Glints2/dict_0007_0169" 10558
"/Engine/EngineMaterials/Substrate/Glints2/dict_0007_0167" 10559
"../../../Engine/Content/EngineMaterials/Substrate/Glints2/dict_0007_0170.uasset" 10560
"../../../Engine/Content/EngineMaterials/Substrate/Glints2/dict_0007_0001.uasset" 10561
"../../../Engine/Content/EngineMaterials/Substrate/Glints2/dict_0007_0172.uasset" 10562
"../../../Engine/Content/EngineMaterials/Substrate/Glints2/dict_0007_0173.uasset" 10563
"../../../Engine/Content/EngineMaterials/Substrate/Glints2/dict_0007_0168.uasset" 10564
"../../../Engine/Content/EngineMaterials/Substrate/Glints2/dict_0007_0179.uasset" 10565
"../../../Engine/Content/EngineMaterials/Substrate/Glints2/dict_0007_0181.uasset" 10566
"../../../Engine/Content/EngineMaterials/Substrate/Glints2/dict_0007_0184.uasset" 10567
"/Engine/EngineMaterials/Substrate/Glints2/dict_0007_0001" 10568
"../../../Engine/Content/EngineMaterials/Substrate/Glints2/dict_0007_0175.uasset" 10569
"/Engine/EngineMaterials/Substrate/Glints2/dict_0007_0173" 10570
"../../../Engine/Content/EngineMaterials/Substrate/Glints2/dict_0007_0178.uasset" 10571
"../../../Engine/Content/EngineMaterials/Substrate/Glints2/dict_0007_0180.uasset" 10572
"../../../Engine/Content/EngineMaterials/Substrate/Glints2/dict_0007_0176.uasset" 10573
"/Engine/EngineMaterials/Substrate/Glints2/dict_0007_0184" 10574
"/Engine/EngineMaterials/Substrate/Glints2/dict_0007_0179" 10575
"/Engine/EngineMaterials/Substrate/Glints2/dict_0007_0172" 10576
"../../../Engine/Content/EngineMaterials/Substrate/Glints2/dict_0007_0183.uasset" 10577
"/Engine/EngineMaterials/Substrate/Glints2/dict_0007_0170" 10578
"/Engine/EngineMaterials/Substrate/Glints2/dict_0007_0181" 10579
"/Engine/EngineMaterials/Substrate/Glints2/dict_0007_0168" 10580
"/Engine/EngineMaterials/Substrate/Glints2/dict_0007_0176" 10581
"/Engine/EngineMaterials/Substrate/Glints2/dict_0007_0175" 10582
"/Engine/EngineMaterials/Substrate/Glints2/dict_0007_0180" 10583
"/Engine/EngineMaterials/Substrate/Glints2/dict_0007_0183" 10584
"../../../Engine/Content/EngineMaterials/Substrate/Glints2/dict_0007_0177.uasset" 10585
"/Engine/EngineMaterials/Substrate/Glints2/dict_0007_0178" 10586
"/Engine/EngineMaterials/Substrate/Glints2/dict_0007_0177" 10587
"../../../Engine/Content/EngineMaterials/Substrate/Glints2/dict_0007_0185.uasset" 10588
"../../../Engine/Content/EngineMaterials/Substrate/Glints2/dict_0007_0188.uasset" 10589
"../../../Engine/Content/EngineMaterials/Substrate/Glints2/dict_0007_0189.uasset" 10590
"../../../Engine/Content/EngineMaterials/Substrate/Glints2/dict_0007_0186.uasset" 10591
"../../../Engine/Content/EngineMaterials/Substrate/Glints2/dict_0007_0196.uasset" 10592
"../../../Engine/Content/EngineMaterials/Substrate/Glints2/dict_0007_0187.uasset" 10593
"../../../Engine/Content/EngineMaterials/Substrate/Glints2/dict_0007_0195.uasset" 10594
"../../../Engine/Content/EngineMaterials/Substrate/Glints2/dict_0007_0191.uasset" 10595
"/Engine/EngineMaterials/Substrate/Glints2/dict_0007_0186" 10596
"/Engine/EngineMaterials/Substrate/Glints2/dict_0007_0185" 10597
"../../../Engine/Content/EngineMaterials/Substrate/Glints2/dict_0007_0190.uasset" 10598
"/Engine/EngineMaterials/Substrate/Glints2/dict_0007_0196" 10599
"/Engine/EngineMaterials/Substrate/Glints2/dict_0007_0195" 10600
"/Engine/EngineMaterials/Substrate/Glints2/dict_0007_0189" 10601
"/Engine/EngineMaterials/Substrate/Glints2/dict_0007_0188" 10602
"../../../Engine/Content/EngineMaterials/Substrate/Glints2/dict_0007_0193.uasset" 10603
"/Engine/EngineMaterials/Substrate/Glints2/dict_0007_0191" 10604
"../../../Engine/Content/EngineMaterials/Substrate/Glints2/dict_0007_0192.uasset" 10605
"/Engine/EngineMaterials/Substrate/Glints2/dict_0007_0187" 10606
"/Engine/EngineMaterials/Substrate/Glints2/dict_0007_0190" 10607
"/Engine/EngineMaterials/Substrate/Glints2/dict_0007_0193" 10608
"../../../Engine/Content/EngineMaterials/Substrate/Glints2/dict_0007_0042.uasset" 10609
"/Engine/EngineMaterials/Substrate/Glints2/dict_0007_0192" 10610
"/Engine/EngineMaterials/Substrate/Glints2/dict_0007_0042" 10611
"../../../Engine/Content/EngineMaterials/Substrate/Glints2/dict_0007_0194.uasset" 10612
"/Engine/EngineMaterials/Substrate/Glints2/dict_0007_0194" 10613
"../../../Engine/Content/EngineMaterials/Substrate/Glints2/dict_0007_0197.uasset" 10614
"../../../Engine/Content/EngineMaterials/Substrate/Glints2/dict_0007_0058.uasset" 10615
"../../../Engine/Content/EngineMaterials/Substrate/Glints2/dict_0007_0202.uasset" 10616
"../../../Engine/Content/EngineMaterials/Substrate/Glints2/dict_0007_0199.uasset" 10617
"../../../Engine/Content/EngineMaterials/Substrate/Glints2/dict_0007_0200.uasset" 10618
"../../../Engine/Content/EngineMaterials/Substrate/Glints2/dict_0007_0198.uasset" 10619
"../../../Engine/Content/EngineMaterials/Substrate/Glints2/dict_0007_0201.uasset" 10620
"/Engine/EngineMaterials/Substrate/Glints2/dict_0007_0058" 10621
"/Engine/EngineMaterials/Substrate/Glints2/dict_0007_0202" 10622
"/Engine/EngineMaterials/Substrate/Glints2/dict_0007_0198" 10623
"../../../Engine/Content/EngineMaterials/Substrate/Glints2/dict_0007_0213.uasset" 10624
"/Engine/EngineMaterials/Substrate/Glints2/dict_0007_0197" 10625
"../../../Engine/Content/EngineMaterials/Substrate/Glints2/dict_0007_0208.uasset" 10626
"/Engine/EngineMaterials/Substrate/Glints2/dict_0007_0201" 10627
"/Engine/EngineMaterials/Substrate/Glints2/dict_0007_0200" 10628
"../../../Engine/Content/EngineMaterials/Substrate/Glints2/dict_0007_0205.uasset" 10629
"/Engine/EngineMaterials/Substrate/Glints2/dict_0007_0199" 10630
"../../../Engine/Content/EngineMaterials/Substrate/Glints2/dict_0007_0204.uasset" 10631
"/Engine/EngineMaterials/Substrate/Glints2/dict_0007_0204" 10632
"/Engine/EngineMaterials/Substrate/Glints2/dict_0007_0208" 10633
"/Engine/EngineMaterials/Substrate/Glints2/dict_0007_0213" 10634
"/Engine/EngineMaterials/Substrate/Glints2/dict_0007_0205" 10635
"../../../Engine/Content/EngineMaterials/Substrate/Glints2/dict_0007_0207.uasset" 10636
"../../../Engine/Content/EngineMaterials/Substrate/Glints2/dict_0007_0203.uasset" 10637
"../../../Engine/Content/EngineMaterials/Substrate/Glints2/dict_0007_0211.uasset" 10638
"../../../Engine/Content/EngineMaterials/Substrate/Glints2/dict_0007_0212.uasset" 10639
"../../../Engine/Content/EngineMaterials/Substrate/Glints2/dict_0007_0210.uasset" 10640
"../../../Engine/Content/EngineMaterials/Substrate/Glints2/dict_0007_0216.uasset" 10641
"../../../Engine/Content/EngineMaterials/Substrate/Glints2/dict_0007_0215.uasset" 10642
"../../../Engine/Content/EngineMaterials/Substrate/Glints2/dict_0007_0220.uasset" 10643
"../../../Engine/Content/EngineMaterials/Substrate/Glints2/dict_0007_0218.uasset" 10644
"../../../Engine/Content/EngineMaterials/Substrate/Glints2/dict_0007_0209.uasset" 10645
"/Engine/EngineMaterials/Substrate/Glints2/dict_0007_0203" 10646
"../../../Engine/Content/EngineMaterials/Substrate/Glints2/dict_0007_0219.uasset" 10647
"/Engine/EngineMaterials/Substrate/Glints2/dict_0007_0212" 10648
"/Engine/EngineMaterials/Substrate/Glints2/dict_0007_0211" 10649
"/Engine/EngineMaterials/Substrate/Glints2/dict_0007_0220" 10650
"../../../Engine/Content/EngineMaterials/Substrate/Glints2/dict_0007_0214.uasset" 10651
"/Engine/EngineMaterials/Substrate/Glints2/dict_0007_0210" 10652
"/Engine/EngineMaterials/Substrate/Glints2/dict_0007_0215" 10653
"/Engine/EngineMaterials/Substrate/Glints2/dict_0007_0207" 10654
"/Engine/EngineMaterials/Substrate/Glints2/dict_0007_0218" 10655
"/Engine/EngineMaterials/Substrate/Glints2/dict_0007_0216" 10656
"/Engine/EngineMaterials/Substrate/Glints2/dict_0007_0209" 10657
"../../../Engine/Content/EngineMaterials/Substrate/Glints2/dict_0007_0222.uasset" 10658
"/Engine/EngineMaterials/Substrate/Glints2/dict_0007_0219" 10659
"/Engine/EngineMaterials/Substrate/Glints2/dict_0007_0214" 10660
"../../../Engine/Content/EngineMaterials/Substrate/Glints2/dict_0007_0217.uasset" 10661
"/Engine/EngineMaterials/Substrate/Glints2/dict_0007_0222" 10662
"/Engine/EngineMaterials/Substrate/Glints2/dict_0007_0217" 10663
"../../../Engine/Content/EngineMaterials/Substrate/Glints2/dict_0007_0223.uasset" 10664
"../../../Engine/Content/EngineMaterials/Substrate/Glints2/dict_0007_0221.uasset" 10665
"../../../Engine/Content/EngineMaterials/Substrate/Glints2/dict_0007_0224.uasset" 10666
"../../../Engine/Content/EngineMaterials/Substrate/Glints2/dict_0007_0230.uasset" 10667
"../../../Engine/Content/EngineMaterials/Substrate/Glints2/dict_0007_0225.uasset" 10668
"../../../Engine/Content/EngineMaterials/Substrate/Glints2/dict_0007_0232.uasset" 10669
"../../../Engine/Content/EngineMaterials/Substrate/Glints2/dict_0007_0227.uasset" 10670
"../../../Engine/Content/EngineMaterials/Substrate/Glints2/dict_0007_0231.uasset" 10671
"../../../Engine/Content/EngineMaterials/Substrate/Glints2/dict_0007_0226.uasset" 10672
"../../../Engine/Content/EngineMaterials/Substrate/Glints2/dict_0007_0234.uasset" 10673
"/Engine/EngineMaterials/Substrate/Glints2/dict_0007_0224" 10674
"../../../Engine/Content/EngineMaterials/Substrate/Glints2/dict_0007_0235.uasset" 10675
"../../../Engine/Content/EngineMaterials/Substrate/Glints2/dict_0007_0236.uasset" 10676
"/Engine/EngineMaterials/Substrate/Glints2/dict_0007_0223" 10677
"/Engine/EngineMaterials/Substrate/Glints2/dict_0007_0221" 10678
"/Engine/EngineMaterials/Substrate/Glints2/dict_0007_0232" 10679
"../../../Engine/Content/EngineMaterials/Substrate/Glints2/dict_0007_0229.uasset" 10680
"/Engine/EngineMaterials/Substrate/Glints2/dict_0007_0227" 10681
"/Engine/EngineMaterials/Substrate/Glints2/dict_0007_0226" 10682
"/Engine/EngineMaterials/Substrate/Glints2/dict_0007_0231" 10683
"/Engine/EngineMaterials/Substrate/Glints2/dict_0007_0225" 10684
"/Engine/EngineMaterials/Substrate/Glints2/dict_0007_0230" 10685
"/Engine/EngineMaterials/Substrate/Glints2/dict_0007_0236" 10686
"/Engine/EngineMaterials/Substrate/Glints2/dict_0007_0235" 10687
"/Engine/EngineMaterials/Substrate/Glints2/dict_0007_0234" 10688
"/Engine/EngineMaterials/Substrate/Glints2/dict_0007_0229" 10689
"../../../Engine/Content/EngineMaterials/Substrate/Glints2/dict_0007_0233.uasset" 10690
"../../../Engine/Content/EngineMaterials/Substrate/Glints2/dict_0007_0242.uasset" 10691
"../../../Engine/Content/EngineMaterials/Substrate/Glints2/dict_0007_0237.uasset" 10692
"../../../Engine/Content/EngineMaterials/Substrate/Glints2/dict_0007_0244.uasset" 10693
"../../../Engine/Content/EngineMaterials/Substrate/Glints2/dict_0007_0245.uasset" 10694
"../../../Engine/Content/EngineMaterials/Substrate/Glints2/dict_0007_0239.uasset" 10695
"../../../Engine/Content/EngineMaterials/Substrate/Glints2/dict_0007_0238.uasset" 10696
"../../../Engine/Content/EngineMaterials/Substrate/Glints2/dict_0007_0240.uasset" 10697
"../../../Engine/Content/EngineMaterials/Substrate/Glints2/dict_0007_0247.uasset" 10698
"../../../Engine/Content/EngineMaterials/Substrate/Glints2/dict_0007_0241.uasset" 10699
"../../../Engine/Content/EngineMaterials/Substrate/Glints2/dict_0007_0252.uasset" 10700
"/Engine/EngineMaterials/Substrate/Glints2/dict_0007_0237" 10701
"/Engine/EngineMaterials/Substrate/Glints2/dict_0007_0242" 10702
"/Engine/EngineMaterials/Substrate/Glints2/dict_0007_0233" 10703
"/Engine/EngineMaterials/Substrate/Glints2/dict_0007_0240" 10704
"/Engine/EngineMaterials/Substrate/Glints2/dict_0007_0239" 10705
"/Engine/EngineMaterials/Substrate/Glints2/dict_0007_0241" 10706
"/Engine/EngineMaterials/Substrate/Glints2/dict_0007_0247" 10707
"/Engine/EngineMaterials/Substrate/Glints2/dict_0007_0238" 10708
"/Engine/EngineMaterials/Substrate/Glints2/dict_0007_0245" 10709
"/Engine/EngineMaterials/Substrate/Glints2/dict_0007_0244" 10710
"/Engine/EngineMaterials/Substrate/Glints2/dict_0007_0252" 10711
"../../../Engine/Content/EngineMaterials/Substrate/Glints2/dict_0007_0248.uasset" 10712
"../../../Engine/Content/EngineMaterials/Substrate/Glints2/dict_0007_0182.uasset" 10713
"/Engine/EngineMaterials/Substrate/Glints2/dict_0007_0248" 10714
"/Engine/EngineMaterials/Substrate/Glints2/dict_0007_0182" 10715
"../../../Engine/Content/EngineMaterials/Substrate/Glints2/dict_0007_0246.uasset" 10716
"../../../Engine/Content/EngineMaterials/Substrate/Glints2/dict_0007_0249.uasset" 10717
"/Engine/EngineMaterials/Substrate/Glints2/dict_0007_0246" 10718
"/Engine/EngineMaterials/Substrate/Glints2/dict_0007_0249" 10719
"../../../Engine/Content/EngineMaterials/Substrate/Glints2/dict_0007_0251.uasset" 10720
"../../../Engine/Content/EngineMaterials/Substrate/Glints2/dict_0007_0243.uasset" 10721
"../../../Engine/Content/EngineMaterials/Substrate/Glints2/dict_0007_0250.uasset" 10722
"../../../Engine/Content/EngineMaterials/Substrate/Glints2/dict_0007_0255.uasset" 10723
"../../../Engine/Content/EngineMaterials/Substrate/Volume/SubstrateSimpleVolumeLUT2D.uasset" 10724
"../../../Engine/Content/EngineMaterials/Substrate/Glints2/dict_0007_0253.uasset" 10725
"../../../Engine/Content/EngineMaterials/Substrate/Volume/SubstrateSimpleVolumeEnvLUT2D.uasset" 10726
"../../../Engine/Content/EngineMaterials/Substrate/Volume/SubstrateSimpleVolumeEnvLUT3D.uasset" 10727
"../../../Engine/Content/EngineMaterials/Substrate/Glints2/dict_0007_0254.uasset" 10728
"../../../Engine/Content/EngineMaterials/Substrate/Glints2/dict_0007_0174.uasset" 10729
"/Engine/EngineMaterials/Substrate/Glints2/dict_0007_0251" 10730
"/Engine/EngineMaterials/Substrate/Glints2/dict_0007_0255" 10731
"/Engine/EngineMaterials/Substrate/Glints2/dict_0007_0250" 10732
"../../../Engine/Content/EngineMaterials/Substrate/Glints2/AGlintTex2dArray2.uasset" 10733
"../../../Engine/Content/EngineMaterials/PPM_DefaultCalibrationGrayscale.uasset" 10734
"/Engine/EngineMaterials/Substrate/Glints2/dict_0007_0254" 10735
"/Engine/EngineMaterials/Substrate/Glints2/dict_0007_0253" 10736
"/Engine/EngineMaterials/Substrate/Volume/SubstrateSimpleVolumeEnvLUT3D" 10737
"/Engine/EngineMaterials/Substrate/Volume/SubstrateSimpleVolumeLUT2D" 10738
"/Engine/EngineMaterials/Substrate/Glints2/dict_0007_0243" 10739
"/Engine/EngineMaterials/Substrate/Glints2/dict_0007_0174" 10740
"../../../Engine/Content/EngineMaterials/Substrate/Volume/SubstrateSimpleVolumeLUT3D.uasset" 10741
"../../../Engine/Content/EngineMaterials/DefaultCalibrationColor.uasset" 10742
"../../../Engine/Content/EngineMaterials/PPM_DefaultCalibrationColor.uasset" 10743
"../../../Engine/Content/EngineMaterials/DefaultCalibrationGrayscale.uasset" 10744
"../../../Engine/Plugins/Interchange/Assets/Content/Functions/MX_Surface.uasset" 10745
"../../../Engine/Content/Functions/MaterialLayerFunctions/MatLayerBlend_OverrideOpacity.uasset" 10746
"../../../Engine/Content/Functions/Engine_MaterialFunctions03/Procedurals/HeightToNormalSmooth.uasset" 10747
"../../../Engine/Content/Functions/Engine_MaterialFunctions02/Utility/BlendAngleCorrectedNormals.uasset" 10748
"../../../Engine/Plugins/NNE/NNEDenoiser/Content/NNEDOM_Output_Alpha.uasset" 10749
"../../../Engine/Plugins/NNE/NNEDenoiser/Content/NNEDIM_HighQuality_Alpha.uasset" 10750
"../../../Engine/Plugins/Interchange/Assets/Content/Functions/MX_Displacement.uasset" 10751
"/InterchangeAssets/Functions/MX_Surface" 10752
"../../../Engine/Plugins/NNE/NNEDenoiser/Content/NNEDOM_Output_Default.uasset" 10753
"/Engine/EngineMaterials/PPM_DefaultCalibrationGrayscale" 10754
"../../../Engine/Plugins/NNE/NNEDenoiser/Content/NNEDIM_ColorAlbedoNormal_Default.uasset" 10755
"../../../Engine/Plugins/NNE/NNEDenoiser/Content/NNEDIM_HighQuality_Default.uasset" 10756
"/Engine/Functions/Engine_MaterialFunctions02/Utility/BlendAngleCorrectedNormals" 10757
"/Engine/EngineMaterials/PPM_DefaultCalibrationColor" 10758
"../../../Engine/Plugins/NNE/NNEDenoiser/Content/NNEDTOM_Output_Alpha.uasset" 10759
"/Engine/Functions/Engine_MaterialFunctions03/Procedurals/HeightToNormalSmooth" 10760
"/NNEDenoiser/NNEDOM_Output_Alpha" 10761
"/InterchangeAssets/Functions/MX_Displacement" 10762
"/Engine/EngineMaterials/Substrate/Volume/SubstrateSimpleVolumeLUT3D" 10763
"/NNEDenoiser/NNEDIM_HighQuality_Alpha" 10764
"/NNEDenoiser/NNEDTOM_Output_Alpha" 10765
"/NNEDenoiser/NNEDOM_Output_Default" 10766
"../../../Engine/Plugins/NNE/NNEDenoiser/Content/NNEDTIM_ColorAlbedoNormal_Alpha.uasset" 10767
"/NNEDenoiser/NNEDIM_HighQuality_Default" 10768
"/NNEDenoiser/NNEDIM_ColorAlbedoNormal_Default" 10769
"../../../Engine/Plugins/NNE/NNEDenoiser/Content/NNEDIM_ColorAlbedoNormal_Alpha.uasset" 10770
"../../../Engine/Plugins/NNE/NNEDenoiser/Content/NNEDTIM_ColorAlbedoNormal_Default.uasset" 10771
"/NNEDenoiser/NNEDIM_ColorAlbedoNormal_Alpha" 10772
"/NNEDenoiser/NNEDTIM_ColorAlbedoNormal_Alpha" 10773
"/NNEDenoiser/NNEDTIM_ColorAlbedoNormal_Default" 10774
"../../../Engine/Plugins/NNE/NNEDenoiser/Content/NNEDTOM_Output_Default.uasset" 10775
"../../../Engine/Plugins/NNE/NNEDenoiser/Content/NNEDT_Oidn2-3_Balanced.uasset" 10776
"../../../Engine/Plugins/NNE/NNEDenoiser/Content/NNED_Oidn2-3_HighQuality_Alpha.uasset" 10777
"../../../Engine/Plugins/NNE/NNEDenoiser/Content/NNED_Oidn2-3_Fast.uasset" 10778
"../../../Engine/Plugins/NNE/NNEDenoiser/Content/NNED_Oidn2-3_HighQuality.uasset" 10779
"../../../Engine/Content/EditorResources/BSPVertex.uasset" 10780
"../../../Engine/Content/EngineMaterials/DefaultBloomKernel.uasset" 10781
"/NNEDenoiser/NNEDTOM_Output_Default" 10782
"/NNEDenoiser/NNEDT_Oidn2-3_Balanced" 10783
"/Engine/EngineMaterials/DefaultBloomKernel" 10784
"/NNEDenoiser/NNED_Oidn2-3_HighQuality_Alpha" 10785
"../../../Engine/Plugins/NNE/NNEDenoiser/Content/NNEDT_Oidn2-3_Balanced_Alpha.uasset" 10786
"../../../Engine/Content/EngineDebugMaterials/DebugEditorMaterial.uasset" 10787
"/NNEDenoiser/NNED_Oidn2-3_HighQuality" 10788
"../../../Engine/Content/EngineMaterials/FastBlueNoise_scalar_128x128x64.uasset" 10789
"/NNEDenoiser/NNED_Oidn2-3_Fast" 10790
"/Engine/EditorResources/BSPVertex" 10791
"/Engine/EngineMaterials/FastBlueNoise_scalar_128x128x64" 10792
"/Engine/EngineDebugMaterials/DebugEditorMaterial" 10793
"/NNEDenoiser/NNEDT_Oidn2-3_Balanced_Alpha" 10794
"../../../Engine/Plugins/NNE/NNEDenoiser/Content/NNED_Oidn2-3_Balanced_Alpha.uasset" 10795
"../../../Engine/Content/EngineMaterials/FastBlueNoise_vec2_128x128x64.uasset" 10796
"../../../Engine/Plugins/NNE/NNEDenoiser/Content/NNED_Oidn2-3_Balanced.uasset" 10797
"../../../Engine/Plugins/NNE/NNEDenoiser/Content/NNED_Oidn2-3_Fast_Alpha.uasset" 10798
"../../../Engine/Plugins/NNE/NNEDenoiser/Content/NNE_oidn2-3-0_rt_hdr_alb_nrm_small__dyn__fp16_opset11_DenoiseAlpha.uasset" 10799
"../../../Engine/Content/EngineSounds/Master.uasset" 10800
"../../../Engine/Plugins/NNE/NNEDenoiser/Content/NNE_oidn2-3-0_rt_hdr_alb_nrm__dyn__fp16_opset11_DenoiseAlpha.uasset" 10801
"../../../Engine/Plugins/NNE/NNEDenoiser/Content/NNE_oidn2-3-0_rt_hdr_alb_nrm_small__dyn__fp16_opset11_ForwardAlpha.uasset" 10802
"../../../Engine/Content/EngineResources/FilmGrains/Marcie_Grain_v3_128_M2_000.uasset" 10803
"/Engine/EngineResources/FilmGrains/Marcie_Grain_v3_128_M2_000" 10804
"/Engine/EngineSounds/Master" 10805
"/NNEDenoiser/NNE_oidn2-3-0_rt_hdr_alb_nrm__dyn__fp16_opset11_DenoiseAlpha" 10806
"../../../Engine/Plugins/NNE/NNEDenoiser/Content/NNE_oidn2-3-0_rt_hdr_alb_nrm__dyn__fp16_opset11_ForwardAlpha.uasset" 10807
"/NNEDenoiser/NNE_oidn2-3-0_rt_hdr_alb_nrm_small__dyn__fp16_opset11_ForwardAlpha" 10808
"../../../Engine/Plugins/NNE/NNEDenoiser/Content/NNE_oidn2-3-0_rt_hdr_calb_cnrm_large__dyn__fp16_opset11_DenoiseAlpha.uasset" 10809
"../../../Engine/Plugins/NNE/NNEDenoiser/Content/NNE_oidn2-3-0_rt_hdr_calb_cnrm_large__dyn__fp16_opset11_ForwardAlpha.uasset" 10810
"/NNEDenoiser/NNE_oidn2-3-0_rt_hdr_alb_nrm_small__dyn__fp16_opset11_DenoiseAlpha" 10811
"/NNEDenoiser/NNED_Oidn2-3_Fast_Alpha" 10812
"/Engine/EngineMaterials/FastBlueNoise_vec2_128x128x64" 10813
"../../../Engine/Content/EngineMaterials/EnergyConservation/Sheen_Energy.uasset" 10814
"/NNEDenoiser/NNED_Oidn2-3_Balanced_Alpha" 10815
"../../../Engine/Content/EngineResources/Development/ZenLogo_64.uasset" 10816
"/NNEDenoiser/NNED_Oidn2-3_Balanced" 10817
"../../../Engine/Content/EngineMaterials/Substrate/Glints2/dict_0007_0014.uasset" 10818
"/NNEDenoiser/NNE_oidn2-3-0_rt_hdr_calb_cnrm_large__dyn__fp16_opset11_DenoiseAlpha" 10819
"../../../Engine/Plugins/Interchange/Runtime/Content/Pipelines/DefaultAssetsPipeline.uasset" 10820
"../../../Engine/Content/EngineMaterials/LTC/Sheen_LTC.uasset" 10821
"../../../Engine/Content/EngineMaterials/FastBlueNoise_scalar_128x128x8.uasset" 10822
"../../../Engine/Content/EngineMaterials/EnergyConservation/Diffuse_Energy.uasset" 10823
"../../../Engine/Plugins/Interchange/Runtime/Content/Pipelines/DefaultTexturePipeline.uasset" 10824
"../../../Engine/Plugins/Interchange/Runtime/Content/Pipelines/DefaultMaterialPipeline.uasset" 10825
"../../../Engine/Plugins/Interchange/Runtime/Content/Pipelines/DefaultGLTFAssetsPipeline.uasset" 10826
"../../../Engine/Plugins/Interchange/Runtime/Content/Pipelines/DefaultMaterialXPipeline.uasset" 10827
"../../../Engine/Plugins/Interchange/Runtime/Content/Pipelines/DefaultGLTFPipeline.uasset" 10828
"../../../Engine/Plugins/Interchange/Runtime/Content/Pipelines/DefaultGLTFSceneAssetsPipeline.uasset" 10829
"../../../Engine/Plugins/Interchange/Runtime/Content/Pipelines/DefaultSceneLevelPipeline.uasset" 10830
"../../../Engine/Content/EngineMaterials/Substrate/Glints2/dict_0007_0228.uasset" 10831
"../../../Engine/Plugins/Interchange/Runtime/Content/Pipelines/DefaultSceneAssetsPipeline.uasset" 10832
"../../../Engine/Plugins/Interchange/Assets/Content/Functions/MX_OrenNayarBSDF.uasset" 10833
"../../../Engine/Plugins/Interchange/Assets/Content/Functions/MX_SurfaceUnlit.uasset" 10834
"../../../Engine/Plugins/Interchange/Assets/Content/Functions/MX_UsdPreviewSurface.uasset" 10835
"../../../Engine/Plugins/Interchange/Assets/Content/Functions/MX_BurleyDiffuseBSDF.uasset" 10836
"../../../Engine/Content/EngineMaterials/Substrate/Glints2/dict_0006_0034.uasset" 10837
"../../../Engine/Content/EngineMaterials/Substrate/Glints2/dict_0005_0210.uasset" 10838
"../../../Engine/Content/EngineMaterials/Substrate/Glints2/dict_0007_0094.uasset" 10839
"../../../Engine/Content/EngineMaterials/Substrate/Glints2/dict_0004_0245.uasset" 10840
"/NNEDenoiser/NNE_oidn2-3-0_rt_hdr_alb_nrm__dyn__fp16_opset11_ForwardAlpha" 10841
"/Engine/EngineResources/Development/ZenLogo_64" 10842
"/Engine/EngineMaterials/Substrate/Glints2/dict_0007_0014" 10843
"/Engine/EngineMaterials/EnergyConservation/Sheen_Energy" 10844
"/NNEDenoiser/NNE_oidn2-3-0_rt_hdr_calb_cnrm_large__dyn__fp16_opset11_ForwardAlpha" 10845
"../../../Engine/Content/EngineMaterials/Substrate/Glints2/dict_0006_0130.uasset" 10846
"../../../Engine/Content/EngineMaterials/Substrate/Glints2/dict_0007_0082.uasset" 10847
"/Engine/EngineMaterials/Substrate/Glints2/dict_0007_0228" 10848
"/Interchange/Pipelines/DefaultAssetsPipeline" 10849
"/InterchangeAssets/Functions/MX_BurleyDiffuseBSDF" 10850
"../../../Engine/Plugins/Interchange/Assets/Content/Functions/MX_DielectricBSDF.uasset" 10851
"../../../Engine/Content/EngineMaterials/Substrate/Glints2/dict_0005_0074.uasset" 10852
"../../../Engine/Plugins/Interchange/Assets/Content/Functions/MX_SubsurfaceBSDF.uasset" 10853
"../../../Engine/Plugins/Interchange/Assets/Content/Functions/MX_SheenBSDF.uasset" 10854
"../../../Engine/Plugins/Interchange/Assets/Content/Functions/MX_GeneralizedSchlickBSDF.uasset" 10855
"../../../Engine/Plugins/Interchange/Assets/Content/Functions/MX_ConductorBSDF.uasset" 10856
"../../../Engine/Plugins/Interchange/Assets/Content/Functions/MX_TranslucentBSDF.uasset" 10857
"../../../Engine/Content/EngineMaterials/Substrate/Glints2/dict_0007_0206.uasset" 10858
"C:/Users/marco/Documents/Unreal Projects/Propulsive_Momentum/Intermediate/ORTOptimizerPass_Optimized04BCF8374BCD331832BBF18B36375D9D.onnx" 10859
"C:/Users/marco/Documents/Unreal Projects/Propulsive_Momentum/Intermediate/ORTOptimizerPass_Optimized63398E2D48652C9DC499F58D010D1D3E.onnx" 10860
"C:/Users/marco/Documents/Unreal Projects/Propulsive_Momentum/Intermediate/ORTOptimizerPass_OptimizedBC39562B45547AF1DFAB4E848D9EA387.onnx" 10861
"C:/Users/marco/Documents/Unreal Projects/Propulsive_Momentum/Intermediate/ORTOptimizerPass_Optimized118EC3444B038D0EA118F6A244A4698F.onnx" 10862
"C:/Users/marco/Documents/Unreal Projects/Propulsive_Momentum/Intermediate/ORTOptimizerPass_Optimized352509C445A693146424C7B4863E4068.onnx" 10863
"C:/Users/marco/Documents/Unreal Projects/Propulsive_Momentum/Intermediate/ORTOptimizerPass_Optimized7D80CCDA4A29E6C9A8D9C9B35489CA6A.onnx" 10864
"C:/Users/marco/Documents/Unreal Projects/Propulsive_Momentum/Intermediate/ORTOptimizerPass_Optimized2940B4444D335C78D6308CBC9C9F7BAE.onnx" 10865
"C:/Users/marco/Documents/Unreal Projects/Propulsive_Momentum/Intermediate/ORTOptimizerPass_Optimized4D3BFCEE49F6EF4893B28DB7C701E7D2.onnx" 10866
"C:/Users/marco/Documents/Unreal Projects/Propulsive_Momentum/Intermediate/ORTOptimizerPass_Optimized62B9C40444FEA4979F5EAB86F5925B2E.onnx" 10867
"C:/Users/marco/Documents/Unreal Projects/Propulsive_Momentum/Intermediate/ORTOptimizerPass_Optimized15265CBA48D8206437F8559904109F9B.onnx" 10868
"C:/Users/marco/Documents/Unreal Projects/Propulsive_Momentum/Intermediate/ORTOptimizerPass_Optimized1A49C0A24D636234A3D94EA401E288D5.onnx" 10869
"C:/Users/marco/Documents/Unreal Projects/Propulsive_Momentum/Intermediate/ORTOptimizerPass_OptimizedB9E225D24EFA88F5BBC15A9AD8428B09.onnx" 10870
"/Interchange/Pipelines/DefaultGLTFPipeline" 10871
"/InterchangeAssets/Functions/MX_OrenNayarBSDF" 10872
"/Interchange/Pipelines/DefaultGLTFAssetsPipeline" 10873
"/Engine/EngineMaterials/Substrate/Glints2/dict_0005_0210" 10874
"/Engine/EngineMaterials/EnergyConservation/Diffuse_Energy" 10875
"/InterchangeAssets/Functions/MX_UsdPreviewSurface" 10876
"/Engine/EngineMaterials/Substrate/Glints2/dict_0006_0130" 10877
"/InterchangeAssets/Functions/MX_SurfaceUnlit" 10878
"/Interchange/Pipelines/DefaultGLTFSceneAssetsPipeline" 10879
"/Engine/EngineMaterials/Substrate/Glints2/dict_0006_0034" 10880
"/Engine/EngineMaterials/LTC/Sheen_LTC" 10881
"/Interchange/Pipelines/DefaultSceneLevelPipeline" 10882
"/Interchange/Pipelines/DefaultSceneAssetsPipeline" 10883
"/Engine/EngineMaterials/FastBlueNoise_scalar_128x128x8" 10884
"/Engine/EngineMaterials/Substrate/Glints2/dict_0007_0094" 10885
"/Interchange/Pipelines/DefaultTexturePipeline" 10886
"/Interchange/Pipelines/DefaultMaterialPipeline" 10887
"/Engine/EngineMaterials/Substrate/Glints2/dict_0007_0082" 10888
"/Engine/EngineMaterials/Substrate/Glints2/dict_0004_0245" 10889
"/Interchange/Pipelines/DefaultMaterialXPipeline" 10890
"/InterchangeAssets/Functions/MX_SheenBSDF" 10891
"/InterchangeAssets/Functions/MX_SubsurfaceBSDF" 10892
"../../../Engine/Plugins/Interchange/Assets/Content/Functions/MX_UniformEDF.uasset" 10893
"../../../Engine/Plugins/Interchange/Assets/Content/Functions/MX_AnisotropicVDF.uasset" 10894
"../../../Engine/Plugins/Interchange/Assets/Content/Functions/MX_MeasuredEDF.uasset" 10895
"../../../Engine/Plugins/Interchange/Assets/Content/Functions/MX_ThinFilmBSDF.uasset" 10896
"../../../Engine/Plugins/Interchange/Assets/Content/Functions/MX_ConicalEDF.uasset" 10897
"../../../Engine/Plugins/Animation/ControlRig/Content/Controls/ControlRigGizmoMaterial.uasset" 10898
"../../../Engine/Plugins/Interchange/Assets/Content/Functions/MX_AbsorptionVDF.uasset" 10899
"/InterchangeAssets/Functions/MX_GeneralizedSchlickBSDF" 10900
"/Engine/EngineMaterials/Substrate/Glints2/dict_0005_0074" 10901
"/InterchangeAssets/Functions/MX_ConductorBSDF" 10902
"/InterchangeAssets/Functions/MX_DielectricBSDF" 10903
"/Engine/EngineMaterials/Substrate/Glints2/dict_0007_0206" 10904
"/InterchangeAssets/Functions/MX_TranslucentBSDF" 10905
"/Engine/EngineMaterials/Substrate/Glints2/AGlintTex2dArray2" 10906
"/ControlRig/Controls/ControlRigGizmoMaterial" 10907
"/InterchangeAssets/Functions/MX_AnisotropicVDF" 10908
"/InterchangeAssets/Functions/MX_AbsorptionVDF" 10909
"/InterchangeAssets/Functions/MX_MeasuredEDF" 10910
"/InterchangeAssets/Functions/MX_ConicalEDF" 10911
"/InterchangeAssets/Functions/MX_UniformEDF" 10912
"/InterchangeAssets/Functions/MX_ThinFilmBSDF" 10913
"C:/Users/marco/AppData/Local/Temp/UnrealShaderWorkingDir/F392CB9F41CCB5C5E6CC8BA6A54AF452/0/WorkerOutputOnly.out" 10914
"C:/Users/marco/AppData/Local/Temp/UnrealShaderWorkingDir/F392CB9F41CCB5C5E6CC8BA6A54AF452/1/WorkerOutputOnly.out" 10915
"C:/Users/marco/AppData/Local/Temp/UnrealShaderWorkingDir/F392CB9F41CCB5C5E6CC8BA6A54AF452/2/WorkerOutputOnly.out" 10916
"C:/Users/marco/Documents/Unreal Projects/Propulsive_Momentum/Saved/Cooked/Windows/Propulsive_Momentum/Metadata/CookedSettings.txt" 10917
